system,metric,mean,ci95,n_seeds
full,acceptance_A,0.9967479674796748,0.013992366600637872,3
full,acceptance_B,0.9642247639796659,0.028520439691518695,3
full,acceptance_C,0.8199054971922491,0.04906009581540057,3
full,acceptance_prio_critical,0.9710527397541826,0.033838515449784286,3
full,acceptance_prio_high,0.8746762134805612,0.032740704933214036,3
full,acceptance_prio_low,0.9798615664533691,0.0635778530575347,3
full,acceptance_prio_normal,0.9197649119007384,0.033960784902195756,3
full,acceptance_rate,0.92,0.015110419792948426,3
full,cache_hit_first_quarter,0.885306846386408,0.01458504198340242,3
full,cache_hit_last_quarter,0.91007916058626,0.02094397138026013,3
full,cache_hit_rate,0.9056666666666667,0.0037945830335497396,3
full,cache_hit_shared_rate,0.7800000000000001,0.025935159120695755,3
full,cache_hit_translation_acc,0.8943733391145621,0.020740003189184817,3
full,cache_miss_first_quarter,0.11469315361359206,0.01458504198340239,3
full,cache_miss_last_quarter,0.08992083941374002,0.020943971380260145,3
full,calls_llm_cached_disk,0.0,0.0,3
full,calls_llm_cached_disk_per_req,0.0,0.0,3
full,calls_llm_error,0.0,0.0,3
full,calls_llm_error_per_req,0.0,0.0,3
full,calls_llm_fresh,117.66666666666667,16.90917584961317,3
full,calls_llm_fresh_per_req,0.11766666666666666,0.016909175849613167,3
full,calls_slm_cached_disk,1.6666666666666667,3.794583033549736,3
full,calls_slm_cached_disk_per_req,0.0016666666666666668,0.003794583033549736,3
full,calls_slm_error,0.0,0.0,3
full,calls_slm_error_per_req,0.0,0.0,3
full,calls_slm_fresh,124.66666666666667,18.809587177601763,3
full,calls_slm_fresh_per_req,0.12466666666666666,0.01880958717760176,3
full,completed_correct_rate,0.7893333333333334,0.029947342199618945,3
full,completion_A,0.9785277214209755,0.027607458104308404,3
full,completion_B,0.9128976034858388,0.045269408259820516,3
full,completion_C,0.7999397449773485,0.025315962682902447,3
full,completion_rate,0.887,0.02235723940547593,3
full,cross_zone_share,0.1463253877558985,0.034652079431846255,3
full,degradations,43.333333333333336,23.081547494581685,3
full,degrade_mean_level,0.5852850758221603,0.14654173471208845,3
full,degrade_per_100req,4.333333333333333,2.3081547494581685,3
full,energy_kwh_alloc_share,79.28732361835738,25.39672347921002,3
full,escalation_rate,0.37600000000000006,0.05345227122465881,3
full,escalation_success,0.7867602922250064,0.04971275949654692,3
full,fail_node_loss,0.3333333333333333,1.4342175765653808,3
full,fail_preempt_unmigrated,32.666666666666664,28.791716915502217,3
full,fail_rate_after_accept,0.03583784467884247,0.030017197273769638,3
full,failure_recovery_rate,0.9777777777777779,0.0956145051043587,3
full,fresh_calls_per_req,0.24233333333333332,0.03516027608273821,3
full,fresh_tokens_per_req,191.854,27.983144908534587,3
full,interrupted_but_completed,88.66666666666667,16.90917584961317,3
full,interrupted_services,121.66666666666667,12.503218958596605,3
full,inv_per_req_first_quarter,0.16882412705006597,0.05694567724046927,3
full,inv_per_req_last_quarter,0.26633443063463347,0.017446528281853505,3
full,inv_per_req_slope_per_bin,0.008395778077473645,0.0020383080061559494,3
full,invocations_per_req,0.244,0.034777927964073634,3
full,lat_cache_vs_slm_translation_a_mean,7.4781270400324145,0.05325113566633443,3
full,lat_cache_vs_slm_translation_a_p95,9.534409735351801,0.030317910466265984,3
full,lat_cache_vs_slm_translation_b_mean,309.03929760450336,7.400308982883859,3
full,lat_cache_vs_slm_translation_b_p95,336.9602703071882,1.8573081580245503,3
full,lat_cross_zone_mean,0.8188512288567438,0.16396107557655923,3
full,lat_decision_mean,67.81472653144665,9.100015187355961,3
full,lat_deployment_mean,1689.4040646760589,200.29423213441262,3
full,lat_escalation_mean,20.006469415768162,3.645804685031494,3
full,lat_memory_vs_llm_decision_a_mean,0.06920778349094778,0.004058660623760635,3
full,lat_memory_vs_llm_decision_a_p95,0.13900925405323503,0.005917685162903242,3
full,lat_memory_vs_llm_decision_b_mean,716.82427421582,5.6271090173112395,3
full,lat_memory_vs_llm_decision_b_p95,796.4099690428874,25.453794600952556,3
full,lat_setup_mean,125.72410710750353,14.114277122064683,3
full,lat_setup_p50,9.422733284533024,0.8492736353577541,3
full,lat_setup_p95,791.0104687426037,20.30781838002172,3
full,lat_total_mean,1815.1281717835627,191.71233705618326,3
full,lat_total_p50,1547.3653225121586,233.63471665044636,3
full,lat_total_p95,4143.23356477259,272.5849969411763,3
full,lat_translation_mean,36.084059931431966,1.3752170050474208,3
full,lat_transport_in_mean,1.0,0.0,3
full,lat_zone_vs_cross_zone_a_mean,1862.0925509025437,165.7532006801856,3
full,lat_zone_vs_cross_zone_a_p95,4145.292527773018,295.5868119795119,3
full,lat_zone_vs_cross_zone_b_mean,1545.6657543557512,403.42098741949815,3
full,lat_zone_vs_cross_zone_b_p95,3958.840027228585,859.4761172158387,3
full,llm_invocations_per_req,0.11766666666666666,0.016909175849613167,3
full,llm_per_escalation,0.26632546302204924,0.025994736648114154,3
full,llm_per_escalation_busy_first_half,0.3190324478137601,0.07425406532087869,3
full,llm_per_escalation_busy_second_half,0.227994341886395,0.04612165072131962,3
full,llm_per_escalation_first_quarter,0.8333333333333333,2.1177007894053492,2
full,llm_per_escalation_last_quarter,0.21008288488670854,0.07382020925548016,3
full,llm_per_escalation_slope_per_bin,-0.013599043580317516,0.002260173671975232,3
full,llm_per_req_first_quarter,0.007420834985554864,0.01789806740994025,3
full,llm_per_req_last_quarter,0.1474773817573006,0.029385600775896588,3
full,llm_stage_rate,0.08733333333333333,0.0125032189585966,3
full,locality_violation_rate,0.014860650784628386,0.0043038795042172106,3
full,memory_share_of_escalations,0.4761483529272926,0.010034142962368825,3
full,n_requests,1000.0,0.0,3
full,new_type_acceptance,0.969173137905746,0.06411406970841192,3
full,new_type_requests,64.0,10.828105247223876,3
full,new_type_type_acc,0.267856914707408,0.2588227328093732,3
full,node_failures,3.0,0.0,3
full,path_digest_share,0.03,0.021513263648480708,3
full,path_episodic_share,0.17699999999999996,0.02369716344927461,3
full,path_llm_degraded_share,0.03133333333333333,0.010342290024956353,3
full,path_llm_share,0.001,0.0,1
full,path_local_share,0.624,0.05345227122465881,3
full,path_preempt_local_share,0.05533333333333334,0.0037945830335497388,3
full,path_preempt_share,,,0
full,path_procedural_share,0.003,0.0,2
full,path_unresolved_share,0.08,0.015110419792948407,3
full,placement_share_cv,0.6913204031151512,0.04205499167742327,3
full,preempt_per_100req,14.433333333333332,2.879171691550223,3
full,preempt_victim_migrated_rate,0.5783725456063061,0.04665579837409331,3
full,preempt_victims_lost,32.666666666666664,28.791716915502217,3
full,preempt_victims_migrated,83.33333333333333,10.039523035957666,3
full,preemptions,144.33333333333334,28.791716915502217,3
full,rejection_rate,0.08,0.015110419792948407,3
full,replans_after_failure,14.0,14.904826270317274,3
full,shadow_checks,32.0,15.51343503743454,3
full,shadow_disagree_rate,0.14898781134075254,0.15681168424719966,3
full,slm_invocations_per_req,0.12633333333333333,0.017970694726077374,3
full,tokens_llm_in_per_req,122.56533333333334,18.600590418361787,3
full,tokens_llm_out_per_req,3.9886666666666666,0.5200240351601975,3
full,tokens_nonrequest_total,497.6666666666667,257.3131828578416,3
full,tokens_per_req_all,192.72533333333334,28.259221346261732,3
full,tokens_slm_in_per_req,60.74966666666666,8.699984152872483,3
full,tokens_slm_out_per_req,4.924,0.7658399555992758,3
full,tokens_total,192725.33333333334,28259.221346261755,3
full,translation_full_acc,0.6363333333333333,0.11417128632348647,3
full,translation_service_type_acc,0.884,0.011383749100649217,3
full,util_var_nodes_mean,0.025539429094965056,0.01115729952425318,3
full,util_var_zones_mean,0.005316953429376713,0.0038105646485778527,3
no_memory,acceptance_A,0.9967479674796748,0.013992366600637872,3
no_memory,acceptance_B,0.9635275962236748,0.039951803409623614,3
no_memory,acceptance_C,0.8199685174021486,0.05337810502513017,3
no_memory,acceptance_prio_critical,0.9712706046779299,0.05838231439795413,3
no_memory,acceptance_prio_high,0.8861300897170462,0.0199816220439883,3
no_memory,acceptance_prio_low,0.9727109933559664,0.0482380155832551,3
no_memory,acceptance_prio_normal,0.9121321479425456,0.038365010271460186,3
no_memory,acceptance_rate,0.9196666666666667,0.02007904607191535,3
no_memory,cache_hit_first_quarter,0.885306846386408,0.01458504198340242,3
no_memory,cache_hit_last_quarter,0.91007916058626,0.02094397138026013,3
no_memory,cache_hit_rate,0.9056666666666667,0.0037945830335497396,3
no_memory,cache_hit_shared_rate,0.7800000000000001,0.025935159120695755,3
no_memory,cache_hit_translation_acc,0.8943733391145621,0.020740003189184817,3
no_memory,cache_miss_first_quarter,0.11469315361359206,0.01458504198340239,3
no_memory,cache_miss_last_quarter,0.08992083941374002,0.020943971380260145,3
no_memory,calls_llm_cached_disk,3.0,2.4841377117195456,3
no_memory,calls_llm_cached_disk_per_req,0.0030000000000000005,0.0024841377117195457,3
no_memory,calls_llm_error,0.0,0.0,3
no_memory,calls_llm_error_per_req,0.0,0.0,3
no_memory,calls_llm_fresh,393.0,61.504360208789805,3
no_memory,calls_llm_fresh_per_req,0.393,0.061504360208789785,3
no_memory,calls_slm_cached_disk,1.6666666666666667,3.794583033549736,3
no_memory,calls_slm_cached_disk_per_req,0.0016666666666666668,0.003794583033549736,3
no_memory,calls_slm_error,0.0,0.0,3
no_memory,calls_slm_error_per_req,0.0,0.0,3
no_memory,calls_slm_fresh,124.66666666666667,18.809587177601763,3
no_memory,calls_slm_fresh_per_req,0.12466666666666666,0.01880958717760176,3
no_memory,completed_correct_rate,0.7930000000000001,0.038564187806301886,3
no_memory,completion_A,0.9893328212215214,0.008555893995342019,3
no_memory,completion_B,0.9145679012345679,0.05260725680032184,3
no_memory,completion_C,0.8072154882915313,0.04867790234883932,3
no_memory,completion_rate,0.8926666666666666,0.031454847120640825,3
no_memory,cross_zone_share,0.1329710355490129,0.020435258050723205,3
no_memory,degradations,67.33333333333333,20.232128690004068,3
no_memory,degrade_mean_level,0.6041967439972855,0.024163795681851535,3
no_memory,degrade_per_100req,6.733333333333333,2.0232128690004068,3
no_memory,energy_kwh_alloc_share,78.30490639561712,29.954271222443953,3
no_memory,escalation_rate,0.3753333333333333,0.04582768418897673,3
no_memory,escalation_success,0.7860365450205609,0.04378541590876824,3
no_memory,fail_node_loss,1.0,2.4841377117195456,3
no_memory,fail_preempt_unmigrated,26.0,17.38896398203682,3
no_memory,fail_rate_after_accept,0.029380349155716936,0.0179448810375856,3
no_memory,failure_recovery_rate,0.9380116959064327,0.1668280320430199,3
no_memory,fresh_calls_per_req,0.5176666666666666,0.07674069261472657,3
no_memory,fresh_tokens_per_req,374.86899999999997,72.2751012387192,3
no_memory,interrupted_but_completed,84.66666666666667,2.8684351531307617,3
no_memory,interrupted_services,111.66666666666667,16.90917584961317,3
no_memory,inv_per_req_first_quarter,0.20119219584961953,0.07595298744731856,3
no_memory,inv_per_req_last_quarter,0.6514731190187579,0.12444921840002802,3
no_memory,inv_per_req_slope_per_bin,0.028355493423305067,0.006222565016034601,3
no_memory,invocations_per_req,0.5223333333333334,0.07239603017469459,3
no_memory,lat_cache_vs_slm_translation_a_mean,7.46290099981326,0.08281281288438655,3
no_memory,lat_cache_vs_slm_translation_a_p95,9.532929630950093,0.2144118699060619,3
no_memory,lat_cache_vs_slm_translation_b_mean,310.0930054261261,6.246448740847162,3
no_memory,lat_cache_vs_slm_translation_b_p95,337.00255546600124,4.628675310558554,3
no_memory,lat_cross_zone_mean,0.6605653028980802,0.10952454151872029,3
no_memory,lat_decision_mean,227.17709977592497,30.456609221971558,3
no_memory,lat_deployment_mean,1706.406863690095,129.21826008169484,3
no_memory,lat_escalation_mean,20.50265297539379,2.0865109680546206,3
no_memory,lat_memory_vs_llm_decision_a_mean,,,0
no_memory,lat_memory_vs_llm_decision_a_p95,,,0
no_memory,lat_memory_vs_llm_decision_b_mean,712.9704199580083,1.6395885109843622,3
no_memory,lat_memory_vs_llm_decision_b_p95,790.9551497280598,21.203612328369367,3
no_memory,lat_setup_mean,285.7519796800206,35.776241493397805,3
no_memory,lat_setup_p50,9.304033117989698,0.48784286864244214,3
no_memory,lat_setup_p95,861.5069328974487,12.584734487998027,3
no_memory,lat_total_mean,1992.1588433701156,111.45064616028289,3
no_memory,lat_total_p50,1693.7260968345188,159.4231431551567,3
no_memory,lat_total_p95,4223.501397211334,231.26024547266607,3
no_memory,lat_translation_mean,36.41166162580379,4.316577116181074,3
no_memory,lat_transport_in_mean,1.0,0.0,3
no_memory,lat_zone_vs_cross_zone_a_mean,1963.7162427237843,120.78013107816247,3
no_memory,lat_zone_vs_cross_zone_a_p95,4193.962409414125,324.76820386273135,3
no_memory,lat_zone_vs_cross_zone_b_mean,2181.0918438731655,294.9472415472251,3
no_memory,lat_zone_vs_cross_zone_b_p95,4365.061551966049,369.6279776334541,3
no_memory,llm_invocations_per_req,0.39599999999999996,0.059671035507557806,3
no_memory,llm_per_escalation,0.8706436582432632,0.05823527761011464,3
no_memory,llm_per_escalation_busy_first_half,0.9475724180427427,0.14602111169623286,3
no_memory,llm_per_escalation_busy_second_half,0.75982239549491,0.03896041108462562,3
no_memory,llm_per_escalation_first_quarter,1.0,0.0,2
no_memory,llm_per_escalation_last_quarter,0.75982239549491,0.03896041108462562,3
no_memory,llm_per_escalation_slope_per_bin,-0.03208916092654295,0.0358909536152852,3
no_memory,llm_per_req_first_quarter,0.039788903785108395,0.05603196411377442,3
no_memory,llm_per_req_last_quarter,0.5326160701414251,0.09367535854491359,3
no_memory,llm_stage_rate,0.293,0.0382428139717329,3
no_memory,locality_violation_rate,0.012671980494188434,0.007550991748141986,3
no_memory,memory_share_of_escalations,0.0,0.0,3
no_memory,n_requests,1000.0,0.0,3
no_memory,new_type_acceptance,0.9641226328552411,0.08583215973289207,3
no_memory,new_type_requests,64.0,10.828105247223876,3
no_memory,new_type_type_acc,0.267856914707408,0.2588227328093732,3
no_memory,node_failures,3.0,0.0,3
no_memory,path_digest_share,0.002,0.0,3
no_memory,path_episodic_share,,,0
no_memory,path_llm_degraded_share,0.06733333333333334,0.020232128690004056,3
no_memory,path_llm_share,0.09566666666666668,0.03619801508734726,3
no_memory,path_local_share,0.6246666666666667,0.04582768418897673,3
no_memory,path_preempt_local_share,0.12933333333333333,0.04418228235419363,3
no_memory,path_preempt_share,0.001,0.0,2
no_memory,path_procedural_share,,,0
no_memory,path_unresolved_share,0.08033333333333333,0.020079046071915328,3
no_memory,placement_share_cv,0.7042891692949663,0.08435896979681021,3
no_memory,preempt_per_100req,13.533333333333331,4.609620807406759,3
no_memory,preempt_victim_migrated_rate,0.5934254200603529,0.12934510901600824,3
no_memory,preempt_victims_lost,26.0,17.38896398203682,3
no_memory,preempt_victims_migrated,79.66666666666667,10.34229002495636,3
no_memory,preemptions,135.33333333333334,46.096208074067576,3
no_memory,rejection_rate,0.08033333333333333,0.020079046071915328,3
no_memory,replans_after_failure,13.0,12.420688558597728,3
no_memory,shadow_checks,32.0,15.51343503743454,3
no_memory,shadow_disagree_rate,0.14898781134075254,0.15681168424719966,3
no_memory,slm_invocations_per_req,0.12633333333333333,0.017970694726077374,3
no_memory,tokens_llm_in_per_req,299.38666666666666,61.09605102027586,3
no_memory,tokens_llm_out_per_req,12.816,1.7601951960303535,3
no_memory,tokens_nonrequest_total,0.0,0.0,3
no_memory,tokens_per_req_all,377.87533333333334,69.86329960364488,3
no_memory,tokens_slm_in_per_req,60.74966666666666,8.699984152872483,3
no_memory,tokens_slm_out_per_req,4.923,0.7700947105604378,3
no_memory,tokens_total,377875.3333333333,69863.29960364493,3
no_memory,translation_full_acc,0.6363333333333333,0.11417128632348647,3
no_memory,translation_service_type_acc,0.884,0.011383749100649217,3
no_memory,util_var_nodes_mean,0.024485148236501473,0.009805298285184696,3
no_memory,util_var_zones_mean,0.005209987441201404,0.0035749648211357344,3
no_intent_cache,acceptance_A,0.9967479674796748,0.013992366600637872,3
no_intent_cache,acceptance_B,0.9666122004357298,0.002922608912910955,3
no_intent_cache,acceptance_C,0.8293822282139439,0.05200069598356419,3
no_intent_cache,acceptance_prio_critical,0.9776832326221894,0.03212073760011773,3
no_intent_cache,acceptance_prio_high,0.8791206579250058,0.0647816215982242,3
no_intent_cache,acceptance_prio_low,0.9789221734801901,0.021572229103398052,3
no_intent_cache,acceptance_prio_normal,0.9276200375593812,0.0328112533322663,3
no_intent_cache,acceptance_rate,0.9243333333333333,0.010039523035957674,3
no_intent_cache,cache_hit_first_quarter,,,0
no_intent_cache,cache_hit_last_quarter,,,0
no_intent_cache,cache_hit_rate,,,0
no_intent_cache,cache_hit_shared_rate,,,0
no_intent_cache,cache_hit_translation_acc,,,0
no_intent_cache,cache_miss_first_quarter,,,0
no_intent_cache,cache_miss_last_quarter,,,0
no_intent_cache,calls_llm_cached_disk,0.0,0.0,3
no_intent_cache,calls_llm_cached_disk_per_req,0.0,0.0,3
no_intent_cache,calls_llm_error,0.0,0.0,3
no_intent_cache,calls_llm_error_per_req,0.0,0.0,3
no_intent_cache,calls_llm_fresh,119.33333333333333,45.08099706357353,3
no_intent_cache,calls_llm_fresh_per_req,0.11933333333333333,0.045080997063573526,3
no_intent_cache,calls_slm_cached_disk,405.3333333333333,29.11143733062279,3
no_intent_cache,calls_slm_cached_disk_per_req,0.4053333333333333,0.02911143733062274,3
no_intent_cache,calls_slm_error,0.0,0.0,3
no_intent_cache,calls_slm_error_per_req,0.0,0.0,3
no_intent_cache,calls_slm_fresh,594.6666666666666,29.111437330622792,3
no_intent_cache,calls_slm_fresh_per_req,0.5946666666666666,0.029111437330622818,3
no_intent_cache,completed_correct_rate,0.794,0.022767498201298433,3
no_intent_cache,completion_A,0.9784714258761033,0.0429360670592191,3
no_intent_cache,completion_B,0.9065613652868555,0.06608435948084718,3
no_intent_cache,completion_C,0.8180694273369596,0.05435021568483577,3
no_intent_cache,completion_rate,0.891,0.030118569107873024,3
no_intent_cache,cross_zone_share,0.12692995913004831,0.026572254033752674,3
no_intent_cache,degradations,47.0,31.126156312876052,3
no_intent_cache,degrade_mean_level,0.5785714285714286,0.04640616534524516,3
no_intent_cache,degrade_per_100req,4.7,3.112615631287605,3
no_intent_cache,energy_kwh_alloc_share,77.31342797524903,31.178258970148494,3
no_intent_cache,escalation_rate,0.3586666666666667,0.06583355512160616,3
no_intent_cache,escalation_success,0.7877914871873996,0.06369226999644098,3
no_intent_cache,fail_node_loss,1.3333333333333333,1.4342175765653806,3
no_intent_cache,fail_preempt_unmigrated,32.0,38.56418780630185,3
no_intent_cache,fail_rate_after_accept,0.03601980686593395,0.041267065102166045,3
no_intent_cache,failure_recovery_rate,0.9007936507936508,0.11098112199613058,3
no_intent_cache,fresh_calls_per_req,0.7140000000000001,0.07216836913873283,3
no_intent_cache,fresh_tokens_per_req,437.64000000000004,56.95014140986282,3
no_intent_cache,interrupted_but_completed,88.66666666666667,20.079046071915332,3
no_intent_cache,interrupted_services,122.0,30.118569107872993,3
no_intent_cache,inv_per_req_first_quarter,1.0097356498003698,0.010076145049723017,3
no_intent_cache,inv_per_req_last_quarter,1.1446021506873434,0.04490398318423908,3
no_intent_cache,inv_per_req_slope_per_bin,0.009694526400866337,0.0012131999148707598,3
no_intent_cache,invocations_per_req,1.1193333333333335,0.04508099706357332,3
no_intent_cache,lat_cache_vs_slm_translation_a_mean,,,0
no_intent_cache,lat_cache_vs_slm_translation_a_p95,,,0
no_intent_cache,lat_cache_vs_slm_translation_b_mean,302.21388824107214,0.6612075008196034,3
no_intent_cache,lat_cache_vs_slm_translation_b_p95,330.67585319583617,1.6984300764939704,3
no_intent_cache,lat_cross_zone_mean,0.6945993600595265,0.13261108188635776,3
no_intent_cache,lat_decision_mean,71.43829229922123,19.77100984155257,3
no_intent_cache,lat_deployment_mean,1718.9191492221214,177.83171787618608,3
no_intent_cache,lat_escalation_mean,19.23867325598319,4.978461925964067,3
no_intent_cache,lat_memory_vs_llm_decision_a_mean,0.1054091325460258,0.012958400675496433,3
no_intent_cache,lat_memory_vs_llm_decision_a_p95,0.1955350705732902,0.03815266105061895,3
no_intent_cache,lat_memory_vs_llm_decision_b_mean,714.5310337304427,11.609527192217321,3
no_intent_cache,lat_memory_vs_llm_decision_b_p95,790.3941504925389,37.211657407597734,3
no_intent_cache,lat_setup_mean,394.5880315597801,23.87035086417141,3
no_intent_cache,lat_setup_p50,315.25538373857745,4.626800528468517,3
no_intent_cache,lat_setup_p95,1083.0174001356063,53.31168067064794,3
no_intent_cache,lat_total_mean,2113.5071807819018,188.99616100471832,3
no_intent_cache,lat_total_p50,1839.4749639691502,221.25255740331158,3
no_intent_cache,lat_total_p95,4344.9703524290735,258.82701650760924,3
no_intent_cache,lat_translation_mean,302.21646664451606,0.42143798456415194,3
no_intent_cache,lat_transport_in_mean,1.0,0.0,3
no_intent_cache,lat_zone_vs_cross_zone_a_mean,2164.928454644028,178.8577625045188,3
no_intent_cache,lat_zone_vs_cross_zone_a_p95,4406.739339477833,346.1311474180905,3
no_intent_cache,lat_zone_vs_cross_zone_b_mean,1766.6418649315312,584.401055346018,3
no_intent_cache,lat_zone_vs_cross_zone_b_p95,3988.4737811607897,1217.6804271635808,3
no_intent_cache,llm_invocations_per_req,0.11933333333333333,0.045080997063573526,3
no_intent_cache,llm_per_escalation,0.29281730619616986,0.04378331953857242,3
no_intent_cache,llm_per_escalation_busy_first_half,0.35942218565169387,0.0767520047799121,3
no_intent_cache,llm_per_escalation_busy_second_half,0.22625366494793245,0.10327037309718709,3
no_intent_cache,llm_per_escalation_first_quarter,0.8333333333333333,2.1177007894053492,2
no_intent_cache,llm_per_escalation_last_quarter,0.2165134052076727,0.07013704189366146,3
no_intent_cache,llm_per_escalation_slope_per_bin,-0.016747051599335917,0.009588999069900041,3
no_intent_cache,llm_per_req_first_quarter,0.009735649800369678,0.010076145049723118,3
no_intent_cache,llm_per_req_last_quarter,0.1446021506873434,0.04490398318423922,3
no_intent_cache,llm_stage_rate,0.09233333333333334,0.02450792069154969,3
no_intent_cache,locality_violation_rate,0.006855504367582058,0.006251710709054268,3
no_intent_cache,memory_share_of_escalations,0.4599884616060741,0.0554450189938604,3
no_intent_cache,n_requests,1000.0,0.0,3
no_intent_cache,new_type_acceptance,0.9899743705713856,0.02157022980366711,3
no_intent_cache,new_type_requests,64.0,10.828105247223876,3
no_intent_cache,new_type_type_acc,0.4251380488415652,0.1213866092697682,3
no_intent_cache,node_failures,3.0,0.0,3
no_intent_cache,path_digest_share,0.025333333333333333,0.011201597362549389,3
no_intent_cache,path_episodic_share,0.16433333333333333,0.051771082798977505,3
no_intent_cache,path_llm_degraded_share,0.033,0.011383749100649203,3
no_intent_cache,path_llm_share,0.001,0.0,1
no_intent_cache,path_local_share,0.6413333333333334,0.06583355512160623,3
no_intent_cache,path_preempt_local_share,0.059,0.015513435037434544,3
no_intent_cache,path_preempt_share,,,0
no_intent_cache,path_procedural_share,0.0015,0.006353102368216047,2
no_intent_cache,path_unresolved_share,0.07566666666666666,0.010039523035957674,3
no_intent_cache,placement_share_cv,0.7006028165233635,0.09520460501419549,3
no_intent_cache,preempt_per_100req,14.033333333333333,6.236785460197325,3
no_intent_cache,preempt_victim_migrated_rate,0.6185050864126602,0.2215351551715446,3
no_intent_cache,preempt_victims_lost,32.0,38.56418780630185,3
no_intent_cache,preempt_victims_migrated,85.33333333333333,12.503218958596605,3
no_intent_cache,preemptions,140.33333333333334,62.36785460197326,3
no_intent_cache,rejection_rate,0.07566666666666666,0.010039523035957674,3
no_intent_cache,replans_after_failure,13.666666666666666,16.162811241550536,3
no_intent_cache,shadow_checks,0.0,0.0,3
no_intent_cache,shadow_disagree_rate,,,0
no_intent_cache,slm_invocations_per_req,1.0,0.0,3
no_intent_cache,tokens_llm_in_per_req,120.72166666666665,42.17014365552286,3
no_intent_cache,tokens_llm_out_per_req,4.088666666666668,1.415632324243554,3
no_intent_cache,tokens_nonrequest_total,557.3333333333334,586.0687561080813,3
no_intent_cache,tokens_per_req_all,648.1156666666667,43.25423742921918,3
no_intent_cache,tokens_slm_in_per_req,483.401,2.5283799650576646,3
no_intent_cache,tokens_slm_out_per_req,39.347,0.17258947883457093,3
no_intent_cache,tokens_total,648115.6666666666,43254.237429219094,3
no_intent_cache,translation_full_acc,0.6493333333333333,0.02537389914496393,3
no_intent_cache,translation_service_type_acc,0.8926666666666666,0.012503218958596617,3
no_intent_cache,util_var_nodes_mean,0.027368749552239936,0.009562035108332064,3
no_intent_cache,util_var_zones_mean,0.006877435228315856,0.006394165543445054,3
no_cache_sharing,acceptance_A,0.9967479674796748,0.013992366600637872,3
no_cache_sharing,acceptance_B,0.9658405954974582,0.006214931245877385,3
no_cache_sharing,acceptance_C,0.8221177917648959,0.029649252750099327,3
no_cache_sharing,acceptance_prio_critical,0.9816048012496403,0.01934679329765439,3
no_cache_sharing,acceptance_prio_high,0.8743967103749712,0.0617063959857606,3
no_cache_sharing,acceptance_prio_low,0.980235874860102,0.04043938037336015,3
no_cache_sharing,acceptance_prio_normal,0.9205903586189471,0.02546314190566743,3
no_cache_sharing,acceptance_rate,0.9209999999999999,0.016289580330501183,3
no_cache_sharing,cache_hit_first_quarter,0.4784336572736561,0.06497240153842157,3
no_cache_sharing,cache_hit_last_quarter,0.617073027823535,0.07475490634547322,3
no_cache_sharing,cache_hit_rate,0.6173333333333333,0.020684580049912738,3
no_cache_sharing,cache_hit_shared_rate,0.0,0.0,3
no_cache_sharing,cache_hit_translation_acc,0.9223979873173421,0.054094853419505685,3
no_cache_sharing,cache_miss_first_quarter,0.5215663427263438,0.06497240153842164,3
no_cache_sharing,cache_miss_last_quarter,0.38292697217646504,0.07475490634547326,3
no_cache_sharing,calls_llm_cached_disk,0.0,0.0,3
no_cache_sharing,calls_llm_cached_disk_per_req,0.0,0.0,3
no_cache_sharing,calls_llm_error,0.0,0.0,3
no_cache_sharing,calls_llm_error_per_req,0.0,0.0,3
no_cache_sharing,calls_llm_fresh,124.0,38.56418780630185,3
no_cache_sharing,calls_llm_fresh_per_req,0.124,0.038564187806301865,3
no_cache_sharing,calls_slm_cached_disk,86.33333333333333,16.540203976117308,3
no_cache_sharing,calls_slm_cached_disk_per_req,0.08633333333333333,0.0165402039761173,3
no_cache_sharing,calls_slm_error,0.0,0.0,3
no_cache_sharing,calls_slm_error_per_req,0.0,0.0,3
no_cache_sharing,calls_slm_fresh,321.0,25.815916378176855,3
no_cache_sharing,calls_slm_fresh_per_req,0.321,0.025815916378176873,3
no_cache_sharing,completed_correct_rate,0.7916666666666666,0.025006437917193237,3
no_cache_sharing,completion_A,0.9774224236365329,0.029365344883012,3
no_cache_sharing,completion_B,0.9137436456063908,0.04695580105565437,3
no_cache_sharing,completion_C,0.8036984162281456,0.041589427642328126,3
no_cache_sharing,completion_rate,0.8879999999999999,0.015110419792948426,3
no_cache_sharing,cross_zone_share,0.13615787734548027,0.04258485965329014,3
no_cache_sharing,degradations,48.666666666666664,28.576582766328833,3
no_cache_sharing,degrade_mean_level,0.5901660844517989,0.07935251160163737,3
no_cache_sharing,degrade_per_100req,4.866666666666666,2.8576582766328835,3
no_cache_sharing,energy_kwh_alloc_share,78.11632431525233,33.536735859585725,3
no_cache_sharing,escalation_rate,0.363,0.055491433079555876,3
no_cache_sharing,escalation_success,0.7821182452906524,0.04503267330619802,3
no_cache_sharing,fail_node_loss,0.3333333333333333,1.4342175765653808,3
no_cache_sharing,fail_preempt_unmigrated,32.666666666666664,19.295424076815785,3
no_cache_sharing,fail_rate_after_accept,0.03580463866427442,0.021078476451083083,3
no_cache_sharing,failure_recovery_rate,0.9803921568627452,0.08436573979796358,3
no_cache_sharing,fresh_calls_per_req,0.445,0.06180462738110543,3
no_cache_sharing,fresh_tokens_per_req,299.8313333333333,57.13471829688983,3
no_cache_sharing,interrupted_but_completed,87.0,23.69716344927462,3
no_cache_sharing,interrupted_services,120.0,17.38896398203682,3
no_cache_sharing,inv_per_req_first_quarter,0.5514530632711678,0.07206716165723333,3
no_cache_sharing,inv_per_req_last_quarter,0.5739632707178347,0.03432686982595292,3
no_cache_sharing,inv_per_req_slope_per_bin,0.0071436926577498295,0.00288111886599902,3
no_cache_sharing,invocations_per_req,0.5313333333333334,0.06236785460197332,3
no_cache_sharing,lat_cache_vs_slm_translation_a_mean,7.464835855866053,0.21580863677637385,3
no_cache_sharing,lat_cache_vs_slm_translation_a_p95,9.48938832928737,0.23314585752704114,3
no_cache_sharing,lat_cache_vs_slm_translation_b_mean,310.64461357505013,1.8140030611862772,3
no_cache_sharing,lat_cache_vs_slm_translation_b_p95,339.14179652602974,2.2858133445508275,3
no_cache_sharing,lat_cross_zone_mean,0.7627755743030123,0.27811704465601195,3
no_cache_sharing,lat_decision_mean,72.11893129731243,5.0348464777449555,3
no_cache_sharing,lat_deployment_mean,1713.815438276554,169.62375381574472,3
no_cache_sharing,lat_escalation_mean,19.42672644381361,3.355258466526342,3
no_cache_sharing,lat_memory_vs_llm_decision_a_mean,0.08280921496110026,0.005812106171581114,3
no_cache_sharing,lat_memory_vs_llm_decision_a_p95,0.1726834724346796,0.01239101375817561,3
no_cache_sharing,lat_memory_vs_llm_decision_b_mean,708.8211188565994,14.907890164157228,3
no_cache_sharing,lat_memory_vs_llm_decision_b_p95,792.1350838237058,28.344085348964107,3
no_cache_sharing,lat_setup_mean,217.54574794829674,10.102769167426455,3
no_cache_sharing,lat_setup_p50,69.85148353457451,8.56970755744926,3
no_cache_sharing,lat_setup_p95,897.6342316671003,133.05439149010107,3
no_cache_sharing,lat_total_mean,1931.3611862248508,168.0731418469616,3
no_cache_sharing,lat_total_p50,1684.1100657399973,318.10079774755934,3
no_cache_sharing,lat_total_p95,4271.997901451318,199.9757690464204,3
no_cache_sharing,lat_translation_mean,124.23731463286771,3.8244394802628165,3
no_cache_sharing,lat_transport_in_mean,1.0,0.0,3
no_cache_sharing,lat_zone_vs_cross_zone_a_mean,1978.972538200341,133.33611285749637,3
no_cache_sharing,lat_zone_vs_cross_zone_a_p95,4351.4462408664795,89.47103780747818,3
no_cache_sharing,lat_zone_vs_cross_zone_b_mean,1638.73467957896,462.4508482291768,3
no_cache_sharing,lat_zone_vs_cross_zone_b_p95,3763.1619761122056,891.9681589932993,3
no_cache_sharing,llm_invocations_per_req,0.124,0.038564187806301865,3
no_cache_sharing,llm_per_escalation,0.3002618309363408,0.030501029020796367,3
no_cache_sharing,llm_per_escalation_busy_first_half,0.3639221273728934,0.01982249088166946,3
no_cache_sharing,llm_per_escalation_busy_second_half,0.2550955245337268,0.05483840218526767,3
no_cache_sharing,llm_per_escalation_first_quarter,0.8333333333333333,2.1177007894053492,2
no_cache_sharing,llm_per_escalation_last_quarter,0.245774885430479,0.059344933321640925,3
no_cache_sharing,llm_per_escalation_slope_per_bin,-0.012272172885572051,0.016984395198796763,3
no_cache_sharing,llm_per_req_first_quarter,0.01267017881757586,0.02957216715894712,3
no_cache_sharing,llm_per_req_last_quarter,0.16932841273612065,0.03523682026003877,3
no_cache_sharing,llm_stage_rate,0.09366666666666668,0.0062516094792983085,3
no_cache_sharing,locality_violation_rate,0.007975196145096852,0.0069273587744994106,3
no_cache_sharing,memory_share_of_escalations,0.4497752137483905,0.06929113752777584,3
no_cache_sharing,n_requests,1000.0,0.0,3
no_cache_sharing,new_type_acceptance,0.9849238655208804,0.037639847584247654,3
no_cache_sharing,new_type_requests,64.0,10.828105247223876,3
no_cache_sharing,new_type_type_acc,0.3892606816968061,0.0776364954333484,3
no_cache_sharing,node_failures,3.0,0.0,3
no_cache_sharing,path_digest_share,0.02666666666666667,0.0014342175765653822,3
no_cache_sharing,path_episodic_share,0.16133333333333333,0.04676077202651391,3
no_cache_sharing,path_llm_degraded_share,0.03566666666666667,0.012747604657244312,3
no_cache_sharing,path_llm_share,0.001,0.0,1
no_cache_sharing,path_local_share,0.637,0.055491433079555876,3
no_cache_sharing,path_preempt_local_share,0.057666666666666665,0.005171145012478174,3
no_cache_sharing,path_preempt_share,,,0
no_cache_sharing,path_procedural_share,0.0023333333333333335,0.003794583033549736,3
no_cache_sharing,path_unresolved_share,0.079,0.01628958033050118,3
no_cache_sharing,placement_share_cv,0.6841184708361766,0.04470183494678666,3
no_cache_sharing,preempt_per_100req,13.4,4.178966461139386,3
no_cache_sharing,preempt_victim_migrated_rate,0.6019361113361782,0.1490092767016282,3
no_cache_sharing,preempt_victims_lost,32.666666666666664,19.295424076815785,3
no_cache_sharing,preempt_victims_migrated,80.33333333333333,22.403194725098786,3
no_cache_sharing,preemptions,134.0,41.78966461139385,3
no_cache_sharing,rejection_rate,0.079,0.01628958033050118,3
no_cache_sharing,replans_after_failure,15.0,16.289580330501167,3
no_cache_sharing,shadow_checks,24.666666666666668,19.92478735111899,3
no_cache_sharing,shadow_disagree_rate,0.21420083184789065,0.1729540652190053,3
no_cache_sharing,slm_invocations_per_req,0.4073333333333333,0.023870137740896066,3
no_cache_sharing,tokens_llm_in_per_req,127.46,43.67967374495295,3
no_cache_sharing,tokens_llm_out_per_req,4.204666666666667,1.1048950085988818,3
no_cache_sharing,tokens_nonrequest_total,546.3333333333334,568.6523479855491,3
no_cache_sharing,tokens_per_req_all,344.8446666666667,57.48399232496038,3
no_cache_sharing,tokens_slm_in_per_req,196.7396666666667,11.315470147196578,3
no_cache_sharing,tokens_slm_out_per_req,15.894,0.8415875819557375,3
no_cache_sharing,tokens_total,344844.6666666667,57483.99232496038,3
no_cache_sharing,translation_full_acc,0.6366666666666667,0.07132258885364165,3
no_cache_sharing,translation_service_type_acc,0.8896666666666667,0.037945830335497394,3
no_cache_sharing,util_var_nodes_mean,0.026025022504564687,0.0010114552276506506,3
no_cache_sharing,util_var_zones_mean,0.005588240205510654,0.006346751381094673,3
no_preempt_degrade,acceptance_A,0.989113274722259,0.01945622258401554,3
no_preempt_degrade,acceptance_B,0.8759313725490196,0.0033943452197913743,3
no_preempt_degrade,acceptance_C,0.6261249679325144,0.1644398640211713,3
no_preempt_degrade,acceptance_prio_critical,0.6749332017922473,0.11747882142262159,3
no_preempt_degrade,acceptance_prio_high,0.6393466758684151,0.12004591216856379,3
no_preempt_degrade,acceptance_prio_low,0.9717671471577707,0.0865926418789522,3
no_preempt_degrade,acceptance_prio_normal,0.9236047981776956,0.05189004871925701,3
no_preempt_degrade,acceptance_rate,0.8119999999999999,0.06089938458345133,3
no_preempt_degrade,cache_hit_first_quarter,0.885306846386408,0.01458504198340242,3
no_preempt_degrade,cache_hit_last_quarter,0.91007916058626,0.02094397138026013,3
no_preempt_degrade,cache_hit_rate,0.9056666666666667,0.0037945830335497396,3
no_preempt_degrade,cache_hit_shared_rate,0.7800000000000001,0.025935159120695755,3
no_preempt_degrade,cache_hit_translation_acc,0.8943733391145621,0.020740003189184817,3
no_preempt_degrade,cache_miss_first_quarter,0.11469315361359206,0.01458504198340239,3
no_preempt_degrade,cache_miss_last_quarter,0.08992083941374002,0.020943971380260145,3
no_preempt_degrade,calls_llm_cached_disk,0.0,0.0,3
no_preempt_degrade,calls_llm_cached_disk_per_req,0.0,0.0,3
no_preempt_degrade,calls_llm_error,0.0,0.0,3
no_preempt_degrade,calls_llm_error_per_req,0.0,0.0,3
no_preempt_degrade,calls_llm_fresh,3.3333333333333335,2.8684351531307613,3
no_preempt_degrade,calls_llm_fresh_per_req,0.0033333333333333335,0.0028684351531307615,3
no_preempt_degrade,calls_slm_cached_disk,1.6666666666666667,3.794583033549736,3
no_preempt_degrade,calls_slm_cached_disk_per_req,0.0016666666666666668,0.003794583033549736,3
no_preempt_degrade,calls_slm_error,0.0,0.0,3
no_preempt_degrade,calls_slm_error_per_req,0.0,0.0,3
no_preempt_degrade,calls_slm_fresh,124.66666666666667,18.809587177601763,3
no_preempt_degrade,calls_slm_fresh_per_req,0.12466666666666666,0.01880958717760176,3
no_preempt_degrade,completed_correct_rate,0.7106666666666666,0.053529181007205814,3
no_preempt_degrade,completion_A,0.9861370842460685,0.020847926842750705,3
no_preempt_degrade,completion_B,0.8735911401597676,0.008803346879378924,3
no_preempt_degrade,completion_C,0.6261249679325144,0.1644398640211713,3
no_preempt_degrade,completion_rate,0.8103333333333333,0.06086559851450778,3
no_preempt_degrade,cross_zone_share,0.13133561917902167,0.05443416124721246,3
no_preempt_degrade,degradations,0.0,0.0,3
no_preempt_degrade,degrade_mean_level,,,0
no_preempt_degrade,degrade_per_100req,0.0,0.0,3
no_preempt_degrade,energy_kwh_alloc_share,73.76909089010645,25.733079263133316,3
no_preempt_degrade,escalation_rate,0.29466666666666663,0.06620743539298178,3
no_preempt_degrade,escalation_success,0.36215863948258314,0.14416188330885388,3
no_preempt_degrade,fail_node_loss,1.6666666666666667,1.4342175765653806,3
no_preempt_degrade,fail_preempt_unmigrated,0.0,0.0,3
no_preempt_degrade,fail_rate_after_accept,0.0020535343163772964,0.0017747606010488377,3
no_preempt_degrade,failure_recovery_rate,0.8619711042311661,0.24769613427175066,3
no_preempt_degrade,fresh_calls_per_req,0.128,0.017913371789837224,3
no_preempt_degrade,fresh_tokens_per_req,65.28966666666666,9.720289083489439,3
no_preempt_degrade,interrupted_but_completed,13.0,15.110419792948413,3
no_preempt_degrade,interrupted_services,14.666666666666666,14.555718665311394,3
no_preempt_degrade,inv_per_req_first_quarter,0.16140329206451112,0.06926989808838258,3
no_preempt_degrade,inv_per_req_last_quarter,0.11885704887733284,0.03515579010476551,3
no_preempt_degrade,inv_per_req_slope_per_bin,-0.0011425516669972113,0.0010901226571969258,3
no_preempt_degrade,invocations_per_req,0.12966666666666668,0.016540203976117322,3
no_preempt_degrade,lat_cache_vs_slm_translation_a_mean,7.470602104844365,0.1000256107105347,3
no_preempt_degrade,lat_cache_vs_slm_translation_a_p95,9.536919851476947,0.011688450170504695,3
no_preempt_degrade,lat_cache_vs_slm_translation_b_mean,311.7458953907319,2.4125896648853296,3
no_preempt_degrade,lat_cache_vs_slm_translation_b_p95,338.6601367257585,2.8166694247648563,3
no_preempt_degrade,lat_cross_zone_mean,0.7227768397580631,0.30419906307486366,3
no_preempt_degrade,lat_decision_mean,0.019994703632915455,0.002712785773766374,3
no_preempt_degrade,lat_deployment_mean,1767.9985608172428,192.48904000024353,3
no_preempt_degrade,lat_escalation_mean,8.099054816832938,3.2734387452803158,3
no_preempt_degrade,lat_memory_vs_llm_decision_a_mean,0.054228959982238124,0.006020758535241174,3
no_preempt_degrade,lat_memory_vs_llm_decision_a_p95,0.10245614685118198,0.019802723572256264,3
no_preempt_degrade,lat_memory_vs_llm_decision_b_mean,,,0
no_preempt_degrade,lat_memory_vs_llm_decision_b_p95,,,0
no_preempt_degrade,lat_setup_mean,47.78852645114707,7.554568256306051,3
no_preempt_degrade,lat_setup_p50,8.404667480538288,0.1401961290967928,3
no_preempt_degrade,lat_setup_p95,319.18988348637515,12.839273484725476,3
no_preempt_degrade,lat_total_mean,1815.7870872683898,185.02101355216104,3
no_preempt_degrade,lat_total_p50,1525.1490381183419,321.1158624753214,3
no_preempt_degrade,lat_total_p95,4067.071867242838,341.1469804957837,3
no_preempt_degrade,lat_translation_mean,37.94670009092315,4.889020342727186,3
no_preempt_degrade,lat_transport_in_mean,1.0,0.0,3
no_preempt_degrade,lat_zone_vs_cross_zone_a_mean,1911.9008069567228,134.55035988044366,3
no_preempt_degrade,lat_zone_vs_cross_zone_a_p95,4171.560578607866,177.10760858935294,3
no_preempt_degrade,lat_zone_vs_cross_zone_b_mean,1188.5251630466707,309.38739048283054,3
no_preempt_degrade,lat_zone_vs_cross_zone_b_p95,3113.832487434789,482.39876587263376,3
no_preempt_degrade,llm_invocations_per_req,0.0033333333333333335,0.0028684351531307615,3
no_preempt_degrade,llm_per_escalation,0.0,0.0,3
no_preempt_degrade,llm_per_escalation_busy_first_half,0.0,0.0,3
no_preempt_degrade,llm_per_escalation_busy_second_half,0.0,0.0,3
no_preempt_degrade,llm_per_escalation_first_quarter,0.0,0.0,2
no_preempt_degrade,llm_per_escalation_last_quarter,0.0,0.0,3
no_preempt_degrade,llm_per_escalation_slope_per_bin,0.0,0.0,3
no_preempt_degrade,llm_per_req_first_quarter,0.0,0.0,3
no_preempt_degrade,llm_per_req_last_quarter,0.0,0.0,3
no_preempt_degrade,llm_stage_rate,0.0,0.0,3
no_preempt_degrade,locality_violation_rate,0.008986639412122598,0.006375274067510618,3
no_preempt_degrade,memory_share_of_escalations,0.28538954003742734,0.14872402135816093,3
no_preempt_degrade,n_requests,1000.0,0.0,3
no_preempt_degrade,new_type_acceptance,0.7794668158948452,0.18974959001957653,3
no_preempt_degrade,new_type_requests,64.0,10.828105247223876,3
no_preempt_degrade,new_type_type_acc,0.267856914707408,0.2588227328093732,3
no_preempt_degrade,node_failures,3.0,0.0,3
no_preempt_degrade,path_digest_share,0.02266666666666667,0.0071710878828269,3
no_preempt_degrade,path_episodic_share,0.081,0.044921013299428394,3
no_preempt_degrade,path_llm_degraded_share,,,0
no_preempt_degrade,path_llm_share,,,0
no_preempt_degrade,path_local_share,0.7053333333333333,0.06620743539298168,3
no_preempt_degrade,path_preempt_local_share,,,0
no_preempt_degrade,path_preempt_share,,,0
no_preempt_degrade,path_procedural_share,0.0030000000000000005,0.0024841377117195457,3
no_preempt_degrade,path_unresolved_share,0.18799999999999997,0.0608993845834514,3
no_preempt_degrade,placement_share_cv,0.7237440528753369,0.06361781728632337,3
no_preempt_degrade,preempt_per_100req,0.0,0.0,3
no_preempt_degrade,preempt_victim_migrated_rate,,,0
no_preempt_degrade,preempt_victims_lost,0.0,0.0,3
no_preempt_degrade,preempt_victims_migrated,0.0,0.0,3
no_preempt_degrade,preemptions,0.0,0.0,3
no_preempt_degrade,rejection_rate,0.18799999999999997,0.0608993845834514,3
no_preempt_degrade,replans_after_failure,13.0,15.110419792948413,3
no_preempt_degrade,shadow_checks,32.0,15.51343503743454,3
no_preempt_degrade,shadow_disagree_rate,0.14898781134075254,0.15681168424719966,3
no_preempt_degrade,slm_invocations_per_req,0.12633333333333333,0.017970694726077374,3
no_preempt_degrade,tokens_llm_in_per_req,0.0,0.0,3
no_preempt_degrade,tokens_llm_out_per_req,0.0,0.0,3
no_preempt_degrade,tokens_nonrequest_total,488.3333333333333,398.7202247941247,3
no_preempt_degrade,tokens_per_req_all,66.161,9.244788165236884,3
no_preempt_degrade,tokens_slm_in_per_req,60.74966666666666,8.699984152872483,3
no_preempt_degrade,tokens_slm_out_per_req,4.923,0.7700947105604378,3
no_preempt_degrade,tokens_total,66161.0,9244.788165236881,3
no_preempt_degrade,translation_full_acc,0.6363333333333333,0.11417128632348647,3
no_preempt_degrade,translation_service_type_acc,0.884,0.011383749100649217,3
no_preempt_degrade,util_var_nodes_mean,0.02957145034013776,0.011294268462889343,3
no_preempt_degrade,util_var_zones_mean,0.005300220700501232,0.0017389447870688555,3
no_zone_tier,acceptance_A,0.9983739837398374,0.006996183300318938,3
no_zone_tier,acceptance_B,0.9683169934640524,0.02157188597375926,3
no_zone_tier,acceptance_C,0.814004167759712,0.0520484433140279,3
no_zone_tier,acceptance_prio_critical,0.9495128869157726,0.03668314718508487,3
no_zone_tier,acceptance_prio_high,0.8884029215550955,0.09921972207772062,3
no_zone_tier,acceptance_prio_low,0.9649949200577828,0.058384989898980076,3
no_zone_tier,acceptance_prio_normal,0.9186406358497359,0.018898878690865727,3
no_zone_tier,acceptance_rate,0.9193333333333333,0.020232128690004084,3
no_zone_tier,cache_hit_first_quarter,0.885306846386408,0.01458504198340242,3
no_zone_tier,cache_hit_last_quarter,0.9128802810344393,0.015347418776118562,3
no_zone_tier,cache_hit_rate,0.907,0.004968275423439097,3
no_zone_tier,cache_hit_shared_rate,0.0,0.0,3
no_zone_tier,cache_hit_translation_acc,0.9000720690098212,0.0630976175442595,3
no_zone_tier,cache_miss_first_quarter,0.11469315361359206,0.01458504198340239,3
no_zone_tier,cache_miss_last_quarter,0.08711971896556076,0.015347418776118532,3
no_zone_tier,calls_llm_cached_disk,0.0,0.0,3
no_zone_tier,calls_llm_cached_disk_per_req,0.0,0.0,3
no_zone_tier,calls_llm_error,0.0,0.0,3
no_zone_tier,calls_llm_error_per_req,0.0,0.0,3
no_zone_tier,calls_llm_fresh,162.66666666666666,42.76277903282184,3
no_zone_tier,calls_llm_fresh_per_req,0.16266666666666665,0.04276277903282183,3
no_zone_tier,calls_slm_cached_disk,1.0,4.302652729696142,3
no_zone_tier,calls_slm_cached_disk_per_req,0.001,0.004302652729696142,3
no_zone_tier,calls_slm_error,0.0,0.0,3
no_zone_tier,calls_slm_error_per_req,0.0,0.0,3
no_zone_tier,calls_slm_fresh,127.33333333333333,8.724004935027015,3
no_zone_tier,calls_slm_fresh_per_req,0.12733333333333333,0.008724004935027025,3
no_zone_tier,completed_correct_rate,0.7896666666666666,0.02112734418599768,3
no_zone_tier,completion_A,0.9738438892074273,0.03277658791107473,3
no_zone_tier,completion_B,0.9120878721859113,0.05373972541558979,3
no_zone_tier,completion_C,0.7947469115319601,0.05188697016915651,3
no_zone_tier,completion_rate,0.8833333333333334,0.037372308714539476,3
no_zone_tier,cross_zone_share,0.47500752261315643,0.011548577552081944,3
no_zone_tier,degradations,59.666666666666664,10.342290024956363,3
no_zone_tier,degrade_mean_level,0.5979223933322293,0.09139360587398956,3
no_zone_tier,degrade_per_100req,5.966666666666666,1.0342290024956358,3
no_zone_tier,energy_kwh_alloc_share,80.50540698838567,26.977651113280867,3
no_zone_tier,escalation_rate,1.0,0.0,3
no_zone_tier,escalation_success,0.9193333333333333,0.020232128690004084,3
no_zone_tier,fail_node_loss,0.6666666666666666,1.4342175765653808,3
no_zone_tier,fail_preempt_unmigrated,35.333333333333336,38.18898873186764,3
no_zone_tier,fail_rate_after_accept,0.03912740476120758,0.04181809331822772,3
no_zone_tier,failure_recovery_rate,0.9465811965811967,0.11519676106459845,3
no_zone_tier,fresh_calls_per_req,0.29000000000000004,0.03750965687578979,3
no_zone_tier,fresh_tokens_per_req,247.072,50.57295195548866,3
no_zone_tier,interrupted_but_completed,92.66666666666667,11.739576815807625,3
no_zone_tier,interrupted_services,128.66666666666666,31.454847120640796,3
no_zone_tier,inv_per_req_first_quarter,0.15979394961720914,0.07755254248515,3
no_zone_tier,inv_per_req_last_quarter,0.3223867158958437,0.06182359934798611,3
no_zone_tier,inv_per_req_slope_per_bin,0.012353934132066835,0.0025543300205243735,3
no_zone_tier,invocations_per_req,0.291,0.034151247301947595,3
no_zone_tier,lat_cache_vs_slm_translation_a_mean,7.431908153838289,0.11136588068203472,3
no_zone_tier,lat_cache_vs_slm_translation_a_p95,9.492956195026636,0.18487148600448328,3
no_zone_tier,lat_cache_vs_slm_translation_b_mean,308.2781318997859,4.324506725912883,3
no_zone_tier,lat_cache_vs_slm_translation_b_p95,334.12711323207617,7.649932009415498,3
no_zone_tier,lat_cross_zone_mean,2.5607243134482567,0.15204470823620408,3
no_zone_tier,lat_decision_mean,92.0503719979539,23.71750272587882,3
no_zone_tier,lat_deployment_mean,1587.1620107248307,154.47561319742812,3
no_zone_tier,lat_escalation_mean,60.10699415230119,1.7167333661805095,3
no_zone_tier,lat_memory_vs_llm_decision_a_mean,0.08373177910289557,0.0097591361002496,3
no_zone_tier,lat_memory_vs_llm_decision_a_p95,0.20010986675818757,0.010798200027017315,3
no_zone_tier,lat_memory_vs_llm_decision_b_mean,712.7941089001501,8.021078462569637,3
no_zone_tier,lat_memory_vs_llm_decision_b_p95,796.3555798438638,20.255541226846862,3
no_zone_tier,lat_setup_mean,191.2024808529384,25.884362591971453,3
no_zone_tier,lat_setup_p50,74.60803339992947,7.449583438564883,3
no_zone_tier,lat_setup_p95,814.5953171230605,2.351825704861486,3
no_zone_tier,lat_total_mean,1778.3644915777688,177.10280190555423,3
no_zone_tier,lat_total_p50,1438.3237748607191,228.14724645440458,3
no_zone_tier,lat_total_p95,4076.0206735559655,520.5715729804887,3
no_zone_tier,lat_translation_mean,35.484390389235045,1.0418226500882195,3
no_zone_tier,lat_transport_in_mean,1.0,0.0,3
no_zone_tier,lat_zone_vs_cross_zone_a_mean,1789.5706784015365,150.27206453531824,3
no_zone_tier,lat_zone_vs_cross_zone_a_p95,4055.3264721740197,681.4181122880931,3
no_zone_tier,lat_zone_vs_cross_zone_b_mean,1766.0947229333033,206.45459655268542,3
no_zone_tier,lat_zone_vs_cross_zone_b_p95,4132.288370647461,427.415234364986,3
no_zone_tier,llm_invocations_per_req,0.16266666666666665,0.04276277903282183,3
no_zone_tier,llm_per_escalation,0.15866666666666665,0.04038793365777402,3
no_zone_tier,llm_per_escalation_busy_first_half,0.06103786877546339,0.04289913824501298,3
no_zone_tier,llm_per_escalation_busy_second_half,0.23139280682898625,0.049789766680089186,3
no_zone_tier,llm_per_escalation_first_quarter,0.009652383080412311,0.009153131729252128,3
no_zone_tier,llm_per_escalation_last_quarter,0.19165528901837217,0.07381408482005863,3
no_zone_tier,llm_per_escalation_slope_per_bin,0.012360491876978666,0.002264381953119298,3
no_zone_tier,llm_per_req_first_quarter,0.009652383080412311,0.009153131729252128,3
no_zone_tier,llm_per_req_last_quarter,0.19165528901837217,0.07381408482005863,3
no_zone_tier,llm_stage_rate,0.11966666666666666,0.03086068318035363,3
no_zone_tier,locality_violation_rate,0.017752530428586766,0.008393007341026187,3
no_zone_tier,memory_share_of_escalations,0.7053333333333334,0.048573203778396704,3
no_zone_tier,n_requests,1000.0,0.0,3
no_zone_tier,new_type_acceptance,0.9534977909630072,0.06313830959189252,3
no_zone_tier,new_type_requests,64.0,10.828105247223876,3
no_zone_tier,new_type_type_acc,0.30055679486491527,0.19160714749221686,3
no_zone_tier,node_failures,3.0,0.0,3
no_zone_tier,path_digest_share,0.09533333333333334,0.016540203976117322,3
no_zone_tier,path_episodic_share,0.7006666666666667,0.04582768418897662,3
no_zone_tier,path_llm_degraded_share,0.048999999999999995,0.008956685894918605,3
no_zone_tier,path_llm_share,0.001,0.0,1
no_zone_tier,path_local_share,,,0
no_zone_tier,path_preempt_local_share,0.06866666666666667,0.023870137740896122,3
no_zone_tier,path_preempt_share,0.002,0.0,1
no_zone_tier,path_procedural_share,0.004666666666666667,0.0028684351531307615,3
no_zone_tier,path_unresolved_share,0.08066666666666666,0.020232128690004066,3
no_zone_tier,placement_share_cv,0.8762920914422185,0.3577682032547683,3
no_zone_tier,preempt_per_100req,16.266666666666666,6.592722396924607,3
no_zone_tier,preempt_victim_migrated_rate,0.5354028517819461,0.12151811938869296,3
no_zone_tier,preempt_victims_lost,35.333333333333336,38.18898873186764,3
no_zone_tier,preempt_victims_migrated,86.33333333333333,20.079046071915332,3
no_zone_tier,preemptions,162.66666666666666,65.92722396924606,3
no_zone_tier,rejection_rate,0.08066666666666666,0.020232128690004066,3
no_zone_tier,replans_after_failure,14.666666666666666,13.681563696469265,3
no_zone_tier,shadow_checks,35.333333333333336,14.125404968429052,3
no_zone_tier,shadow_disagree_rate,0.20253184218701462,0.11725527768284397,3
no_zone_tier,slm_invocations_per_req,0.12833333333333333,0.00940479358880089,3
no_zone_tier,tokens_llm_in_per_req,174.4813333333333,51.43561369099415,3
no_zone_tier,tokens_llm_out_per_req,5.588333333333334,1.1183375354846332,3
no_zone_tier,tokens_nonrequest_total,593.6666666666666,419.9319507973554,3
no_zone_tier,tokens_per_req_all,247.57633333333334,48.76616817977611,3
no_zone_tier,tokens_slm_in_per_req,61.910666666666664,4.6076504762356665,3
no_zone_tier,tokens_slm_out_per_req,5.0023333333333335,0.4122870407669766,3
no_zone_tier,tokens_total,247576.33333333334,48766.168179776105,3
no_zone_tier,translation_full_acc,0.644,0.09814702036536245,3
no_zone_tier,translation_service_type_acc,0.8893333333333334,0.05117162898003849,3
no_zone_tier,util_var_nodes_mean,0.026720641738858686,0.019259710694089476,3
no_zone_tier,util_var_zones_mean,0.005788927861589303,0.0034262414343758734,3
no_cross_zone,acceptance_A,0.9910404629588792,0.010320703848867104,3
no_cross_zone,acceptance_B,0.9029012345679012,0.03760714341928432,3
no_cross_zone,acceptance_C,0.7903027054823674,0.06975663578115375,3
no_cross_zone,acceptance_prio_critical,0.9418876145846179,0.04975835784801788,3
no_cross_zone,acceptance_prio_high,0.8850931677018633,0.06284532621398237,3
no_cross_zone,acceptance_prio_low,0.9484447171005682,0.031126815337252273,3
no_cross_zone,acceptance_prio_normal,0.8352622056114893,0.0277017682827573,3
no_cross_zone,acceptance_rate,0.8823333333333334,0.0339094655195766,3
no_cross_zone,cache_hit_first_quarter,0.885306846386408,0.01458504198340242,3
no_cross_zone,cache_hit_last_quarter,0.91007916058626,0.02094397138026013,3
no_cross_zone,cache_hit_rate,0.9056666666666667,0.0037945830335497396,3
no_cross_zone,cache_hit_shared_rate,0.7800000000000001,0.025935159120695755,3
no_cross_zone,cache_hit_translation_acc,0.8943733391145621,0.020740003189184817,3
no_cross_zone,cache_miss_first_quarter,0.11469315361359206,0.01458504198340239,3
no_cross_zone,cache_miss_last_quarter,0.08992083941374002,0.020943971380260145,3
no_cross_zone,calls_llm_cached_disk,0.0,0.0,3
no_cross_zone,calls_llm_cached_disk_per_req,0.0,0.0,3
no_cross_zone,calls_llm_error,0.0,0.0,3
no_cross_zone,calls_llm_error_per_req,0.0,0.0,3
no_cross_zone,calls_llm_fresh,93.33333333333333,32.32562248310107,3
no_cross_zone,calls_llm_fresh_per_req,0.09333333333333332,0.03232562248310107,3
no_cross_zone,calls_slm_cached_disk,1.6666666666666667,3.794583033549736,3
no_cross_zone,calls_slm_cached_disk_per_req,0.0016666666666666668,0.003794583033549736,3
no_cross_zone,calls_slm_error,0.0,0.0,3
no_cross_zone,calls_slm_error_per_req,0.0,0.0,3
no_cross_zone,calls_slm_fresh,124.66666666666667,18.809587177601763,3
no_cross_zone,calls_slm_fresh_per_req,0.12466666666666666,0.01880958717760176,3
no_cross_zone,completed_correct_rate,0.7303333333333333,0.04340730044758641,3
no_cross_zone,completion_A,0.959233143190383,0.015112210908268319,3
no_cross_zone,completion_B,0.8007044299201161,0.041387403443654984,3
no_cross_zone,completion_C,0.7508328570262105,0.08755239557447425,3
no_cross_zone,completion_rate,0.8183333333333334,0.03203799382619954,3
no_cross_zone,cross_zone_share,0.0,0.0,3
no_cross_zone,degradations,51.333333333333336,16.90917584961317,3
no_cross_zone,degrade_mean_level,0.5917655492558114,0.04265610463317409,3
no_cross_zone,degrade_per_100req,5.133333333333334,1.6909175849613178,3
no_cross_zone,energy_kwh_alloc_share,66.01932874945324,30.32043331719434,3
no_cross_zone,escalation_rate,0.25433333333333336,0.03125804739649154,3
no_cross_zone,escalation_success,0.5365320231335601,0.14728735494936515,3
no_cross_zone,fail_node_loss,2.0,4.302652729696142,3
no_cross_zone,fail_preempt_unmigrated,62.0,19.717231822940942,3
no_cross_zone,fail_rate_after_accept,0.0725063509282642,0.023528089327435914,3
no_cross_zone,failure_recovery_rate,0.8669877307648205,0.23172020471741353,3
no_cross_zone,fresh_calls_per_req,0.218,0.05042248853799595,3
no_cross_zone,fresh_tokens_per_req,137.13333333333333,34.401347017111846,3
no_cross_zone,interrupted_but_completed,35.666666666666664,12.503218958596609,3
no_cross_zone,interrupted_services,99.66666666666667,11.201597362549393,3
no_cross_zone,inv_per_req_first_quarter,0.17353702339965296,0.049433408530620934,3
no_cross_zone,inv_per_req_last_quarter,0.239341775852932,0.0698243462049979,3
no_cross_zone,inv_per_req_slope_per_bin,0.005391127552405064,0.0015543640309405374,3
no_cross_zone,invocations_per_req,0.21966666666666668,0.048573203778396634,3
no_cross_zone,lat_cache_vs_slm_translation_a_mean,7.434863602443278,0.05106090408933951,3
no_cross_zone,lat_cache_vs_slm_translation_a_p95,9.423481036598483,0.09327575765272504,3
no_cross_zone,lat_cache_vs_slm_translation_b_mean,312.3890296838101,3.1761367831010223,3
no_cross_zone,lat_cache_vs_slm_translation_b_p95,337.49475860207775,3.5979766562048385,3
no_cross_zone,lat_cross_zone_mean,0.0,0.0,3
no_cross_zone,lat_decision_mean,64.9024019849022,20.23282075700888,3
no_cross_zone,lat_deployment_mean,1744.8196950000313,137.2885858004361,3
no_cross_zone,lat_escalation_mean,9.916479047502124,2.832457664727679,3
no_cross_zone,lat_memory_vs_llm_decision_a_mean,0.04828652523841356,0.008781855892064752,3
no_cross_zone,lat_memory_vs_llm_decision_a_p95,0.0859550666064024,0.00201070565631548,3
no_cross_zone,lat_memory_vs_llm_decision_b_mean,707.808778608544,18.889204130340374,3
no_cross_zone,lat_memory_vs_llm_decision_b_p95,784.7633498516134,19.950976485862565,3
no_cross_zone,lat_setup_mean,111.74566705439338,27.843547101118332,3
no_cross_zone,lat_setup_p50,8.49275010700027,0.37430870671598016,3
no_cross_zone,lat_setup_p95,775.3589625258743,34.620769398676416,3
no_cross_zone,lat_total_mean,1856.5653620544251,126.99074878062835,3
no_cross_zone,lat_total_p50,1604.4677780250222,130.32501546324934,3
no_cross_zone,lat_total_p95,4102.756449651929,296.07937786342734,3
no_cross_zone,lat_translation_mean,35.92678602198907,5.251959091113182,3
no_cross_zone,lat_transport_in_mean,1.0,0.0,3
no_cross_zone,lat_zone_vs_cross_zone_a_mean,1856.5653620544251,126.99074878062835,3
no_cross_zone,lat_zone_vs_cross_zone_a_p95,4102.756449651929,296.07937786342734,3
no_cross_zone,lat_zone_vs_cross_zone_b_mean,,,0
no_cross_zone,lat_zone_vs_cross_zone_b_p95,,,0
no_cross_zone,llm_invocations_per_req,0.09333333333333332,0.03232562248310107,3
no_cross_zone,llm_per_escalation,0.3247377878045737,0.09208479989968464,3
no_cross_zone,llm_per_escalation_busy_first_half,0.3709910352009671,0.07529138152602184,3
no_cross_zone,llm_per_escalation_busy_second_half,0.271846918615767,0.08153729292201545,3
no_cross_zone,llm_per_escalation_first_quarter,0.8333333333333333,2.1177007894053492,2
no_cross_zone,llm_per_escalation_last_quarter,0.26445514712052615,0.04099670850456855,3
no_cross_zone,llm_per_escalation_slope_per_bin,-0.017632836861680986,0.006931185146334058,3
no_cross_zone,llm_per_req_first_quarter,0.01213373133514186,0.02036065122741005,3
no_cross_zone,llm_per_req_last_quarter,0.1204847269755992,0.03907225941566331,3
no_cross_zone,llm_stage_rate,0.081,0.028648473654187934,3
no_cross_zone,locality_violation_rate,0.0,0.0,3
no_cross_zone,memory_share_of_escalations,0.21854777958901403,0.05421157750114981,3
no_cross_zone,n_requests,1000.0,0.0,3
no_cross_zone,new_type_acceptance,0.927122221455639,0.07690044531743262,3
no_cross_zone,new_type_requests,64.0,10.828105247223876,3
no_cross_zone,new_type_type_acc,0.267856914707408,0.2588227328093732,3
no_cross_zone,node_failures,3.0,0.0,3
no_cross_zone,path_digest_share,,,0
no_cross_zone,path_episodic_share,0.05566666666666667,0.01762396063875229,3
no_cross_zone,path_llm_degraded_share,0.03966666666666667,0.014973671099809455,3
no_cross_zone,path_llm_share,,,0
no_cross_zone,path_local_share,0.7456666666666667,0.031258047396491545,3
no_cross_zone,path_preempt_local_share,0.04133333333333333,0.014125404968429045,3
no_cross_zone,path_preempt_share,,,0
no_cross_zone,path_procedural_share,,,0
no_cross_zone,path_unresolved_share,0.11766666666666666,0.03390946551957658,3
no_cross_zone,placement_share_cv,0.722765237603031,0.045624265451513796,3
no_cross_zone,preempt_per_100req,8.933333333333334,2.4882744967861785,3
no_cross_zone,preempt_victim_migrated_rate,0.3034159610481526,0.039882825743657556,3
no_cross_zone,preempt_victims_lost,62.0,19.717231822940942,3
no_cross_zone,preempt_victims_migrated,27.0,4.302652729696142,3
no_cross_zone,preemptions,89.33333333333333,24.88274496786179,3
no_cross_zone,rejection_rate,0.11766666666666666,0.03390946551957658,3
no_cross_zone,replans_after_failure,13.0,12.420688558597728,3
no_cross_zone,shadow_checks,32.0,15.51343503743454,3
no_cross_zone,shadow_disagree_rate,0.14898781134075254,0.15681168424719966,3
no_cross_zone,slm_invocations_per_req,0.12633333333333333,0.017970694726077374,3
no_cross_zone,tokens_llm_in_per_req,69.04033333333332,23.355418397861907,3
no_cross_zone,tokens_llm_out_per_req,3.1353333333333335,0.983449800420712,3
no_cross_zone,tokens_nonrequest_total,156.33333333333334,386.30005460785725,3
no_cross_zone,tokens_per_req_all,138.00466666666665,33.55565389854572,3
no_cross_zone,tokens_slm_in_per_req,60.74966666666666,8.699984152872483,3
no_cross_zone,tokens_slm_out_per_req,4.923,0.7700947105604378,3
no_cross_zone,tokens_total,138004.66666666666,33555.65389854572,3
no_cross_zone,translation_full_acc,0.6363333333333333,0.11417128632348647,3
no_cross_zone,translation_service_type_acc,0.884,0.011383749100649217,3
no_cross_zone,util_var_nodes_mean,0.027122659643804652,0.015941696790779093,3
no_cross_zone,util_var_zones_mean,0.005750782378683261,0.006032040766542996,3
greedy_oracle,acceptance_A,1.0,0.0,3
greedy_oracle,acceptance_B,0.9387418300653595,0.07376298645799156,3
greedy_oracle,acceptance_C,0.6781501997594432,0.08271442584202346,3
greedy_oracle,acceptance_prio_critical,0.8642249352571217,0.14018853891410135,3
greedy_oracle,acceptance_prio_high,0.8157729468599033,0.08112074152302742,3
greedy_oracle,acceptance_prio_low,0.9979296066252589,0.008908183705375052,3
greedy_oracle,acceptance_prio_normal,0.8304534008148314,0.04276855367846893,3
greedy_oracle,acceptance_rate,0.8586666666666667,0.05312416246969635,3
greedy_oracle,cache_hit_first_quarter,,,0
greedy_oracle,cache_hit_last_quarter,,,0
greedy_oracle,cache_hit_rate,,,0
greedy_oracle,cache_hit_shared_rate,,,0
greedy_oracle,cache_hit_translation_acc,,,0
greedy_oracle,cache_miss_first_quarter,,,0
greedy_oracle,cache_miss_last_quarter,,,0
greedy_oracle,calls_llm_cached_disk,0.0,0.0,3
greedy_oracle,calls_llm_cached_disk_per_req,0.0,0.0,3
greedy_oracle,calls_llm_error,0.0,0.0,3
greedy_oracle,calls_llm_error_per_req,0.0,0.0,3
greedy_oracle,calls_llm_fresh,0.0,0.0,3
greedy_oracle,calls_llm_fresh_per_req,0.0,0.0,3
greedy_oracle,calls_slm_cached_disk,0.0,0.0,3
greedy_oracle,calls_slm_cached_disk_per_req,0.0,0.0,3
greedy_oracle,calls_slm_error,0.0,0.0,3
greedy_oracle,calls_slm_error_per_req,0.0,0.0,3
greedy_oracle,calls_slm_fresh,0.0,0.0,3
greedy_oracle,calls_slm_fresh_per_req,0.0,0.0,3
greedy_oracle,completed_correct_rate,0.8576666666666667,0.05312416246969635,3
greedy_oracle,completion_A,1.0,0.0,3
greedy_oracle,completion_B,0.9371859114015977,0.07705293561230059,3
greedy_oracle,completion_C,0.6772636749367482,0.0790218982946944,3
greedy_oracle,completion_rate,0.8576666666666667,0.05312416246969635,3
greedy_oracle,cross_zone_share,0.8563433205704869,0.004398229141118213,3
greedy_oracle,degradations,0.0,0.0,3
greedy_oracle,degrade_mean_level,,,0
greedy_oracle,degrade_per_100req,0.0,0.0,3
greedy_oracle,energy_kwh_alloc_share,78.28682357166197,14.244475271214917,3
greedy_oracle,escalation_rate,0.8766666666666666,0.005171145012478185,3
greedy_oracle,escalation_success,0.8388170540115932,0.05976175297772638,3
greedy_oracle,fail_node_loss,1.0,0.0,3
greedy_oracle,fail_preempt_unmigrated,0.0,0.0,3
greedy_oracle,fail_rate_after_accept,0.0011650744086341277,7.154153495314265e-05,3
greedy_oracle,failure_recovery_rate,0.7777777777777778,0.23903626276089687,3
greedy_oracle,fresh_calls_per_req,0.0,0.0,3
greedy_oracle,fresh_tokens_per_req,0.0,0.0,3
greedy_oracle,interrupted_but_completed,4.0,4.302652729696142,3
greedy_oracle,interrupted_services,5.0,4.302652729696142,3
greedy_oracle,inv_per_req_first_quarter,0.0,0.0,3
greedy_oracle,inv_per_req_last_quarter,0.0,0.0,3
greedy_oracle,inv_per_req_slope_per_bin,0.0,0.0,3
greedy_oracle,invocations_per_req,0.0,0.0,3
greedy_oracle,lat_cache_vs_slm_translation_a_mean,,,0
greedy_oracle,lat_cache_vs_slm_translation_a_p95,,,0
greedy_oracle,lat_cache_vs_slm_translation_b_mean,,,0
greedy_oracle,lat_cache_vs_slm_translation_b_p95,,,0
greedy_oracle,lat_cross_zone_mean,4.7272275720853,0.07358002870332292,3
greedy_oracle,lat_decision_mean,0.04548813348949623,0.0023448082387247846,3
greedy_oracle,lat_deployment_mean,1319.8507947939547,119.43692686855235,3
greedy_oracle,lat_escalation_mean,0.0,0.0,3
greedy_oracle,lat_memory_vs_llm_decision_a_mean,,,0
greedy_oracle,lat_memory_vs_llm_decision_a_p95,,,0
greedy_oracle,lat_memory_vs_llm_decision_b_mean,,,0
greedy_oracle,lat_memory_vs_llm_decision_b_p95,,,0
greedy_oracle,lat_setup_mean,5.772715705574806,0.07591837692715354,3
greedy_oracle,lat_setup_p50,6.249833287398038,0.0014391602743260706,3
greedy_oracle,lat_setup_p95,8.30103375087175,0.40457400828164664,3
greedy_oracle,lat_total_mean,1325.6235104995296,119.3795974400078,3
greedy_oracle,lat_total_p50,805.3925096761326,18.732737472929458,3
greedy_oracle,lat_total_p95,3577.8025049329754,436.86902499648096,3
greedy_oracle,lat_translation_mean,0.0,0.0,3
greedy_oracle,lat_transport_in_mean,1.0,0.0,3
greedy_oracle,lat_zone_vs_cross_zone_a_mean,1208.5772984522403,349.52561562789293,3
greedy_oracle,lat_zone_vs_cross_zone_a_p95,3435.2844246828076,1252.104238589745,3
greedy_oracle,lat_zone_vs_cross_zone_b_mean,1345.1170096023577,113.9691175518904,3
greedy_oracle,lat_zone_vs_cross_zone_b_p95,3563.6405323780314,318.7427224651178,3
greedy_oracle,llm_invocations_per_req,0.0,0.0,3
greedy_oracle,llm_per_escalation,0.0,0.0,3
greedy_oracle,llm_per_escalation_busy_first_half,0.0,0.0,3
greedy_oracle,llm_per_escalation_busy_second_half,0.0,0.0,3
greedy_oracle,llm_per_escalation_first_quarter,0.0,0.0,3
greedy_oracle,llm_per_escalation_last_quarter,0.0,0.0,3
greedy_oracle,llm_per_escalation_slope_per_bin,0.0,0.0,3
greedy_oracle,llm_per_req_first_quarter,0.0,0.0,3
greedy_oracle,llm_per_req_last_quarter,0.0,0.0,3
greedy_oracle,llm_stage_rate,0.0,0.0,3
greedy_oracle,locality_violation_rate,0.3647296259122957,0.03968317416259583,3
greedy_oracle,memory_share_of_escalations,0.0,0.0,3
greedy_oracle,n_requests,1000.0,0.0,3
greedy_oracle,new_type_acceptance,0.8398429015681735,0.17698598606692012,3
greedy_oracle,new_type_requests,64.0,10.828105247223876,3
greedy_oracle,new_type_type_acc,1.0,0.0,3
greedy_oracle,node_failures,3.0,0.0,3
greedy_oracle,path_digest_share,0.7353333333333333,0.048573203778396704,3
greedy_oracle,path_episodic_share,,,0
greedy_oracle,path_llm_degraded_share,,,0
greedy_oracle,path_llm_share,,,0
greedy_oracle,path_local_share,0.12333333333333334,0.005171145012478185,3
greedy_oracle,path_preempt_local_share,,,0
greedy_oracle,path_preempt_share,,,0
greedy_oracle,path_procedural_share,,,0
greedy_oracle,path_unresolved_share,0.14133333333333334,0.05312416246969631,3
greedy_oracle,placement_share_cv,0.8468895058474496,0.02670303055083939,3
greedy_oracle,preempt_per_100req,0.0,0.0,3
greedy_oracle,preempt_victim_migrated_rate,,,0
greedy_oracle,preempt_victims_lost,0.0,0.0,3
greedy_oracle,preempt_victims_migrated,0.0,0.0,3
greedy_oracle,preemptions,0.0,0.0,3
greedy_oracle,rejection_rate,0.14133333333333334,0.05312416246969631,3
greedy_oracle,replans_after_failure,4.0,4.302652729696142,3
greedy_oracle,shadow_checks,0.0,0.0,3
greedy_oracle,shadow_disagree_rate,,,0
greedy_oracle,slm_invocations_per_req,0.0,0.0,3
greedy_oracle,tokens_llm_in_per_req,0.0,0.0,3
greedy_oracle,tokens_llm_out_per_req,0.0,0.0,3
greedy_oracle,tokens_nonrequest_total,0.0,0.0,3
greedy_oracle,tokens_per_req_all,0.0,0.0,3
greedy_oracle,tokens_slm_in_per_req,0.0,0.0,3
greedy_oracle,tokens_slm_out_per_req,0.0,0.0,3
greedy_oracle,tokens_total,0.0,0.0,3
greedy_oracle,translation_full_acc,1.0,0.0,3
greedy_oracle,translation_service_type_acc,1.0,0.0,3
greedy_oracle,util_var_nodes_mean,0.022559393007971853,0.017028193659486893,3
greedy_oracle,util_var_zones_mean,0.004355077883528272,0.0019799775955368355,3
rule_based,acceptance_A,0.989113274722259,0.01945622258401554,3
rule_based,acceptance_B,0.8196840958605666,0.04583584907301096,3
rule_based,acceptance_C,0.48717328082083494,0.11680831205816876,3
rule_based,acceptance_prio_critical,0.41586714350310355,0.2810068272386439,3
rule_based,acceptance_prio_high,0.6720617667356797,0.13454470003556562,3
rule_based,acceptance_prio_low,0.888033869685692,0.09725570484435372,3
rule_based,acceptance_prio_normal,0.8020899886295956,0.044781921168115156,3
rule_based,acceptance_rate,0.738,0.04553499640259687,3
rule_based,cache_hit_first_quarter,,,0
rule_based,cache_hit_last_quarter,,,0
rule_based,cache_hit_rate,,,0
rule_based,cache_hit_shared_rate,,,0
rule_based,cache_hit_translation_acc,,,0
rule_based,cache_miss_first_quarter,,,0
rule_based,cache_miss_last_quarter,,,0
rule_based,calls_llm_cached_disk,0.0,0.0,3
rule_based,calls_llm_cached_disk_per_req,0.0,0.0,3
rule_based,calls_llm_error,0.0,0.0,3
rule_based,calls_llm_error_per_req,0.0,0.0,3
rule_based,calls_llm_fresh,0.0,0.0,3
rule_based,calls_llm_fresh_per_req,0.0,0.0,3
rule_based,calls_slm_cached_disk,0.0,0.0,3
rule_based,calls_slm_cached_disk_per_req,0.0,0.0,3
rule_based,calls_slm_error,0.0,0.0,3
rule_based,calls_slm_error_per_req,0.0,0.0,3
rule_based,calls_slm_fresh,0.0,0.0,3
rule_based,calls_slm_fresh_per_req,0.0,0.0,3
rule_based,completed_correct_rate,0.7323333333333334,0.04459932415463735,3
rule_based,completion_A,0.9861370842460685,0.020847926842750705,3
rule_based,completion_B,0.8181281771968046,0.04712387416438724,3
rule_based,completion_C,0.48717328082083494,0.11680831205816876,3
rule_based,completion_rate,0.7366666666666667,0.044460744873526845,3
rule_based,cross_zone_share,0.08887483432911618,0.05789265653212518,3
rule_based,degradations,0.0,0.0,3
rule_based,degrade_mean_level,,,0
rule_based,degrade_per_100req,0.0,0.0,3
rule_based,energy_kwh_alloc_share,67.39940734426386,35.79274284209734,3
rule_based,escalation_rate,0.3273333333333333,0.08149839632670068,3
rule_based,escalation_success,0.19797226876723842,0.0681696918190348,3
rule_based,fail_node_loss,1.3333333333333333,1.4342175765653806,3
rule_based,fail_preempt_unmigrated,0.0,0.0,3
rule_based,fail_rate_after_accept,0.001797662149648347,0.0018399289974338285,3
rule_based,failure_recovery_rate,0.8648809523809525,0.17159388862478658,3
rule_based,fresh_calls_per_req,0.0,0.0,3
rule_based,fresh_tokens_per_req,0.0,0.0,3
rule_based,interrupted_but_completed,10.333333333333334,14.125404968429052,3
rule_based,interrupted_services,11.666666666666666,14.555718665311394,3
rule_based,inv_per_req_first_quarter,0.0,0.0,3
rule_based,inv_per_req_last_quarter,0.0,0.0,3
rule_based,inv_per_req_slope_per_bin,0.0,0.0,3
rule_based,invocations_per_req,0.0,0.0,3
rule_based,lat_cache_vs_slm_translation_a_mean,,,0
rule_based,lat_cache_vs_slm_translation_a_p95,,,0
rule_based,lat_cache_vs_slm_translation_b_mean,,,0
rule_based,lat_cache_vs_slm_translation_b_p95,,,0
rule_based,lat_cross_zone_mean,0.4512632284859501,0.2705512813962931,3
rule_based,lat_decision_mean,0.010613743524632518,0.0003605799221599039,3
rule_based,lat_deployment_mean,1826.063580551671,202.78728933434303,3
rule_based,lat_escalation_mean,5.430279140067,3.385271524081564,3
rule_based,lat_memory_vs_llm_decision_a_mean,,,0
rule_based,lat_memory_vs_llm_decision_a_p95,,,0
rule_based,lat_memory_vs_llm_decision_b_mean,,,0
rule_based,lat_memory_vs_llm_decision_b_p95,,,0
rule_based,lat_setup_mean,14.31064014975479,3.621668877544679,3
rule_based,lat_setup_p50,8.112216670066118,0.06935332119616623,3
rule_based,lat_setup_p95,71.273958194986,5.975774774079324,3
rule_based,lat_total_mean,1840.3742207014259,200.50020233993578,3
rule_based,lat_total_p50,1607.2483217164888,352.2588705111401,3
rule_based,lat_total_p95,4051.786714027681,356.32235613821985,3
rule_based,lat_translation_mean,7.418484037677206,0.03909914061988036,3
rule_based,lat_transport_in_mean,1.0,0.0,3
rule_based,lat_zone_vs_cross_zone_a_mean,1897.1896486903051,182.55907160842372,3
rule_based,lat_zone_vs_cross_zone_a_p95,4093.4637638374793,328.0415270848853,3
rule_based,lat_zone_vs_cross_zone_b_mean,1265.9714475702733,198.88975450444735,3
rule_based,lat_zone_vs_cross_zone_b_p95,3527.7295842674016,1136.8383494245993,3
rule_based,llm_invocations_per_req,0.0,0.0,3
rule_based,llm_per_escalation,0.0,0.0,3
rule_based,llm_per_escalation_busy_first_half,0.0,0.0,3
rule_based,llm_per_escalation_busy_second_half,0.0,0.0,3
rule_based,llm_per_escalation_first_quarter,0.0,0.0,2
rule_based,llm_per_escalation_last_quarter,0.0,0.0,3
rule_based,llm_per_escalation_slope_per_bin,0.0,0.0,3
rule_based,llm_per_req_first_quarter,0.0,0.0,3
rule_based,llm_per_req_last_quarter,0.0,0.0,3
rule_based,llm_stage_rate,0.0,0.0,3
rule_based,locality_violation_rate,0.0004420866489832007,0.0019021453270097884,3
rule_based,memory_share_of_escalations,0.0,0.0,3
rule_based,n_requests,1000.0,0.0,3
rule_based,new_type_acceptance,0.06887493707630313,0.08953287983371057,3
rule_based,new_type_requests,64.0,10.828105247223876,3
rule_based,new_type_type_acc,0.0,0.0,3
rule_based,node_failures,3.0,0.0,3
rule_based,path_digest_share,0.06533333333333334,0.03851081174223497,3
rule_based,path_episodic_share,,,0
rule_based,path_llm_degraded_share,,,0
rule_based,path_llm_share,,,0
rule_based,path_local_share,0.6726666666666666,0.0814983963267006,3
rule_based,path_preempt_local_share,,,0
rule_based,path_preempt_share,,,0
rule_based,path_procedural_share,,,0
rule_based,path_unresolved_share,0.262,0.04553499640259679,3
rule_based,placement_share_cv,0.7347485059557443,0.1228964143271698,3
rule_based,preempt_per_100req,0.0,0.0,3
rule_based,preempt_victim_migrated_rate,,,0
rule_based,preempt_victims_lost,0.0,0.0,3
rule_based,preempt_victims_migrated,0.0,0.0,3
rule_based,preemptions,0.0,0.0,3
rule_based,rejection_rate,0.262,0.04553499640259679,3
rule_based,replans_after_failure,10.333333333333334,14.125404968429052,3
rule_based,shadow_checks,0.0,0.0,3
rule_based,shadow_disagree_rate,,,0
rule_based,slm_invocations_per_req,0.0,0.0,3
rule_based,tokens_llm_in_per_req,0.0,0.0,3
rule_based,tokens_llm_out_per_req,0.0,0.0,3
rule_based,tokens_nonrequest_total,0.0,0.0,3
rule_based,tokens_per_req_all,0.0,0.0,3
rule_based,tokens_slm_in_per_req,0.0,0.0,3
rule_based,tokens_slm_out_per_req,0.0,0.0,3
rule_based,tokens_total,0.0,0.0,3
rule_based,translation_full_acc,0.9888740876545867,0.004446510877442889,3
rule_based,translation_service_type_acc,0.8293333333333334,0.00717108788282691,3
rule_based,util_var_nodes_mean,0.027876913996540437,0.008469847939989018,3
rule_based,util_var_zones_mean,0.005798696371793488,0.006725754728942015,3
core,acceptance_A,0.9967479674796748,0.013992366600637872,3
core,acceptance_B,0.9665268700072621,0.016340359878182765,3
core,acceptance_C,0.8340559013728649,0.04432669700813624,3
core,acceptance_prio_critical,0.97846014716159,0.005973091846679123,3
core,acceptance_prio_high,0.8742868645042557,0.05936995372321895,3
core,acceptance_prio_low,0.9836324980211352,0.01944045103359732,3
core,acceptance_prio_normal,0.9345637022872846,0.03099563958535602,3
core,acceptance_rate,0.926,0.012907958189088437,3
core,cache_hit_first_quarter,,,0
core,cache_hit_last_quarter,,,0
core,cache_hit_rate,,,0
core,cache_hit_shared_rate,,,0
core,cache_hit_translation_acc,,,0
core,cache_miss_first_quarter,,,0
core,cache_miss_last_quarter,,,0
core,calls_llm_cached_disk,0.0,0.0,3
core,calls_llm_cached_disk_per_req,0.0,0.0,3
core,calls_llm_error,0.0,0.0,3
core,calls_llm_error_per_req,0.0,0.0,3
core,calls_llm_fresh,230.0,103.11415962061845,3
core,calls_llm_fresh_per_req,0.23,0.10311415962061847,3
core,calls_slm_cached_disk,405.3333333333333,29.11143733062279,3
core,calls_slm_cached_disk_per_req,0.4053333333333333,0.02911143733062274,3
core,calls_slm_error,0.0,0.0,3
core,calls_slm_error_per_req,0.0,0.0,3
core,calls_slm_fresh,766.3333333333334,50.92987190036474,3
core,calls_slm_fresh_per_req,0.7663333333333333,0.050929871900364784,3
core,completed_correct_rate,0.7896666666666666,0.021703650223793204,3
core,completion_A,0.9753573143778453,0.0441045706357161,3
core,completion_B,0.9048729121278142,0.032609939341991086,3
core,completion_C,0.8148417733797305,0.03337164819842838,3
core,completion_rate,0.8883333333333333,0.014555718665311409,3
core,cross_zone_share,0.1453918847076074,0.024815772770668616,3
core,degradations,54.0,10.828105247223876,3
core,degrade_mean_level,0.6187731232844015,0.01294713350906683,3
core,degrade_per_100req,5.3999999999999995,1.0828105247223867,3
core,energy_kwh_alloc_share,75.30550002030594,37.50640876384943,3
core,escalation_rate,0.377,0.08197654448674502,3
core,escalation_success,0.8020217001102834,0.07327017082315108,3
core,fail_node_loss,0.3333333333333333,1.4342175765653808,3
core,fail_preempt_unmigrated,37.333333333333336,26.093301800338025,3
core,fail_rate_after_accept,0.040641560378004794,0.02631707089575365,3
core,failure_recovery_rate,0.9824561403508771,0.07548513560870432,3
core,fresh_calls_per_req,0.9963333333333333,0.14934468439580292,3
core,fresh_tokens_per_req,629.4103333333333,132.1189657242732,3
core,interrupted_but_completed,85.0,8.956685894918603,3
core,interrupted_services,122.66666666666667,16.540203976117308,3
core,inv_per_req_first_quarter,1.036997698429183,0.024279140337957233,3
core,inv_per_req_last_quarter,1.5889037400193586,0.09038176981825227,3
core,inv_per_req_slope_per_bin,0.03342751354372648,0.004734452209402034,3
core,invocations_per_req,1.4016666666666666,0.12068751295438453,3
core,lat_cache_vs_slm_translation_a_mean,,,0
core,lat_cache_vs_slm_translation_a_p95,,,0
core,lat_cache_vs_slm_translation_b_mean,302.44392666666664,1.0719393411525155,3
core,lat_cache_vs_slm_translation_b_p95,331.4726666666666,0.09752679520634089,3
core,lat_cross_zone_mean,0.8026700231099372,0.1288398057206159,3
core,lat_decision_mean,161.06437608049305,59.96708318121811,3
core,lat_deployment_mean,1707.081018524291,128.02837649130115,3
core,lat_escalation_mean,13.13795485579926,4.646028088830532,3
core,lat_memory_vs_llm_decision_a_mean,,,0
core,lat_memory_vs_llm_decision_a_p95,,,0
core,lat_memory_vs_llm_decision_b_mean,713.1267048237942,7.825009702819174,3
core,lat_memory_vs_llm_decision_b_p95,798.0383279927224,25.017979693860894,3
core,lat_setup_mean,478.43896639834384,63.86237074518534,3
core,lat_setup_p50,316.05348345393935,4.7746976660860785,3
core,lat_setup_p95,1123.0420459963977,17.705244280470144,3
core,lat_total_mean,2185.519984922635,119.13253932948943,3
core,lat_total_p50,1892.9028161460947,88.15917987840112,3
core,lat_total_p95,4446.859650339639,184.56679462065708,3
core,lat_translation_mean,302.4339654389416,1.2997010388212997,3
core,lat_transport_in_mean,1.0,0.0,3
core,lat_zone_vs_cross_zone_a_mean,2228.5221883619056,100.07277610612913,3
core,lat_zone_vs_cross_zone_a_p95,4493.1830967121105,247.66124467597976,3
core,lat_zone_vs_cross_zone_b_mean,1930.3926012655768,275.5582594466777,3
core,lat_zone_vs_cross_zone_b_p95,4087.2464521005254,692.5002335636409,3
core,llm_invocations_per_req,0.23,0.10311415962061847,3
core,llm_per_escalation,0.5548669025799505,0.12968881758526848,3
core,llm_per_escalation_busy_first_half,0.6182464087795453,0.09578922252884149,3
core,llm_per_escalation_busy_second_half,0.5390072310924475,0.16445687186198707,3
core,llm_per_escalation_first_quarter,1.0,0.0,2
core,llm_per_escalation_last_quarter,0.5205932698992769,0.11528802181199894,3
core,llm_per_escalation_slope_per_bin,0.00188536103500925,0.016810256324428275,3
core,llm_per_req_first_quarter,0.01938803288078199,0.007885956821167061,3
core,llm_per_req_last_quarter,0.3842006306509349,0.10018093750140886,3
core,llm_stage_rate,0.3033333333333334,0.09329031364974026,3
core,locality_violation_rate,0.009719425831980991,0.005384440739511097,3
core,memory_share_of_escalations,0.0,0.0,3
core,n_requests,1000.0,0.0,3
core,new_type_acceptance,0.9849238655208804,0.037639847584247654,3
core,new_type_requests,64.0,10.828105247223876,3
core,new_type_type_acc,0.4251380488415652,0.1213866092697682,3
core,node_failures,3.0,0.0,3
core,path_digest_share,,,0
core,path_episodic_share,,,0
core,path_llm_degraded_share,0.054,0.010828105247223874,3
core,path_llm_share,0.11366666666666665,0.017970694726077353,3
core,path_local_share,0.6229999999999999,0.08197654448674507,3
core,path_preempt_local_share,0.13533333333333333,0.06713302692960896,3
core,path_preempt_share,,,0
core,path_procedural_share,,,0
core,path_unresolved_share,0.074,0.012907958189088416,3
core,placement_share_cv,0.6932994187950166,0.06448468267081331,3
core,preempt_per_100req,14.233333333333334,6.498446011836513,3
core,preempt_victim_migrated_rate,0.5862474925343872,0.18057905976293662,3
core,preempt_victims_lost,37.333333333333336,26.093301800338025,3
core,preempt_victims_migrated,82.33333333333333,18.809587177601763,3
core,preemptions,142.33333333333334,64.98446011836512,3
core,rejection_rate,0.074,0.012907958189088416,3
core,replans_after_failure,13.333333333333334,17.970694726077358,3
core,shadow_checks,0.0,0.0,3
core,shadow_disagree_rate,,,0
core,slm_invocations_per_req,1.1716666666666666,0.02308154749458166,3
core,tokens_llm_in_per_req,236.669,109.1072981240355,3
core,tokens_llm_out_per_req,8.171333333333335,3.3441608514383114,3
core,tokens_nonrequest_total,0.0,0.0,3
core,tokens_per_req_all,839.8853333333333,118.34579250523754,3
core,tokens_slm_in_per_req,554.4766666666666,11.070641118376706,3
core,tokens_slm_out_per_req,40.56833333333333,0.1639969946198668,3
core,tokens_total,839885.3333333334,118345.79250523756,3
core,translation_full_acc,0.6470000000000001,0.028648473654187965,3
core,translation_service_type_acc,0.8890000000000001,0.02235723940547593,3
core,util_var_nodes_mean,0.026972008405536808,0.008444216971160911,3
core,util_var_zones_mean,0.006186066729974072,0.00835129369548954,3
react,acceptance_A,0.9245819182875373,0.03145117611063513,3
react,acceptance_B,0.7585802469135802,0.04266183680901034,3
react,acceptance_C,0.5820220554809487,0.10668890812494665,3
react,acceptance_prio_critical,0.6921527520861593,0.05804940425737296,3
react,acceptance_prio_high,0.70561939268461,0.0690500325146535,3
react,acceptance_prio_low,0.8185900412707081,0.011245512920509043,3
react,acceptance_prio_normal,0.7246678526273994,0.08736578299524289,3
react,acceptance_rate,0.7316666666666666,0.05398833893229632,3
react,cache_hit_first_quarter,,,0
react,cache_hit_last_quarter,,,0
react,cache_hit_rate,,,0
react,cache_hit_shared_rate,,,0
react,cache_hit_translation_acc,,,0
react,cache_miss_first_quarter,,,0
react,cache_miss_last_quarter,,,0
react,calls_llm_cached_disk,154.33333333333334,57.4224610344881,3
react,calls_llm_cached_disk_per_req,0.15433333333333332,0.05742246103448809,3
react,calls_llm_error,0.0,0.0,3
react,calls_llm_error_per_req,0.0,0.0,3
react,calls_llm_fresh,3955.0,245.6785823193992,3
react,calls_llm_fresh_per_req,3.955,0.24567858231939926,3
react,calls_slm_cached_disk,0.0,0.0,3
react,calls_slm_cached_disk_per_req,0.0,0.0,3
react,calls_slm_error,0.0,0.0,3
react,calls_slm_error_per_req,0.0,0.0,3
react,calls_slm_fresh,0.0,0.0,3
react,calls_slm_fresh_per_req,0.0,0.0,3
react,completed_correct_rate,0.603,0.038803471515730194,3
react,completion_A,0.9015962145380948,0.041813310556211576,3
react,completion_B,0.7404357298474946,0.059029652329236196,3
react,completion_C,0.5756527289647428,0.11066094717676249,3
react,completion_rate,0.7166666666666667,0.055897698579416205,3
react,cross_zone_share,0.19365224962196426,0.019281835456656893,3
react,degradations,10.666666666666666,5.171145012478181,3
react,degrade_mean_level,0.7651851851851852,0.07734997437592787,3
react,degrade_per_100req,1.0666666666666667,0.5171145012478181,3
react,energy_kwh_alloc_share,72.16072738021894,28.682649662486497,3
react,escalation_rate,0.4226666666666667,0.0450809970635735,3
react,escalation_success,0.3657889327260524,0.06174419003210165,3
react,fail_node_loss,2.0,2.4841377117195456,3
react,fail_preempt_unmigrated,13.0,2.4841377117195456,3
react,fail_rate_after_accept,0.020534409788923475,0.0047251227196147385,3
react,failure_recovery_rate,0.5111111111111111,0.6269862392533923,3
react,fresh_calls_per_req,3.955,0.24567858231939926,3
react,fresh_tokens_per_req,7570.664666666667,582.86282771547,3
react,interrupted_but_completed,13.0,2.4841377117195456,3
react,interrupted_services,28.0,2.4841377117195456,3
react,inv_per_req_first_quarter,2.872767927390371,0.2886719805744985,3
react,inv_per_req_last_quarter,4.936480235668877,0.49442887718438167,3
react,inv_per_req_slope_per_bin,0.11741803700458696,0.016450005910108076,3
react,invocations_per_req,4.109333333333333,0.24077348056717618,3
react,lat_cache_vs_slm_translation_a_mean,,,0
react,lat_cache_vs_slm_translation_a_p95,,,0
react,lat_cache_vs_slm_translation_b_mean,,,0
react,lat_cache_vs_slm_translation_b_p95,,,0
react,lat_cross_zone_mean,1.12328600876213,0.1163923103475246,3
react,lat_decision_mean,2501.8923403113645,48.391941163859094,3
react,lat_deployment_mean,1278.6914586769017,124.70475051665987,3
react,lat_escalation_mean,79.64333819715154,0.9276099694658698,3
react,lat_memory_vs_llm_decision_a_mean,,,0
react,lat_memory_vs_llm_decision_a_p95,,,0
react,lat_memory_vs_llm_decision_b_mean,3475.4818866666665,229.68651968579522,3
react,lat_memory_vs_llm_decision_b_p95,6678.553666666667,104.50866111038525,3
react,lat_setup_mean,2583.6589645172785,49.38151317373957,3
react,lat_setup_p50,2127.3283333333334,8.726489154354963,3
react,lat_setup_p95,5879.578166666666,430.34370878439637,3
react,lat_total_mean,3862.35042319418,173.5985931728908,3
react,lat_total_p50,3166.7139480558853,213.94481331266658,3
react,lat_total_p95,7473.198045776863,464.2227103537765,3
react,lat_translation_mean,0.0,0.0,3
react,lat_transport_in_mean,1.0,0.0,3
react,lat_zone_vs_cross_zone_a_mean,3293.79696301932,150.29714488261305,3
react,lat_zone_vs_cross_zone_a_p95,5961.779751535013,622.3599499146516,3
react,lat_zone_vs_cross_zone_b_mean,6225.689432081456,375.41447026056267,3
react,lat_zone_vs_cross_zone_b_p95,9079.284240839397,919.4376034593249,3
react,llm_invocations_per_req,4.109333333333333,0.24077348056717618,3
react,llm_per_escalation,6.458253027117125,0.13901458236745956,3
react,llm_per_escalation_busy_first_half,6.394025518232,0.2011519127362496,3
react,llm_per_escalation_busy_second_half,6.546114850635974,0.19401088579702436,3
react,llm_per_escalation_first_quarter,5.820768887265051,0.7866075562370934,3
react,llm_per_escalation_last_quarter,6.591306633028487,0.2578278035387925,3
react,llm_per_escalation_slope_per_bin,0.027131040302087583,0.0368989038199949,3
react,llm_per_req_first_quarter,2.872767927390371,0.2886719805744985,3
react,llm_per_req_last_quarter,4.936480235668877,0.49442887718438167,3
react,llm_stage_rate,1.0,0.0,3
react,locality_violation_rate,0.08697126015122521,0.02830250415598056,3
react,memory_share_of_escalations,0.0,0.0,3
react,n_requests,1000.0,0.0,3
react,new_type_acceptance,0.6430661280142688,0.22752287123817186,3
react,new_type_requests,64.0,10.828105247223876,3
react,new_type_type_acc,0.32315949783695797,0.13681191873054663,3
react,node_failures,3.0,0.0,3
react,path_digest_share,,,0
react,path_episodic_share,,,0
react,path_llm_degraded_share,0.004666666666666667,0.003794583033549736,3
react,path_llm_share,0.12466666666666666,0.015970771022690344,3
react,path_local_share,0.5773333333333334,0.04508099706357342,3
react,path_preempt_local_share,0.011666666666666667,0.005171145012478181,3
react,path_preempt_share,0.013333333333333334,0.0037945830335497353,3
react,path_procedural_share,,,0
react,path_unresolved_share,0.2683333333333333,0.053988338932296244,3
react,placement_share_cv,0.7969389491173403,0.07652661106101755,3
react,preempt_per_100req,2.5,0.24841377117195482,3
react,preempt_victim_migrated_rate,0.4666239316239316,0.029050353935716117,3
react,preempt_victims_lost,13.0,2.4841377117195456,3
react,preempt_victims_migrated,11.666666666666666,1.4342175765653806,3
react,preemptions,25.0,2.4841377117195456,3
react,rejection_rate,0.2683333333333333,0.053988338932296244,3
react,replans_after_failure,2.3333333333333335,3.794583033549736,3
react,shadow_checks,0.0,0.0,3
react,shadow_disagree_rate,,,0
react,slm_invocations_per_req,0.0,0.0,3
react,tokens_llm_in_per_req,7543.789000000001,559.3032892659862,3
react,tokens_llm_out_per_req,239.317,10.692633386224763,3
react,tokens_nonrequest_total,0.0,0.0,3
react,tokens_per_req_all,7783.106,569.9562477120501,3
react,tokens_slm_in_per_req,0.0,0.0,3
react,tokens_slm_out_per_req,0.0,0.0,3
react,tokens_total,7783106.0,569956.24771205,3
react,translation_full_acc,0.8443098386604503,0.019133195262479478,3
react,translation_service_type_acc,0.6176666666666667,0.03594138945215475,3
react,util_var_nodes_mean,0.026453050345099316,0.008095547642548799,3
react,util_var_zones_mean,0.006434215158517799,0.005567841059062121,3
agentedge,acceptance_A,0.9646901355993668,0.05203118577172781,3
agentedge,acceptance_B,0.7713071895424837,0.05206727814004973,3
agentedge,acceptance_C,0.616293554594641,0.144201378317763,3
agentedge,acceptance_prio_critical,0.7962716323426645,0.07245339530669717,3
agentedge,acceptance_prio_high,0.7787911203128594,0.0456812027253615,3
agentedge,acceptance_prio_low,0.8654466967669051,0.1794257507128283,3
agentedge,acceptance_prio_normal,0.6782899605123047,0.07909791507195886,3
agentedge,acceptance_rate,0.7576666666666667,0.0795441428083416,3
agentedge,cache_hit_first_quarter,,,0
agentedge,cache_hit_last_quarter,,,0
agentedge,cache_hit_rate,,,0
agentedge,cache_hit_shared_rate,,,0
agentedge,cache_hit_translation_acc,,,0
agentedge,cache_miss_first_quarter,,,0
agentedge,cache_miss_last_quarter,,,0
agentedge,calls_llm_cached_disk,1029.0,132.54684706258092,3
agentedge,calls_llm_cached_disk_per_req,1.029,0.13254684706258088,3
agentedge,calls_llm_error,0.0,0.0,3
agentedge,calls_llm_error_per_req,0.0,0.0,3
agentedge,calls_llm_fresh,5079.0,226.65629689422622,3
agentedge,calls_llm_fresh_per_req,5.079000000000001,0.22665629689422645,3
agentedge,calls_slm_cached_disk,0.0,0.0,3
agentedge,calls_slm_cached_disk_per_req,0.0,0.0,3
agentedge,calls_slm_error,0.0,0.0,3
agentedge,calls_slm_error_per_req,0.0,0.0,3
agentedge,calls_slm_fresh,0.0,0.0,3
agentedge,calls_slm_fresh_per_req,0.0,0.0,3
agentedge,completed_correct_rate,0.6310000000000001,0.0865179196881485,3
agentedge,completion_A,0.8975729514302376,0.105102784832075,3
agentedge,completion_B,0.6379284676833696,0.07029875796046091,3
agentedge,completion_C,0.5686813299768883,0.1294487389612335,3
agentedge,completion_rate,0.6699999999999999,0.08235206887319316,3
agentedge,cross_zone_share,0.39749196492893085,0.03932719232275452,3
agentedge,degradations,23.333333333333332,22.94748122504609,3
agentedge,degrade_mean_level,0.7195206971677561,0.05641355178705815,3
agentedge,degrade_per_100req,2.3333333333333335,2.294748122504609,3
agentedge,energy_kwh_alloc_share,78.85382898167707,43.978028338092905,3
agentedge,escalation_rate,0.7946666666666666,0.06671809981702499,3
agentedge,escalation_success,0.6956589025074078,0.0774405566398321,3
agentedge,fail_node_loss,1.0,2.4841377117195456,3
agentedge,fail_preempt_unmigrated,86.66666666666667,18.809587177601763,3
agentedge,fail_rate_after_accept,0.1158613895034278,0.028379278952915615,3
agentedge,failure_recovery_rate,0.8611111111111112,0.31621525279581136,3
agentedge,fresh_calls_per_req,5.079000000000001,0.22665629689422645,3
agentedge,fresh_tokens_per_req,3718.5736666666667,276.8048834709908,3
agentedge,interrupted_but_completed,82.33333333333333,11.201597362549393,3
agentedge,interrupted_services,170.0,22.357239405475912,3
agentedge,inv_per_req_first_quarter,5.145888538513021,0.8076087479810792,3
agentedge,inv_per_req_last_quarter,6.012042613462492,0.5786555505250689,3
agentedge,inv_per_req_slope_per_bin,0.03458772302028099,0.03306743570231531,3
agentedge,invocations_per_req,6.1080000000000005,0.35163493598057555,3
agentedge,lat_cache_vs_slm_translation_a_mean,,,0
agentedge,lat_cache_vs_slm_translation_a_p95,,,0
agentedge,lat_cache_vs_slm_translation_b_mean,,,0
agentedge,lat_cache_vs_slm_translation_b_p95,,,0
agentedge,lat_cross_zone_mean,2.080693315630467,0.2822001055136114,3
agentedge,lat_decision_mean,2213.792825288059,49.154529160290814,3
agentedge,lat_deployment_mean,1017.6471317682898,108.96175931582464,3
agentedge,lat_escalation_mean,75.89246146416365,4.95015814995015,3
agentedge,lat_memory_vs_llm_decision_a_mean,,,0
agentedge,lat_memory_vs_llm_decision_a_p95,,,0
agentedge,lat_memory_vs_llm_decision_b_mean,2859.88213,225.08038829235508,3
agentedge,lat_memory_vs_llm_decision_b_p95,5087.079500000001,30.6310281247794,3
agentedge,lat_setup_mean,2787.071187484354,53.42777770623373,3
agentedge,lat_setup_p50,2709.4599999999996,16.37442507615347,3
agentedge,lat_setup_p95,3286.3759999999984,1587.9422084704352,3
agentedge,lat_total_mean,3804.718319252644,140.28404928642402,3
agentedge,lat_total_p50,3417.6769952221634,70.04683712750847,3
agentedge,lat_total_p95,5986.281179611633,505.53975687771975,3
agentedge,lat_translation_mean,494.30520741650145,1.1382439581034927,3
agentedge,lat_transport_in_mean,1.0,0.0,3
agentedge,lat_zone_vs_cross_zone_a_mean,3931.3535304131788,295.52089934339807,3
agentedge,lat_zone_vs_cross_zone_a_p95,6322.4762807754205,771.1851855748461,3
agentedge,lat_zone_vs_cross_zone_b_mean,3609.392110381292,160.9380787251742,3
agentedge,lat_zone_vs_cross_zone_b_p95,5228.215640276816,307.9247965919084,3
agentedge,llm_invocations_per_req,6.1080000000000005,0.35163493598057555,3
agentedge,llm_per_escalation,6.263161932516771,0.31690950871048773,3
agentedge,llm_per_escalation_busy_first_half,6.271400346193874,0.7240469073927873,3
agentedge,llm_per_escalation_busy_second_half,6.327566090911696,0.1088446435731844,3
agentedge,llm_per_escalation_first_quarter,5.580730794733352,1.3803160431960249,3
agentedge,llm_per_escalation_last_quarter,6.2235143168830644,0.4368405581971814,3
agentedge,llm_per_escalation_slope_per_bin,0.024809687210507202,0.026604203117450105,3
agentedge,llm_per_req_first_quarter,5.145888538513021,0.8076087479810792,3
agentedge,llm_per_req_last_quarter,6.012042613462492,0.5786555505250689,3
agentedge,llm_stage_rate,1.0,0.0,3
agentedge,locality_violation_rate,0.0,0.0,3
agentedge,memory_share_of_escalations,0.0,0.0,3
agentedge,n_requests,1000.0,0.0,3
agentedge,new_type_acceptance,0.6644180228799504,0.1320564880891616,3
agentedge,new_type_requests,64.0,10.828105247223876,3
agentedge,new_type_type_acc,0.649718791762809,0.13584025395944177,3
agentedge,node_failures,3.0,0.0,3
agentedge,path_digest_share,,,0
agentedge,path_episodic_share,,,0
agentedge,path_llm_degraded_share,0.023333333333333334,0.022947481225046095,3
agentedge,path_llm_share,0.301,0.053797499385187075,3
agentedge,path_local_share,0.20533333333333334,0.066718099817025,3
agentedge,path_preempt_local_share,0.22766666666666668,0.013681563696469275,3
agentedge,path_preempt_share,0.001,0.0,1
agentedge,path_procedural_share,,,0
agentedge,path_unresolved_share,0.24233333333333332,0.07954414280834154,3
agentedge,placement_share_cv,1.0025452205365413,0.09136504754227678,3
agentedge,preempt_per_100req,23.633333333333336,1.0039523035957674,3
agentedge,preempt_victim_migrated_rate,0.4200785683107813,0.06437090755980915,3
agentedge,preempt_victims_lost,86.66666666666667,18.809587177601763,3
agentedge,preempt_victims_migrated,99.33333333333333,18.809587177601763,3
agentedge,preemptions,236.33333333333334,10.039523035957666,3
agentedge,rejection_rate,0.24233333333333332,0.07954414280834154,3
agentedge,replans_after_failure,5.666666666666667,1.4342175765653808,3
agentedge,shadow_checks,0.0,0.0,3
agentedge,shadow_disagree_rate,,,0
agentedge,slm_invocations_per_req,0.0,0.0,3
agentedge,tokens_llm_in_per_req,3957.029,329.78786234742,3
agentedge,tokens_llm_out_per_req,240.63266666666667,12.54901310799779,3
agentedge,tokens_nonrequest_total,0.0,0.0,3
agentedge,tokens_per_req_all,4197.661666666666,342.30199785900203,3
agentedge,tokens_slm_in_per_req,0.0,0.0,3
agentedge,tokens_slm_out_per_req,0.0,0.0,3
agentedge,tokens_total,4197661.666666667,342301.99785900157,3
agentedge,translation_full_acc,0.7040000000000001,0.04237621490528704,3
agentedge,translation_service_type_acc,0.8853333333333334,0.04340730044758641,3
agentedge,util_var_nodes_mean,0.02066616597456426,0.005683770723350062,3
agentedge,util_var_zones_mean,0.005190616358566463,0.003999967763972087,3
lats,acceptance_A,1.0,0.0,1
lats,acceptance_B,0.92,0.0,1
lats,acceptance_C,0.6861702127659575,0.0,1
lats,acceptance_prio_critical,0.7176470588235294,0.0,1
lats,acceptance_prio_high,0.8228571428571428,0.0,1
lats,acceptance_prio_low,0.9796954314720813,0.0,1
lats,acceptance_prio_normal,0.8369565217391305,0.0,1
lats,acceptance_rate,0.85,0.0,1
lats,cache_hit_first_quarter,,,0
lats,cache_hit_last_quarter,,,0
lats,cache_hit_rate,,,0
lats,cache_hit_shared_rate,,,0
lats,cache_hit_translation_acc,,,0
lats,cache_miss_first_quarter,,,0
lats,cache_miss_last_quarter,,,0
lats,calls_llm_cached_disk,791.0,0.0,1
lats,calls_llm_cached_disk_per_req,0.791,0.0,1
lats,calls_llm_error,12.0,0.0,1
lats,calls_llm_error_per_req,0.012,0.0,1
lats,calls_llm_fresh,23484.0,0.0,1
lats,calls_llm_fresh_per_req,23.484,0.0,1
lats,calls_slm_cached_disk,0.0,0.0,1
lats,calls_slm_cached_disk_per_req,0.0,0.0,1
lats,calls_slm_error,0.0,0.0,1
lats,calls_slm_error_per_req,0.0,0.0,1
lats,calls_slm_fresh,0.0,0.0,1
lats,calls_slm_fresh_per_req,0.0,0.0,1
lats,completed_correct_rate,0.756,0.0,1
lats,completion_A,0.9910714285714286,0.0,1
lats,completion_B,0.91,0.0,1
lats,completion_C,0.6861702127659575,0.0,1
lats,completion_rate,0.844,0.0,1
lats,cross_zone_share,0.24823529411764705,0.0,1
lats,degradations,50.0,0.0,1
lats,degrade_mean_level,0.7160000000000001,0.0,1
lats,degrade_per_100req,5.0,0.0,1
lats,energy_kwh_alloc_share,66.40597311523334,0.0,1
lats,escalation_rate,0.399,0.0,1
lats,escalation_success,0.6240601503759399,0.0,1
lats,fail_node_loss,1.0,0.0,1
lats,fail_preempt_unmigrated,5.0,0.0,1
lats,fail_rate_after_accept,0.007058823529411765,0.0,1
lats,failure_recovery_rate,0.8888888888888888,0.0,1
lats,fresh_calls_per_req,23.484,0.0,1
lats,fresh_tokens_per_req,45592.214,0.0,1
lats,interrupted_but_completed,29.0,0.0,1
lats,interrupted_services,35.0,0.0,1
lats,inv_per_req_first_quarter,10.640287769784173,0.0,1
lats,inv_per_req_last_quarter,34.00766283524904,0.0,1
lats,inv_per_req_slope_per_bin,1.5565370404228664,0.0,1
lats,invocations_per_req,24.275,0.0,1
lats,lat_cache_vs_slm_translation_a_mean,,,0
lats,lat_cache_vs_slm_translation_a_p95,,,0
lats,lat_cache_vs_slm_translation_b_mean,,,0
lats,lat_cache_vs_slm_translation_b_p95,,,0
lats,lat_cross_zone_mean,1.424964705882353,0.0,1
lats,lat_decision_mean,11285.509894117647,0.0,1
lats,lat_deployment_mean,1460.846504767661,0.0,1
lats,lat_escalation_mean,133.22037647058823,0.0,1
lats,lat_memory_vs_llm_decision_a_mean,,,0
lats,lat_memory_vs_llm_decision_a_p95,,,0
lats,lat_memory_vs_llm_decision_b_mean,16368.77562,0.0,1
lats,lat_memory_vs_llm_decision_b_p95,47749.611999999994,0.0,1
lats,lat_setup_mean,11421.155235294116,0.0,1
lats,lat_setup_p50,7085.235000000001,0.0,1
lats,lat_setup_p95,35212.81899999999,0.0,1
lats,lat_total_mean,12882.001740061778,0.0,1
lats,lat_total_p50,8671.508405017961,0.0,1
lats,lat_total_p95,36153.65121374756,0.0,1
lats,lat_translation_mean,0.0,0.0,1
lats,lat_transport_in_mean,1.0,0.0,1
lats,lat_zone_vs_cross_zone_a_mean,9462.122403586956,0.0,1
lats,lat_zone_vs_cross_zone_a_p95,19242.830871100137,0.0,1
lats,lat_zone_vs_cross_zone_b_mean,23238.887503130078,0.0,1
lats,lat_zone_vs_cross_zone_b_p95,44836.959387715135,0.0,1
lats,llm_invocations_per_req,24.275,0.0,1
lats,llm_per_escalation,43.388471177944865,0.0,1
lats,llm_per_escalation_busy_first_half,39.607142857142854,0.0,1
lats,llm_per_escalation_busy_second_half,49.856502242152466,0.0,1
lats,llm_per_escalation_first_quarter,12.764705882352942,0.0,1
lats,llm_per_escalation_last_quarter,49.26973684210526,0.0,1
lats,llm_per_escalation_slope_per_bin,1.8949355777683845,0.0,1
lats,llm_per_req_first_quarter,10.640287769784173,0.0,1
lats,llm_per_req_last_quarter,34.00766283524904,0.0,1
lats,llm_stage_rate,1.0,0.0,1
lats,locality_violation_rate,0.10352941176470588,0.0,1
lats,memory_share_of_escalations,0.0,0.0,1
lats,n_requests,1000.0,0.0,1
lats,new_type_acceptance,0.6949152542372882,0.0,1
lats,new_type_requests,59.0,0.0,1
lats,new_type_type_acc,0.3050847457627119,0.0,1
lats,node_failures,3.0,0.0,1
lats,path_digest_share,,,0
lats,path_episodic_share,,,0
lats,path_llm_degraded_share,0.035,0.0,1
lats,path_llm_share,0.185,0.0,1
lats,path_local_share,0.601,0.0,1
lats,path_preempt_local_share,0.02,0.0,1
lats,path_preempt_share,0.009,0.0,1
lats,path_procedural_share,,,0
lats,path_unresolved_share,0.15,0.0,1
lats,placement_share_cv,0.6943369543876904,0.0,1
lats,preempt_per_100req,3.0,0.0,1
lats,preempt_victim_migrated_rate,0.7,0.0,1
lats,preempt_victims_lost,5.0,0.0,1
lats,preempt_victims_migrated,21.0,0.0,1
lats,preemptions,30.0,0.0,1
lats,rejection_rate,0.15,0.0,1
lats,replans_after_failure,8.0,0.0,1
lats,shadow_checks,0.0,0.0,1
lats,shadow_disagree_rate,,,0
lats,slm_invocations_per_req,0.0,0.0,1
lats,tokens_llm_in_per_req,44910.524,0.0,1
lats,tokens_llm_out_per_req,1630.103,0.0,1
lats,tokens_nonrequest_total,0.0,0.0,1
lats,tokens_per_req_all,46540.627,0.0,1
lats,tokens_slm_in_per_req,0.0,0.0,1
lats,tokens_slm_out_per_req,0.0,0.0,1
lats,tokens_total,46540627.0,0.0,1
lats,translation_full_acc,0.8964705882352941,0.0,1
lats,translation_service_type_acc,0.762,0.0,1
lats,util_var_nodes_mean,0.019889591706326117,0.0,1
lats,util_var_zones_mean,0.00521815441149822,0.0,1
