system,seed,bin,t_s,requests,invocations_per_request,slm_per_request,llm_per_request,cache_hit_rate,escalation_rate,llm_stage_rate,acceptance_rate,slm_fresh,slm_cached_disk,llm_fresh,llm_cached_disk
full,0,0,0.0,26.0,0.38461538461538464,0.38461538461538464,0.0,0.6153846153846154,0.0,0.0,1.0,10.0,0.0,0.0,0.0
full,0,1,450.0,21.0,0.09523809523809523,0.09523809523809523,0.0,0.9047619047619048,0.0,0.0,1.0,2.0,0.0,0.0,0.0
full,0,2,900.0,22.0,0.09090909090909091,0.09090909090909091,0.0,1.0,0.0,0.0,1.0,2.0,0.0,0.0,0.0
full,0,3,1350.0,16.0,0.0,0.0,0.0,1.0,0.0,0.0,1.0,0.0,0.0,0.0,0.0
full,0,4,1800.0,23.0,0.13043478260869565,0.13043478260869565,0.0,0.9130434782608695,0.0,0.0,1.0,3.0,0.0,0.0,0.0
full,0,5,2250.0,31.0,0.0967741935483871,0.03225806451612903,0.06451612903225806,0.967741935483871,0.0967741935483871,0.06451612903225806,1.0,1.0,0.0,2.0,0.0
full,0,6,2700.0,34.0,0.029411764705882353,0.029411764705882353,0.0,1.0,0.029411764705882353,0.0,1.0,1.0,0.0,0.0,0.0
full,0,7,3150.0,51.0,0.11764705882352941,0.11764705882352941,0.0,0.9215686274509803,0.0196078431372549,0.0,1.0,6.0,0.0,0.0,0.0
full,0,8,3600.0,43.0,0.16279069767441862,0.11627906976744186,0.046511627906976744,0.8837209302325582,0.0,0.0,1.0,5.0,0.0,2.0,0.0
full,0,9,4050.0,58.0,0.08620689655172414,0.05172413793103448,0.034482758620689655,0.9655172413793104,0.15517241379310345,0.017241379310344827,0.9137931034482759,3.0,0.0,2.0,0.0
full,0,10,4500.0,45.0,0.1111111111111111,0.044444444444444446,0.06666666666666667,0.9777777777777777,0.022222222222222223,0.0,1.0,2.0,0.0,2.0,0.0
full,0,11,4950.0,52.0,0.1346153846153846,0.09615384615384616,0.038461538461538464,0.9615384615384616,0.019230769230769232,0.019230769230769232,1.0,5.0,0.0,2.0,0.0
full,0,12,5400.0,69.0,0.5507246376811594,0.2753623188405797,0.2753623188405797,0.7536231884057971,0.37681159420289856,0.14492753623188406,0.9710144927536232,19.0,0.0,19.0,0.0
full,0,13,5850.0,28.0,0.25,0.17857142857142858,0.07142857142857142,0.8571428571428571,0.6071428571428571,0.07142857142857142,0.9285714285714286,4.0,1.0,2.0,0.0
full,0,14,6300.0,52.0,0.28846153846153844,0.19230769230769232,0.09615384615384616,0.8461538461538461,0.25,0.038461538461538464,0.9807692307692307,10.0,0.0,4.0,0.0
full,0,15,6750.0,53.0,0.3018867924528302,0.11320754716981132,0.18867924528301888,0.9245283018867925,0.5471698113207547,0.16981132075471697,0.9056603773584906,6.0,0.0,9.0,0.0
full,0,16,7200.0,60.0,0.25,0.06666666666666667,0.18333333333333332,0.9333333333333333,0.65,0.13333333333333333,0.9666666666666667,4.0,0.0,11.0,0.0
full,0,17,7650.0,55.0,0.3090909090909091,0.12727272727272726,0.18181818181818182,0.8909090909090909,0.7636363636363637,0.16363636363636364,0.8363636363636363,7.0,0.0,10.0,0.0
full,0,18,8100.0,50.0,0.26,0.06,0.2,0.94,0.54,0.2,0.96,3.0,0.0,10.0,0.0
full,0,19,8550.0,53.0,0.2830188679245283,0.11320754716981132,0.16981132075471697,0.9056603773584906,0.7547169811320755,0.16981132075471697,0.7358490566037735,6.0,0.0,9.0,0.0
full,0,20,9000.0,44.0,0.22727272727272727,0.06818181818181818,0.1590909090909091,0.9318181818181818,0.7954545454545454,0.13636363636363635,0.75,3.0,0.0,7.0,0.0
full,0,21,9450.0,41.0,0.2926829268292683,0.17073170731707318,0.12195121951219512,0.8780487804878049,0.5121951219512195,0.07317073170731707,0.7804878048780488,6.0,1.0,5.0,0.0
full,0,22,9900.0,49.0,0.1836734693877551,0.08163265306122448,0.10204081632653061,0.9591836734693877,0.5918367346938775,0.08163265306122448,0.7755102040816326,4.0,0.0,5.0,0.0
full,0,23,10350.0,24.0,0.4166666666666667,0.16666666666666666,0.25,0.875,0.8333333333333334,0.25,0.8333333333333334,4.0,0.0,6.0,0.0
full,1,0,0.0,35.0,0.34285714285714286,0.34285714285714286,0.0,0.7142857142857143,0.0,0.0,1.0,12.0,0.0,0.0,0.0
full,1,1,450.0,23.0,0.17391304347826086,0.17391304347826086,0.0,0.9130434782608695,0.0,0.0,1.0,4.0,0.0,0.0,0.0
full,1,2,900.0,16.0,0.0625,0.0625,0.0,1.0,0.0,0.0,1.0,1.0,0.0,0.0,0.0
full,1,3,1350.0,20.0,0.1,0.1,0.0,0.9,0.0,0.0,1.0,2.0,0.0,0.0,0.0
full,1,4,1800.0,24.0,0.16666666666666666,0.16666666666666666,0.0,0.9166666666666666,0.0,0.0,1.0,3.0,1.0,0.0,0.0
full,1,5,2250.0,26.0,0.07692307692307693,0.07692307692307693,0.0,0.9615384615384616,0.0,0.0,1.0,2.0,0.0,0.0,0.0
full,1,6,2700.0,43.0,0.06976744186046512,0.06976744186046512,0.0,0.9767441860465116,0.023255813953488372,0.0,1.0,3.0,0.0,0.0,0.0
full,1,7,3150.0,50.0,0.08,0.06,0.02,0.96,0.08,0.02,1.0,3.0,0.0,1.0,0.0
full,1,8,3600.0,52.0,0.11538461538461539,0.07692307692307693,0.038461538461538464,0.9423076923076923,0.038461538461538464,0.0,0.9615384615384616,4.0,0.0,2.0,0.0
full,1,9,4050.0,50.0,0.3,0.18,0.12,0.94,0.06,0.02,1.0,8.0,1.0,5.0,0.0
full,1,10,4500.0,53.0,0.07547169811320754,0.03773584905660377,0.03773584905660377,0.9811320754716981,0.07547169811320754,0.0,1.0,2.0,0.0,2.0,0.0
full,1,11,4950.0,59.0,0.3220338983050847,0.15254237288135594,0.1694915254237288,0.9152542372881356,0.1864406779661017,0.11864406779661017,0.9830508474576272,9.0,0.0,10.0,0.0
full,1,12,5400.0,58.0,0.3793103448275862,0.1724137931034483,0.20689655172413793,0.8275862068965517,0.5,0.13793103448275862,0.9137931034482759,10.0,0.0,12.0,0.0
full,1,13,5850.0,52.0,0.34615384615384615,0.19230769230769232,0.15384615384615385,0.8653846153846154,0.34615384615384615,0.019230769230769232,0.9807692307692307,10.0,0.0,6.0,0.0
full,1,14,6300.0,53.0,0.33962264150943394,0.1509433962264151,0.18867924528301888,0.8679245283018868,0.41509433962264153,0.07547169811320754,0.9622641509433962,8.0,0.0,9.0,0.0
full,1,15,6750.0,55.0,0.43636363636363634,0.09090909090909091,0.34545454545454546,0.9272727272727272,0.8,0.2909090909090909,0.8363636363636363,5.0,0.0,19.0,0.0
full,1,16,7200.0,44.0,0.3409090909090909,0.13636363636363635,0.20454545454545456,0.8863636363636364,0.7272727272727273,0.20454545454545456,0.8409090909090909,6.0,0.0,9.0,0.0
full,1,17,7650.0,49.0,0.3877551020408163,0.16326530612244897,0.22448979591836735,0.8775510204081632,0.8979591836734694,0.20408163265306123,0.7551020408163265,8.0,0.0,11.0,0.0
full,1,18,8100.0,43.0,0.23255813953488372,0.13953488372093023,0.09302325581395349,0.9302325581395349,0.7209302325581395,0.09302325581395349,0.7906976744186046,6.0,0.0,4.0,0.0
full,1,19,8550.0,43.0,0.20930232558139536,0.13953488372093023,0.06976744186046512,0.8837209302325582,0.5348837209302325,0.046511627906976744,0.813953488372093,6.0,0.0,3.0,0.0
full,1,20,9000.0,41.0,0.2926829268292683,0.0975609756097561,0.1951219512195122,0.926829268292683,0.6829268292682927,0.1951219512195122,0.8292682926829268,4.0,0.0,8.0,0.0
full,1,21,9450.0,45.0,0.28888888888888886,0.13333333333333333,0.15555555555555556,0.8666666666666667,0.7777777777777778,0.13333333333333333,0.7555555555555555,6.0,0.0,7.0,0.0
full,1,22,9900.0,42.0,0.2857142857142857,0.11904761904761904,0.16666666666666666,0.9047619047619048,0.7142857142857143,0.16666666666666666,0.7619047619047619,5.0,0.0,7.0,0.0
full,1,23,10350.0,24.0,0.25,0.08333333333333333,0.16666666666666666,0.9166666666666666,0.6666666666666666,0.16666666666666666,0.875,1.0,1.0,4.0,0.0
full,2,0,0.0,23.0,0.43478260869565216,0.43478260869565216,0.0,0.6086956521739131,0.0,0.0,1.0,10.0,0.0,0.0,0.0
full,2,1,450.0,18.0,0.05555555555555555,0.05555555555555555,0.0,0.9444444444444444,0.0,0.0,1.0,1.0,0.0,0.0,0.0
full,2,2,900.0,25.0,0.08,0.04,0.04,1.0,0.04,0.04,1.0,1.0,0.0,1.0,0.0
full,2,3,1350.0,19.0,0.21052631578947367,0.21052631578947367,0.0,0.9473684210526315,0.0,0.0,1.0,4.0,0.0,0.0,0.0
full,2,4,1800.0,23.0,0.13043478260869565,0.13043478260869565,0.0,0.9130434782608695,0.0,0.0,1.0,3.0,0.0,0.0,0.0
full,2,5,2250.0,19.0,0.21052631578947367,0.21052631578947367,0.0,0.8947368421052632,0.0,0.0,1.0,4.0,0.0,0.0,0.0
full,2,6,2700.0,35.0,0.02857142857142857,0.0,0.02857142857142857,1.0,0.05714285714285714,0.02857142857142857,0.9714285714285714,0.0,0.0,1.0,0.0
full,2,7,3150.0,43.0,0.09302325581395349,0.023255813953488372,0.06976744186046512,0.9767441860465116,0.046511627906976744,0.0,0.9767441860465116,1.0,0.0,3.0,0.0
full,2,8,3600.0,47.0,0.1702127659574468,0.1276595744680851,0.0425531914893617,0.8936170212765957,0.06382978723404255,0.02127659574468085,1.0,6.0,0.0,2.0,0.0
full,2,9,4050.0,56.0,0.21428571428571427,0.14285714285714285,0.07142857142857142,0.9285714285714286,0.10714285714285714,0.0,1.0,8.0,0.0,4.0,0.0
full,2,10,4500.0,46.0,0.15217391304347827,0.08695652173913043,0.06521739130434782,0.9782608695652174,0.15217391304347827,0.0,1.0,4.0,0.0,2.0,0.0
full,2,11,4950.0,56.0,0.23214285714285715,0.125,0.10714285714285714,0.9107142857142857,0.25,0.05357142857142857,1.0,7.0,0.0,6.0,0.0
full,2,12,5400.0,59.0,0.288135593220339,0.23728813559322035,0.05084745762711865,0.7796610169491526,0.1864406779661017,0.05084745762711865,0.9491525423728814,14.0,0.0,3.0,0.0
full,2,13,5850.0,53.0,0.41509433962264153,0.24528301886792453,0.16981132075471697,0.7735849056603774,0.33962264150943394,0.09433962264150944,0.9622641509433962,13.0,0.0,7.0,0.0
full,2,14,6300.0,52.0,0.25,0.11538461538461539,0.1346153846153846,0.8846153846153846,0.4807692307692308,0.057692307692307696,0.9615384615384616,6.0,0.0,7.0,0.0
full,2,15,6750.0,56.0,0.30357142857142855,0.05357142857142857,0.25,0.9464285714285714,0.625,0.25,0.9464285714285714,3.0,0.0,14.0,0.0
full,2,16,7200.0,50.0,0.28,0.08,0.2,0.94,0.72,0.2,0.84,4.0,0.0,10.0,0.0
full,2,17,7650.0,61.0,0.4426229508196721,0.11475409836065574,0.32786885245901637,0.9344262295081968,0.6885245901639344,0.29508196721311475,0.9344262295081968,7.0,0.0,20.0,0.0
full,2,18,8100.0,50.0,0.44,0.2,0.24,0.82,0.76,0.2,0.82,10.0,0.0,12.0,0.0
full,2,19,8550.0,49.0,0.3469387755102041,0.1836734693877551,0.16326530612244897,0.8775510204081632,0.7142857142857143,0.14285714285714285,0.7755102040816326,9.0,0.0,8.0,0.0
full,2,20,9000.0,48.0,0.25,0.08333333333333333,0.16666666666666666,0.9375,0.7916666666666666,0.14583333333333334,0.8125,4.0,0.0,8.0,0.0
full,2,21,9450.0,42.0,0.19047619047619047,0.11904761904761904,0.07142857142857142,0.9285714285714286,0.8095238095238095,0.07142857142857142,0.7857142857142857,5.0,0.0,3.0,0.0
full,2,22,9900.0,34.0,0.08823529411764706,0.0,0.08823529411764706,1.0,0.8235294117647058,0.08823529411764706,0.8529411764705882,0.0,0.0,3.0,0.0
full,2,23,10350.0,36.0,0.25,0.16666666666666666,0.08333333333333333,0.9166666666666666,0.6111111111111112,0.08333333333333333,0.75,6.0,0.0,3.0,0.0
no_memory,0,0,0.0,26.0,0.38461538461538464,0.38461538461538464,0.0,0.6153846153846154,0.0,0.0,1.0,10.0,0.0,0.0,0.0
no_memory,0,1,450.0,21.0,0.09523809523809523,0.09523809523809523,0.0,0.9047619047619048,0.0,0.0,1.0,2.0,0.0,0.0,0.0
no_memory,0,2,900.0,22.0,0.18181818181818182,0.09090909090909091,0.09090909090909091,1.0,0.0,0.0,1.0,2.0,0.0,2.0,0.0
no_memory,0,3,1350.0,16.0,0.0,0.0,0.0,1.0,0.0,0.0,1.0,0.0,0.0,0.0,0.0
no_memory,0,4,1800.0,23.0,0.13043478260869565,0.13043478260869565,0.0,0.9130434782608695,0.0,0.0,1.0,3.0,0.0,0.0,0.0
no_memory,0,5,2250.0,31.0,0.1935483870967742,0.03225806451612903,0.16129032258064516,0.967741935483871,0.0967741935483871,0.0967741935483871,1.0,1.0,0.0,5.0,0.0
no_memory,0,6,2700.0,34.0,0.20588235294117646,0.029411764705882353,0.17647058823529413,1.0,0.029411764705882353,0.029411764705882353,1.0,1.0,0.0,6.0,0.0
no_memory,0,7,3150.0,51.0,0.29411764705882354,0.11764705882352941,0.17647058823529413,0.9215686274509803,0.0196078431372549,0.0196078431372549,1.0,6.0,0.0,9.0,0.0
no_memory,0,8,3600.0,43.0,0.32558139534883723,0.11627906976744186,0.20930232558139536,0.8837209302325582,0.0,0.0,1.0,5.0,0.0,9.0,0.0
no_memory,0,9,4050.0,58.0,0.25862068965517243,0.05172413793103448,0.20689655172413793,0.9655172413793104,0.15517241379310345,0.06896551724137931,0.9137931034482759,3.0,0.0,12.0,0.0
no_memory,0,10,4500.0,45.0,0.24444444444444444,0.044444444444444446,0.2,0.9777777777777777,0.022222222222222223,0.022222222222222223,1.0,2.0,0.0,9.0,0.0
no_memory,0,11,4950.0,52.0,0.36538461538461536,0.09615384615384616,0.2692307692307692,0.9615384615384616,0.057692307692307696,0.057692307692307696,1.0,5.0,0.0,14.0,0.0
no_memory,0,12,5400.0,69.0,0.7101449275362319,0.2753623188405797,0.43478260869565216,0.7536231884057971,0.391304347826087,0.3188405797101449,0.9565217391304348,19.0,0.0,30.0,0.0
no_memory,0,13,5850.0,28.0,0.7142857142857143,0.17857142857142858,0.5357142857142857,0.8571428571428571,0.5,0.4642857142857143,0.9642857142857143,4.0,1.0,15.0,0.0
no_memory,0,14,6300.0,52.0,0.7307692307692307,0.19230769230769232,0.5384615384615384,0.8461538461538461,0.40384615384615385,0.38461538461538464,0.9807692307692307,10.0,0.0,27.0,1.0
no_memory,0,15,6750.0,53.0,0.660377358490566,0.11320754716981132,0.5471698113207547,0.9245283018867925,0.5660377358490566,0.49056603773584906,0.9245283018867925,6.0,0.0,29.0,0.0
no_memory,0,16,7200.0,60.0,0.8,0.06666666666666667,0.7333333333333333,0.9333333333333333,0.7333333333333333,0.6166666666666667,0.8833333333333333,4.0,0.0,42.0,2.0
no_memory,0,17,7650.0,55.0,0.8,0.12727272727272726,0.6727272727272727,0.8909090909090909,0.7090909090909091,0.5636363636363636,0.8545454545454545,7.0,0.0,37.0,0.0
no_memory,0,18,8100.0,50.0,0.7,0.06,0.64,0.94,0.54,0.5,0.96,3.0,0.0,32.0,0.0
no_memory,0,19,8550.0,53.0,0.6037735849056604,0.11320754716981132,0.49056603773584906,0.9056603773584906,0.7358490566037735,0.49056603773584906,0.7547169811320755,6.0,0.0,26.0,0.0
no_memory,0,20,9000.0,44.0,0.5454545454545454,0.06818181818181818,0.4772727272727273,0.9318181818181818,0.6818181818181818,0.45454545454545453,0.7727272727272727,3.0,0.0,21.0,0.0
no_memory,0,21,9450.0,41.0,0.5609756097560976,0.17073170731707318,0.3902439024390244,0.8780487804878049,0.5365853658536586,0.3902439024390244,0.8536585365853658,6.0,1.0,16.0,0.0
no_memory,0,22,9900.0,49.0,0.42857142857142855,0.08163265306122448,0.3469387755102041,0.9591836734693877,0.5306122448979592,0.32653061224489793,0.7959183673469388,4.0,0.0,17.0,0.0
no_memory,0,23,10350.0,24.0,0.8333333333333334,0.16666666666666666,0.6666666666666666,0.875,0.75,0.625,0.875,4.0,0.0,16.0,0.0
no_memory,1,0,0.0,35.0,0.37142857142857144,0.34285714285714286,0.02857142857142857,0.7142857142857143,0.0,0.0,1.0,12.0,0.0,1.0,0.0
no_memory,1,1,450.0,23.0,0.17391304347826086,0.17391304347826086,0.0,0.9130434782608695,0.0,0.0,1.0,4.0,0.0,0.0,0.0
no_memory,1,2,900.0,16.0,0.0625,0.0625,0.0,1.0,0.0,0.0,1.0,1.0,0.0,0.0,0.0
no_memory,1,3,1350.0,20.0,0.1,0.1,0.0,0.9,0.0,0.0,1.0,2.0,0.0,0.0,0.0
no_memory,1,4,1800.0,24.0,0.16666666666666666,0.16666666666666666,0.0,0.9166666666666666,0.0,0.0,1.0,3.0,1.0,0.0,0.0
no_memory,1,5,2250.0,26.0,0.11538461538461539,0.07692307692307693,0.038461538461538464,0.9615384615384616,0.0,0.0,1.0,2.0,0.0,1.0,0.0
no_memory,1,6,2700.0,43.0,0.13953488372093023,0.06976744186046512,0.06976744186046512,0.9767441860465116,0.023255813953488372,0.023255813953488372,1.0,3.0,0.0,3.0,0.0
no_memory,1,7,3150.0,50.0,0.26,0.06,0.2,0.96,0.08,0.08,1.0,3.0,0.0,9.0,1.0
no_memory,1,8,3600.0,52.0,0.21153846153846154,0.07692307692307693,0.1346153846153846,0.9423076923076923,0.038461538461538464,0.0,0.9615384615384616,4.0,0.0,7.0,0.0
no_memory,1,9,4050.0,50.0,0.54,0.18,0.36,0.94,0.06,0.06,1.0,8.0,1.0,18.0,0.0
no_memory,1,10,4500.0,53.0,0.33962264150943394,0.03773584905660377,0.3018867924528302,0.9811320754716981,0.07547169811320754,0.07547169811320754,1.0,2.0,0.0,15.0,1.0
no_memory,1,11,4950.0,59.0,0.4576271186440678,0.15254237288135594,0.3050847457627119,0.9152542372881356,0.11864406779661017,0.11864406779661017,1.0,9.0,0.0,18.0,0.0
no_memory,1,12,5400.0,58.0,0.6896551724137931,0.1724137931034483,0.5172413793103449,0.8275862068965517,0.41379310344827586,0.3103448275862069,0.9137931034482759,10.0,0.0,29.0,1.0
no_memory,1,13,5850.0,52.0,0.8269230769230769,0.19230769230769232,0.6346153846153846,0.8653846153846154,0.5384615384615384,0.5192307692307693,0.9807692307692307,10.0,0.0,33.0,0.0
no_memory,1,14,6300.0,53.0,0.6981132075471698,0.1509433962264151,0.5471698113207547,0.8679245283018868,0.5471698113207547,0.4339622641509434,0.8867924528301887,8.0,0.0,29.0,0.0
no_memory,1,15,6750.0,55.0,0.6363636363636364,0.09090909090909091,0.5454545454545454,0.9272727272727272,0.6727272727272727,0.4909090909090909,0.8363636363636363,5.0,0.0,30.0,0.0
no_memory,1,16,7200.0,44.0,0.8409090909090909,0.13636363636363635,0.7045454545454546,0.8863636363636364,0.7954545454545454,0.6136363636363636,0.8181818181818182,6.0,0.0,31.0,0.0
no_memory,1,17,7650.0,49.0,0.7142857142857143,0.16326530612244897,0.5510204081632653,0.8775510204081632,0.7142857142857143,0.4489795918367347,0.7346938775510204,8.0,0.0,27.0,0.0
no_memory,1,18,8100.0,43.0,0.6046511627906976,0.13953488372093023,0.46511627906976744,0.9302325581395349,0.6511627906976745,0.4418604651162791,0.7906976744186046,6.0,0.0,20.0,0.0
no_memory,1,19,8550.0,43.0,0.6046511627906976,0.13953488372093023,0.46511627906976744,0.8837209302325582,0.6744186046511628,0.46511627906976744,0.7906976744186046,6.0,0.0,20.0,0.0
no_memory,1,20,9000.0,41.0,0.8536585365853658,0.0975609756097561,0.7560975609756098,0.926829268292683,0.7804878048780488,0.6829268292682927,0.9024390243902439,4.0,0.0,31.0,0.0
no_memory,1,21,9450.0,45.0,0.6888888888888889,0.13333333333333333,0.5555555555555556,0.8666666666666667,0.7111111111111111,0.4666666666666667,0.7555555555555555,6.0,0.0,25.0,0.0
no_memory,1,22,9900.0,42.0,0.6904761904761905,0.11904761904761904,0.5714285714285714,0.9047619047619048,0.8095238095238095,0.5714285714285714,0.7619047619047619,5.0,0.0,23.0,1.0
no_memory,1,23,10350.0,24.0,0.6666666666666666,0.08333333333333333,0.5833333333333334,0.9166666666666666,0.6666666666666666,0.5833333333333334,0.9166666666666666,1.0,1.0,14.0,0.0
no_memory,2,0,0.0,23.0,0.43478260869565216,0.43478260869565216,0.0,0.6086956521739131,0.0,0.0,1.0,10.0,0.0,0.0,0.0
no_memory,2,1,450.0,18.0,0.05555555555555555,0.05555555555555555,0.0,0.9444444444444444,0.0,0.0,1.0,1.0,0.0,0.0,0.0
no_memory,2,2,900.0,25.0,0.08,0.04,0.04,1.0,0.04,0.04,1.0,1.0,0.0,1.0,0.0
no_memory,2,3,1350.0,19.0,0.21052631578947367,0.21052631578947367,0.0,0.9473684210526315,0.0,0.0,1.0,4.0,0.0,0.0,0.0
no_memory,2,4,1800.0,23.0,0.13043478260869565,0.13043478260869565,0.0,0.9130434782608695,0.0,0.0,1.0,3.0,0.0,0.0,0.0
no_memory,2,5,2250.0,19.0,0.5263157894736842,0.21052631578947367,0.3157894736842105,0.8947368421052632,0.0,0.0,1.0,4.0,0.0,6.0,0.0
no_memory,2,6,2700.0,35.0,0.08571428571428572,0.0,0.08571428571428572,1.0,0.05714285714285714,0.02857142857142857,0.9714285714285714,0.0,0.0,3.0,0.0
no_memory,2,7,3150.0,43.0,0.27906976744186046,0.023255813953488372,0.2558139534883721,0.9767441860465116,0.046511627906976744,0.023255813953488372,0.9767441860465116,1.0,0.0,11.0,0.0
no_memory,2,8,3600.0,47.0,0.3617021276595745,0.1276595744680851,0.23404255319148937,0.8936170212765957,0.06382978723404255,0.06382978723404255,1.0,6.0,0.0,11.0,0.0
no_memory,2,9,4050.0,56.0,0.5178571428571429,0.14285714285714285,0.375,0.9285714285714286,0.10714285714285714,0.10714285714285714,1.0,8.0,0.0,21.0,0.0
no_memory,2,10,4500.0,46.0,0.5652173913043478,0.08695652173913043,0.4782608695652174,0.9782608695652174,0.13043478260869565,0.13043478260869565,1.0,4.0,0.0,22.0,0.0
no_memory,2,11,4950.0,56.0,0.48214285714285715,0.125,0.35714285714285715,0.9107142857142857,0.21428571428571427,0.21428571428571427,1.0,7.0,0.0,19.0,1.0
no_memory,2,12,5400.0,59.0,0.5084745762711864,0.23728813559322035,0.2711864406779661,0.7796610169491526,0.1694915254237288,0.11864406779661017,0.9491525423728814,14.0,0.0,16.0,0.0
no_memory,2,13,5850.0,53.0,0.6792452830188679,0.24528301886792453,0.4339622641509434,0.7735849056603774,0.3018867924528302,0.2641509433962264,0.9622641509433962,13.0,0.0,23.0,0.0
no_memory,2,14,6300.0,52.0,0.8076923076923077,0.11538461538461539,0.6923076923076923,0.8846153846153846,0.5,0.46153846153846156,0.9615384615384616,6.0,0.0,36.0,0.0
no_memory,2,15,6750.0,56.0,0.6964285714285714,0.05357142857142857,0.6428571428571429,0.9464285714285714,0.6428571428571429,0.6071428571428571,0.9642857142857143,3.0,0.0,36.0,0.0
no_memory,2,16,7200.0,50.0,0.82,0.08,0.74,0.94,0.76,0.62,0.86,4.0,0.0,37.0,0.0
no_memory,2,17,7650.0,61.0,0.7540983606557377,0.11475409836065574,0.639344262295082,0.9344262295081968,0.7049180327868853,0.5737704918032787,0.8688524590163934,7.0,0.0,39.0,0.0
no_memory,2,18,8100.0,50.0,0.92,0.2,0.72,0.82,0.86,0.7,0.84,10.0,0.0,35.0,1.0
no_memory,2,19,8550.0,49.0,0.673469387755102,0.1836734693877551,0.4897959183673469,0.8775510204081632,0.7142857142857143,0.42857142857142855,0.7346938775510204,9.0,0.0,24.0,0.0
no_memory,2,20,9000.0,48.0,0.6875,0.08333333333333333,0.6041666666666666,0.9375,0.8333333333333334,0.6041666666666666,0.7708333333333334,4.0,0.0,29.0,0.0
no_memory,2,21,9450.0,42.0,0.6190476190476191,0.11904761904761904,0.5,0.9285714285714286,0.6904761904761905,0.4523809523809524,0.7857142857142857,5.0,0.0,21.0,0.0
no_memory,2,22,9900.0,34.0,0.5,0.0,0.5,1.0,0.6470588235294118,0.5,0.8529411764705882,0.0,0.0,17.0,0.0
no_memory,2,23,10350.0,36.0,0.5555555555555556,0.16666666666666666,0.3888888888888889,0.9166666666666666,0.5833333333333334,0.3888888888888889,0.8055555555555556,6.0,0.0,14.0,0.0
no_intent_cache,0,0,0.0,26.0,1.0,1.0,0.0,0.0,0.0,0.0,1.0,25.0,1.0,0.0,0.0
no_intent_cache,0,1,450.0,21.0,1.0,1.0,0.0,0.0,0.0,0.0,1.0,17.0,4.0,0.0,0.0
no_intent_cache,0,2,900.0,22.0,1.0,1.0,0.0,0.0,0.0,0.0,1.0,17.0,5.0,0.0,0.0
no_intent_cache,0,3,1350.0,16.0,1.0,1.0,0.0,0.0,0.0,0.0,1.0,10.0,6.0,0.0,0.0
no_intent_cache,0,4,1800.0,23.0,1.0,1.0,0.0,0.0,0.0,0.0,1.0,11.0,12.0,0.0,0.0
no_intent_cache,0,5,2250.0,31.0,1.064516129032258,1.0,0.06451612903225806,0.0,0.0967741935483871,0.06451612903225806,1.0,13.0,18.0,2.0,0.0
no_intent_cache,0,6,2700.0,34.0,1.0,1.0,0.0,0.0,0.029411764705882353,0.0,1.0,12.0,22.0,0.0,0.0
no_intent_cache,0,7,3150.0,51.0,1.0,1.0,0.0,0.0,0.0196078431372549,0.0,1.0,24.0,27.0,0.0,0.0
no_intent_cache,0,8,3600.0,43.0,1.0465116279069768,1.0,0.046511627906976744,0.0,0.0,0.0,1.0,17.0,26.0,2.0,0.0
no_intent_cache,0,9,4050.0,58.0,1.0172413793103448,1.0,0.017241379310344827,0.0,0.15517241379310345,0.0,0.9310344827586207,26.0,32.0,1.0,0.0
no_intent_cache,0,10,4500.0,45.0,1.0666666666666667,1.0,0.06666666666666667,0.0,0.044444444444444446,0.0,1.0,21.0,24.0,2.0,0.0
no_intent_cache,0,11,4950.0,52.0,1.0192307692307692,1.0,0.019230769230769232,0.0,0.0,0.0,1.0,20.0,32.0,1.0,0.0
no_intent_cache,0,12,5400.0,69.0,1.2028985507246377,1.0,0.2028985507246377,0.0,0.36231884057971014,0.13043478260869565,0.9710144927536232,37.0,32.0,14.0,0.0
no_intent_cache,0,13,5850.0,28.0,1.1071428571428572,1.0,0.10714285714285714,0.0,0.5357142857142857,0.10714285714285714,0.9285714285714286,11.0,17.0,3.0,0.0
no_intent_cache,0,14,6300.0,52.0,1.0961538461538463,1.0,0.09615384615384616,0.0,0.23076923076923078,0.057692307692307696,0.9807692307692307,40.0,12.0,4.0,0.0
no_intent_cache,0,15,6750.0,53.0,1.169811320754717,1.0,0.16981132075471697,0.0,0.4716981132075472,0.16981132075471697,0.9245283018867925,45.0,8.0,9.0,0.0
no_intent_cache,0,16,7200.0,60.0,1.1666666666666667,1.0,0.16666666666666666,0.0,0.5,0.13333333333333333,0.9,47.0,13.0,10.0,0.0
no_intent_cache,0,17,7650.0,55.0,1.2181818181818183,1.0,0.21818181818181817,0.0,0.7454545454545455,0.2,0.8363636363636363,34.0,21.0,12.0,0.0
no_intent_cache,0,18,8100.0,50.0,1.14,1.0,0.14,0.0,0.56,0.12,0.9,32.0,18.0,7.0,0.0
no_intent_cache,0,19,8550.0,53.0,1.1886792452830188,1.0,0.18867924528301888,0.0,0.6792452830188679,0.18867924528301888,0.7358490566037735,29.0,24.0,10.0,0.0
no_intent_cache,0,20,9000.0,44.0,1.1590909090909092,1.0,0.1590909090909091,0.0,0.6818181818181818,0.1590909090909091,0.7727272727272727,29.0,15.0,7.0,0.0
no_intent_cache,0,21,9450.0,41.0,1.1219512195121952,1.0,0.12195121951219512,0.0,0.6341463414634146,0.12195121951219512,0.7804878048780488,20.0,21.0,5.0,0.0
no_intent_cache,0,22,9900.0,49.0,1.0816326530612246,1.0,0.08163265306122448,0.0,0.5510204081632653,0.061224489795918366,0.8163265306122449,32.0,17.0,4.0,0.0
no_intent_cache,0,23,10350.0,24.0,1.2083333333333333,1.0,0.20833333333333334,0.0,0.875,0.20833333333333334,0.875,17.0,7.0,5.0,0.0
no_intent_cache,1,0,0.0,35.0,1.0,1.0,0.0,0.0,0.0,0.0,1.0,31.0,4.0,0.0,0.0
no_intent_cache,1,1,450.0,23.0,1.0,1.0,0.0,0.0,0.0,0.0,1.0,16.0,7.0,0.0,0.0
no_intent_cache,1,2,900.0,16.0,1.0,1.0,0.0,0.0,0.0,0.0,1.0,9.0,7.0,0.0,0.0
no_intent_cache,1,3,1350.0,20.0,1.0,1.0,0.0,0.0,0.0,0.0,1.0,13.0,7.0,0.0,0.0
no_intent_cache,1,4,1800.0,24.0,1.0,1.0,0.0,0.0,0.0,0.0,1.0,12.0,12.0,0.0,0.0
no_intent_cache,1,5,2250.0,26.0,1.0384615384615385,1.0,0.038461538461538464,0.0,0.0,0.0,1.0,13.0,13.0,1.0,0.0
no_intent_cache,1,6,2700.0,43.0,1.0,1.0,0.0,0.0,0.023255813953488372,0.0,1.0,22.0,21.0,0.0,0.0
no_intent_cache,1,7,3150.0,50.0,1.02,1.0,0.02,0.0,0.08,0.02,1.0,24.0,26.0,1.0,0.0
no_intent_cache,1,8,3600.0,52.0,1.0576923076923077,1.0,0.057692307692307696,0.0,0.038461538461538464,0.0,0.9615384615384616,29.0,23.0,3.0,0.0
no_intent_cache,1,9,4050.0,50.0,1.08,1.0,0.08,0.0,0.04,0.02,1.0,26.0,24.0,3.0,0.0
no_intent_cache,1,10,4500.0,53.0,1.0188679245283019,1.0,0.018867924528301886,0.0,0.05660377358490566,0.0,1.0,27.0,26.0,1.0,0.0
no_intent_cache,1,11,4950.0,59.0,1.1016949152542372,1.0,0.1016949152542373,0.0,0.11864406779661017,0.0847457627118644,1.0,30.0,29.0,6.0,0.0
no_intent_cache,1,12,5400.0,58.0,1.1379310344827587,1.0,0.13793103448275862,0.0,0.43103448275862066,0.10344827586206896,0.9482758620689655,29.0,29.0,8.0,0.0
no_intent_cache,1,13,5850.0,52.0,1.2692307692307692,1.0,0.2692307692307692,0.0,0.5576923076923077,0.17307692307692307,0.9615384615384616,18.0,34.0,11.0,0.0
no_intent_cache,1,14,6300.0,53.0,1.1320754716981132,1.0,0.1320754716981132,0.0,0.41509433962264153,0.09433962264150944,0.9811320754716981,43.0,10.0,7.0,0.0
no_intent_cache,1,15,6750.0,55.0,1.309090909090909,1.0,0.3090909090909091,0.0,0.7090909090909091,0.3090909090909091,0.8727272727272727,44.0,11.0,17.0,0.0
no_intent_cache,1,16,7200.0,44.0,1.4318181818181819,1.0,0.4318181818181818,0.0,0.75,0.38636363636363635,0.8636363636363636,29.0,15.0,19.0,0.0
no_intent_cache,1,17,7650.0,49.0,1.2244897959183674,1.0,0.22448979591836735,0.0,0.7142857142857143,0.22448979591836735,0.7755102040816326,35.0,14.0,11.0,0.0
no_intent_cache,1,18,8100.0,43.0,1.0930232558139534,1.0,0.09302325581395349,0.0,0.6046511627906976,0.09302325581395349,0.7906976744186046,27.0,16.0,4.0,0.0
no_intent_cache,1,19,8550.0,43.0,1.1162790697674418,1.0,0.11627906976744186,0.0,0.5581395348837209,0.11627906976744186,0.813953488372093,27.0,16.0,5.0,0.0
no_intent_cache,1,20,9000.0,41.0,1.146341463414634,1.0,0.14634146341463414,0.0,0.6829268292682927,0.12195121951219512,0.8780487804878049,27.0,14.0,6.0,0.0
no_intent_cache,1,21,9450.0,45.0,1.0888888888888888,1.0,0.08888888888888889,0.0,0.7111111111111111,0.044444444444444446,0.7333333333333333,28.0,17.0,4.0,0.0
no_intent_cache,1,22,9900.0,42.0,1.1904761904761905,1.0,0.19047619047619047,0.0,0.7857142857142857,0.19047619047619047,0.7619047619047619,20.0,22.0,8.0,0.0
no_intent_cache,1,23,10350.0,24.0,1.125,1.0,0.125,0.0,0.5833333333333334,0.125,0.9166666666666666,11.0,13.0,3.0,0.0
no_intent_cache,2,0,0.0,23.0,1.0,1.0,0.0,0.0,0.0,0.0,1.0,23.0,0.0,0.0,0.0
no_intent_cache,2,1,450.0,18.0,1.0,1.0,0.0,0.0,0.0,0.0,1.0,16.0,2.0,0.0,0.0
no_intent_cache,2,2,900.0,25.0,1.04,1.0,0.04,0.0,0.04,0.04,1.0,20.0,5.0,1.0,0.0
no_intent_cache,2,3,1350.0,19.0,1.0,1.0,0.0,0.0,0.0,0.0,1.0,13.0,6.0,0.0,0.0
no_intent_cache,2,4,1800.0,23.0,1.0,1.0,0.0,0.0,0.0,0.0,1.0,13.0,10.0,0.0,0.0
no_intent_cache,2,5,2250.0,19.0,1.0,1.0,0.0,0.0,0.0,0.0,1.0,11.0,8.0,0.0,0.0
no_intent_cache,2,6,2700.0,35.0,1.0285714285714285,1.0,0.02857142857142857,0.0,0.05714285714285714,0.02857142857142857,0.9714285714285714,14.0,21.0,1.0,0.0
no_intent_cache,2,7,3150.0,43.0,1.0465116279069768,1.0,0.046511627906976744,0.0,0.046511627906976744,0.0,0.9767441860465116,25.0,18.0,2.0,0.0
no_intent_cache,2,8,3600.0,47.0,1.0638297872340425,1.0,0.06382978723404255,0.0,0.06382978723404255,0.02127659574468085,1.0,27.0,20.0,3.0,0.0
no_intent_cache,2,9,4050.0,56.0,1.0,1.0,0.0,0.0,0.10714285714285714,0.0,1.0,26.0,30.0,0.0,0.0
no_intent_cache,2,10,4500.0,46.0,1.108695652173913,1.0,0.10869565217391304,0.0,0.15217391304347827,0.0,1.0,18.0,28.0,4.0,0.0
no_intent_cache,2,11,4950.0,56.0,1.1964285714285714,1.0,0.19642857142857142,0.0,0.2857142857142857,0.07142857142857142,0.9821428571428571,29.0,27.0,11.0,0.0
no_intent_cache,2,12,5400.0,59.0,1.152542372881356,1.0,0.15254237288135594,0.0,0.2033898305084746,0.06779661016949153,0.9491525423728814,34.0,25.0,9.0,0.0
no_intent_cache,2,13,5850.0,53.0,1.2075471698113207,1.0,0.20754716981132076,0.0,0.3584905660377358,0.11320754716981132,0.9622641509433962,27.0,26.0,9.0,0.0
no_intent_cache,2,14,6300.0,52.0,1.0961538461538463,1.0,0.09615384615384616,0.0,0.4807692307692308,0.09615384615384616,0.9615384615384616,36.0,16.0,5.0,0.0
no_intent_cache,2,15,6750.0,56.0,1.2321428571428572,1.0,0.23214285714285715,0.0,0.5535714285714286,0.19642857142857142,0.8928571428571429,49.0,7.0,12.0,0.0
no_intent_cache,2,16,7200.0,50.0,1.28,1.0,0.28,0.0,0.74,0.22,0.94,34.0,16.0,14.0,0.0
no_intent_cache,2,17,7650.0,61.0,1.2950819672131149,1.0,0.29508196721311475,0.0,0.7868852459016393,0.2786885245901639,0.9016393442622951,42.0,19.0,18.0,0.0
no_intent_cache,2,18,8100.0,50.0,1.3,1.0,0.3,0.0,0.76,0.28,0.86,33.0,17.0,15.0,0.0
no_intent_cache,2,19,8550.0,49.0,1.183673469387755,1.0,0.1836734693877551,0.0,0.6530612244897959,0.16326530612244897,0.7755102040816326,33.0,16.0,9.0,0.0
no_intent_cache,2,20,9000.0,48.0,1.125,1.0,0.125,0.0,0.7291666666666666,0.08333333333333333,0.8125,23.0,25.0,6.0,0.0
no_intent_cache,2,21,9450.0,42.0,1.119047619047619,1.0,0.11904761904761904,0.0,0.6666666666666666,0.09523809523809523,0.7857142857142857,24.0,18.0,5.0,0.0
no_intent_cache,2,22,9900.0,34.0,1.2058823529411764,1.0,0.20588235294117646,0.0,0.6470588235294118,0.14705882352941177,0.9117647058823529,19.0,15.0,6.0,0.0
no_intent_cache,2,23,10350.0,36.0,1.0277777777777777,1.0,0.027777777777777776,0.0,0.5833333333333334,0.027777777777777776,0.8055555555555556,19.0,17.0,1.0,0.0
no_cache_sharing,0,0,0.0,26.0,0.8076923076923077,0.8076923076923077,0.0,0.19230769230769232,0.0,0.0,1.0,21.0,0.0,0.0,0.0
no_cache_sharing,0,1,450.0,21.0,0.7142857142857143,0.7142857142857143,0.0,0.2857142857142857,0.0,0.0,1.0,14.0,1.0,0.0,0.0
no_cache_sharing,0,2,900.0,22.0,0.3181818181818182,0.3181818181818182,0.0,0.6818181818181818,0.0,0.0,1.0,7.0,0.0,0.0,0.0
no_cache_sharing,0,3,1350.0,16.0,0.1875,0.1875,0.0,0.8125,0.0,0.0,1.0,3.0,0.0,0.0,0.0
no_cache_sharing,0,4,1800.0,23.0,0.34782608695652173,0.34782608695652173,0.0,0.6521739130434783,0.0,0.0,1.0,7.0,1.0,0.0,0.0
no_cache_sharing,0,5,2250.0,31.0,0.5806451612903226,0.5161290322580645,0.06451612903225806,0.5161290322580645,0.0967741935483871,0.06451612903225806,1.0,8.0,8.0,2.0,0.0
no_cache_sharing,0,6,2700.0,34.0,0.4411764705882353,0.4411764705882353,0.0,0.5588235294117647,0.029411764705882353,0.0,1.0,7.0,8.0,0.0,0.0
no_cache_sharing,0,7,3150.0,51.0,0.37254901960784315,0.35294117647058826,0.0196078431372549,0.6862745098039216,0.0196078431372549,0.0,1.0,15.0,3.0,1.0,0.0
no_cache_sharing,0,8,3600.0,43.0,0.37209302325581395,0.37209302325581395,0.0,0.6511627906976745,0.0,0.0,1.0,11.0,5.0,0.0,0.0
no_cache_sharing,0,9,4050.0,58.0,0.27586206896551724,0.2413793103448276,0.034482758620689655,0.7586206896551724,0.15517241379310345,0.017241379310344827,0.9310344827586207,12.0,2.0,1.0,0.0
no_cache_sharing,0,10,4500.0,45.0,0.24444444444444444,0.2222222222222222,0.022222222222222223,0.7777777777777778,0.044444444444444446,0.0,1.0,10.0,0.0,1.0,0.0
no_cache_sharing,0,11,4950.0,52.0,0.25,0.23076923076923078,0.019230769230769232,0.8076923076923077,0.0,0.0,1.0,10.0,2.0,1.0,0.0
no_cache_sharing,0,12,5400.0,69.0,0.6666666666666666,0.43478260869565216,0.2318840579710145,0.5942028985507246,0.43478260869565216,0.14492753623188406,0.9710144927536232,24.0,6.0,16.0,0.0
no_cache_sharing,0,13,5850.0,28.0,0.5357142857142857,0.42857142857142855,0.10714285714285714,0.6785714285714286,0.5357142857142857,0.10714285714285714,0.9285714285714286,9.0,3.0,3.0,0.0
no_cache_sharing,0,14,6300.0,52.0,0.6346153846153846,0.5769230769230769,0.057692307692307696,0.4423076923076923,0.17307692307692307,0.038461538461538464,0.9807692307692307,24.0,6.0,2.0,0.0
no_cache_sharing,0,15,6750.0,53.0,0.6792452830188679,0.49056603773584906,0.18867924528301888,0.5283018867924528,0.5660377358490566,0.18867924528301888,0.9245283018867925,23.0,3.0,10.0,0.0
no_cache_sharing,0,16,7200.0,60.0,0.5166666666666667,0.2833333333333333,0.23333333333333334,0.7333333333333333,0.6333333333333333,0.21666666666666667,0.9,14.0,3.0,14.0,0.0
no_cache_sharing,0,17,7650.0,55.0,0.6545454545454545,0.4,0.2545454545454545,0.6181818181818182,0.7272727272727273,0.2,0.8181818181818182,19.0,3.0,14.0,0.0
no_cache_sharing,0,18,8100.0,50.0,0.58,0.34,0.24,0.66,0.62,0.22,0.94,11.0,6.0,12.0,0.0
no_cache_sharing,0,19,8550.0,53.0,0.660377358490566,0.5094339622641509,0.1509433962264151,0.5094339622641509,0.7547169811320755,0.1509433962264151,0.6981132075471698,19.0,8.0,8.0,0.0
no_cache_sharing,0,20,9000.0,44.0,0.5,0.3409090909090909,0.1590909090909091,0.6818181818181818,0.7045454545454546,0.13636363636363635,0.75,13.0,2.0,7.0,0.0
no_cache_sharing,0,21,9450.0,41.0,0.4878048780487805,0.36585365853658536,0.12195121951219512,0.6341463414634146,0.6097560975609756,0.12195121951219512,0.7560975609756098,11.0,4.0,5.0,0.0
no_cache_sharing,0,22,9900.0,49.0,0.5306122448979592,0.42857142857142855,0.10204081632653061,0.5714285714285714,0.6530612244897959,0.10204081632653061,0.7755102040816326,15.0,6.0,5.0,0.0
no_cache_sharing,0,23,10350.0,24.0,0.5833333333333334,0.4166666666666667,0.16666666666666666,0.5833333333333334,0.7916666666666666,0.16666666666666666,0.7916666666666666,8.0,2.0,4.0,0.0
no_cache_sharing,1,0,0.0,35.0,0.7714285714285715,0.7714285714285715,0.0,0.2571428571428571,0.0,0.0,1.0,25.0,2.0,0.0,0.0
no_cache_sharing,1,1,450.0,23.0,0.6086956521739131,0.6086956521739131,0.0,0.391304347826087,0.0,0.0,1.0,13.0,1.0,0.0,0.0
no_cache_sharing,1,2,900.0,16.0,0.4375,0.4375,0.0,0.625,0.0,0.0,1.0,6.0,1.0,0.0,0.0
no_cache_sharing,1,3,1350.0,20.0,0.75,0.75,0.0,0.3,0.0,0.0,1.0,12.0,3.0,0.0,0.0
no_cache_sharing,1,4,1800.0,24.0,0.5,0.5,0.0,0.5,0.0,0.0,1.0,8.0,4.0,0.0,0.0
no_cache_sharing,1,5,2250.0,26.0,0.2692307692307692,0.2692307692307692,0.0,0.7307692307692307,0.0,0.0,1.0,4.0,3.0,0.0,0.0
no_cache_sharing,1,6,2700.0,43.0,0.32558139534883723,0.32558139534883723,0.0,0.7209302325581395,0.023255813953488372,0.0,1.0,7.0,7.0,0.0,0.0
no_cache_sharing,1,7,3150.0,50.0,0.4,0.36,0.04,0.68,0.08,0.02,1.0,11.0,7.0,2.0,0.0
no_cache_sharing,1,8,3600.0,52.0,0.3269230769230769,0.28846153846153844,0.038461538461538464,0.75,0.057692307692307696,0.0,0.9615384615384616,12.0,3.0,2.0,0.0
no_cache_sharing,1,9,4050.0,50.0,0.4,0.34,0.06,0.7,0.04,0.02,1.0,15.0,2.0,2.0,0.0
no_cache_sharing,1,10,4500.0,53.0,0.33962264150943394,0.2830188679245283,0.05660377358490566,0.7924528301886793,0.05660377358490566,0.0,1.0,13.0,2.0,3.0,0.0
no_cache_sharing,1,11,4950.0,59.0,0.423728813559322,0.3050847457627119,0.11864406779661017,0.6949152542372882,0.1694915254237288,0.06779661016949153,0.9830508474576272,12.0,6.0,7.0,0.0
no_cache_sharing,1,12,5400.0,58.0,0.5517241379310345,0.39655172413793105,0.15517241379310345,0.6206896551724138,0.43103448275862066,0.1206896551724138,0.9137931034482759,20.0,3.0,9.0,0.0
no_cache_sharing,1,13,5850.0,52.0,0.6538461538461539,0.5,0.15384615384615385,0.5384615384615384,0.38461538461538464,0.07692307692307693,0.9807692307692307,14.0,12.0,6.0,0.0
no_cache_sharing,1,14,6300.0,53.0,0.6037735849056604,0.4528301886792453,0.1509433962264151,0.5849056603773585,0.41509433962264153,0.07547169811320754,0.9622641509433962,23.0,1.0,8.0,0.0
no_cache_sharing,1,15,6750.0,55.0,0.7454545454545455,0.4909090909090909,0.2545454545454545,0.5454545454545454,0.5636363636363636,0.21818181818181817,0.9090909090909091,22.0,5.0,14.0,0.0
no_cache_sharing,1,16,7200.0,44.0,0.7954545454545454,0.45454545454545453,0.3409090909090909,0.5681818181818182,0.5909090909090909,0.29545454545454547,0.9090909090909091,14.0,6.0,14.0,0.0
no_cache_sharing,1,17,7650.0,49.0,0.5510204081632653,0.3469387755102041,0.20408163265306123,0.6530612244897959,0.7551020408163265,0.20408163265306123,0.7959183673469388,13.0,4.0,10.0,0.0
no_cache_sharing,1,18,8100.0,43.0,0.5581395348837209,0.3023255813953488,0.2558139534883721,0.7209302325581395,0.6511627906976745,0.23255813953488372,0.8372093023255814,12.0,1.0,11.0,0.0
no_cache_sharing,1,19,8550.0,43.0,0.46511627906976744,0.3953488372093023,0.06976744186046512,0.6511627906976745,0.5813953488372093,0.06976744186046512,0.7906976744186046,11.0,6.0,3.0,0.0
no_cache_sharing,1,20,9000.0,41.0,0.4634146341463415,0.2926829268292683,0.17073170731707318,0.7317073170731707,0.7073170731707317,0.17073170731707318,0.8536585365853658,11.0,1.0,7.0,0.0
no_cache_sharing,1,21,9450.0,45.0,0.7111111111111111,0.5333333333333333,0.17777777777777778,0.5111111111111111,0.7333333333333333,0.13333333333333333,0.8222222222222222,18.0,6.0,8.0,0.0
no_cache_sharing,1,22,9900.0,42.0,0.5952380952380952,0.3333333333333333,0.2619047619047619,0.6904761904761905,0.8333333333333334,0.2619047619047619,0.7857142857142857,10.0,4.0,11.0,0.0
no_cache_sharing,1,23,10350.0,24.0,0.7083333333333334,0.5416666666666666,0.16666666666666666,0.5833333333333334,0.4583333333333333,0.125,0.875,9.0,4.0,4.0,0.0
no_cache_sharing,2,0,0.0,23.0,0.8260869565217391,0.8260869565217391,0.0,0.17391304347826086,0.0,0.0,1.0,19.0,0.0,0.0,0.0
no_cache_sharing,2,1,450.0,18.0,0.6111111111111112,0.6111111111111112,0.0,0.3888888888888889,0.0,0.0,1.0,11.0,0.0,0.0,0.0
no_cache_sharing,2,2,900.0,25.0,0.6,0.56,0.04,0.48,0.04,0.04,1.0,13.0,1.0,1.0,0.0
no_cache_sharing,2,3,1350.0,19.0,0.21052631578947367,0.21052631578947367,0.0,0.8421052631578947,0.0,0.0,1.0,4.0,0.0,0.0,0.0
no_cache_sharing,2,4,1800.0,23.0,0.6086956521739131,0.6086956521739131,0.0,0.43478260869565216,0.0,0.0,1.0,11.0,3.0,0.0,0.0
no_cache_sharing,2,5,2250.0,19.0,0.47368421052631576,0.3684210526315789,0.10526315789473684,0.631578947368421,0.0,0.0,1.0,5.0,2.0,2.0,0.0
no_cache_sharing,2,6,2700.0,35.0,0.4,0.37142857142857144,0.02857142857142857,0.6857142857142857,0.05714285714285714,0.02857142857142857,0.9714285714285714,11.0,2.0,1.0,0.0
no_cache_sharing,2,7,3150.0,43.0,0.5348837209302325,0.4883720930232558,0.046511627906976744,0.5348837209302325,0.046511627906976744,0.0,0.9767441860465116,18.0,3.0,2.0,0.0
no_cache_sharing,2,8,3600.0,47.0,0.46808510638297873,0.3829787234042553,0.0851063829787234,0.6382978723404256,0.06382978723404255,0.02127659574468085,1.0,12.0,6.0,4.0,0.0
no_cache_sharing,2,9,4050.0,56.0,0.25,0.23214285714285715,0.017857142857142856,0.7678571428571429,0.10714285714285714,0.0,1.0,11.0,2.0,1.0,0.0
no_cache_sharing,2,10,4500.0,46.0,0.4782608695652174,0.32608695652173914,0.15217391304347827,0.6956521739130435,0.15217391304347827,0.0,1.0,9.0,6.0,6.0,0.0
no_cache_sharing,2,11,4950.0,56.0,0.5178571428571429,0.375,0.14285714285714285,0.6964285714285714,0.26785714285714285,0.05357142857142857,0.9821428571428571,17.0,4.0,8.0,0.0
no_cache_sharing,2,12,5400.0,59.0,0.559322033898305,0.423728813559322,0.13559322033898305,0.576271186440678,0.1864406779661017,0.05084745762711865,0.9491525423728814,18.0,7.0,7.0,0.0
no_cache_sharing,2,13,5850.0,53.0,0.6792452830188679,0.4716981132075472,0.20754716981132076,0.5471698113207547,0.3018867924528302,0.1320754716981132,0.9622641509433962,20.0,5.0,10.0,0.0
no_cache_sharing,2,14,6300.0,52.0,0.46153846153846156,0.34615384615384615,0.11538461538461539,0.6923076923076923,0.4807692307692308,0.057692307692307696,0.9615384615384616,15.0,3.0,6.0,0.0
no_cache_sharing,2,15,6750.0,56.0,0.7142857142857143,0.42857142857142855,0.2857142857142857,0.625,0.6428571428571429,0.17857142857142858,0.8928571428571429,24.0,0.0,15.0,0.0
no_cache_sharing,2,16,7200.0,50.0,0.72,0.48,0.24,0.52,0.78,0.22,0.84,18.0,6.0,12.0,0.0
no_cache_sharing,2,17,7650.0,61.0,0.6065573770491803,0.3442622950819672,0.26229508196721313,0.6885245901639344,0.6721311475409836,0.2459016393442623,0.9180327868852459,15.0,6.0,16.0,0.0
no_cache_sharing,2,18,8100.0,50.0,0.62,0.38,0.24,0.62,0.84,0.2,0.84,16.0,3.0,11.0,0.0
no_cache_sharing,2,19,8550.0,49.0,0.7142857142857143,0.46938775510204084,0.24489795918367346,0.5510204081632653,0.7346938775510204,0.20408163265306123,0.7755102040816326,18.0,5.0,12.0,0.0
no_cache_sharing,2,20,9000.0,48.0,0.375,0.3125,0.0625,0.7083333333333334,0.7708333333333334,0.0625,0.75,11.0,4.0,3.0,0.0
no_cache_sharing,2,21,9450.0,42.0,0.6904761904761905,0.5238095238095238,0.16666666666666666,0.5,0.6428571428571429,0.14285714285714285,0.8095238095238095,18.0,4.0,7.0,0.0
no_cache_sharing,2,22,9900.0,34.0,0.5882352941176471,0.4117647058823529,0.17647058823529413,0.6176470588235294,0.7058823529411765,0.17647058823529413,0.8235294117647058,10.0,4.0,6.0,0.0
no_cache_sharing,2,23,10350.0,36.0,0.5555555555555556,0.4444444444444444,0.1111111111111111,0.5555555555555556,0.5,0.1111111111111111,0.8333333333333334,9.0,7.0,4.0,0.0
no_preempt_degrade,0,0,0.0,26.0,0.38461538461538464,0.38461538461538464,0.0,0.6153846153846154,0.0,0.0,1.0,10.0,0.0,0.0,0.0
no_preempt_degrade,0,1,450.0,21.0,0.09523809523809523,0.09523809523809523,0.0,0.9047619047619048,0.0,0.0,1.0,2.0,0.0,0.0,0.0
no_preempt_degrade,0,2,900.0,22.0,0.09090909090909091,0.09090909090909091,0.0,1.0,0.0,0.0,1.0,2.0,0.0,0.0,0.0
no_preempt_degrade,0,3,1350.0,16.0,0.0,0.0,0.0,1.0,0.0,0.0,1.0,0.0,0.0,0.0,0.0
no_preempt_degrade,0,4,1800.0,23.0,0.13043478260869565,0.13043478260869565,0.0,0.9130434782608695,0.0,0.0,1.0,3.0,0.0,0.0,0.0
no_preempt_degrade,0,5,2250.0,31.0,0.03225806451612903,0.03225806451612903,0.0,0.967741935483871,0.06451612903225806,0.0,0.9354838709677419,1.0,0.0,0.0,0.0
no_preempt_degrade,0,6,2700.0,34.0,0.029411764705882353,0.029411764705882353,0.0,1.0,0.0,0.0,1.0,1.0,0.0,0.0,0.0
no_preempt_degrade,0,7,3150.0,51.0,0.11764705882352941,0.11764705882352941,0.0,0.9215686274509803,0.0196078431372549,0.0,1.0,6.0,0.0,0.0,0.0
no_preempt_degrade,0,8,3600.0,43.0,0.11627906976744186,0.11627906976744186,0.0,0.8837209302325582,0.0,0.0,1.0,5.0,0.0,0.0,0.0
no_preempt_degrade,0,9,4050.0,58.0,0.05172413793103448,0.05172413793103448,0.0,0.9655172413793104,0.15517241379310345,0.0,0.896551724137931,3.0,0.0,0.0,0.0
no_preempt_degrade,0,10,4500.0,45.0,0.044444444444444446,0.044444444444444446,0.0,0.9777777777777777,0.022222222222222223,0.0,1.0,2.0,0.0,0.0,0.0
no_preempt_degrade,0,11,4950.0,52.0,0.09615384615384616,0.09615384615384616,0.0,0.9615384615384616,0.019230769230769232,0.0,0.9807692307692307,5.0,0.0,0.0,0.0
no_preempt_degrade,0,12,5400.0,69.0,0.2898550724637681,0.2753623188405797,0.014492753623188406,0.7536231884057971,0.37681159420289856,0.0,0.782608695652174,19.0,0.0,0.0,0.0
no_preempt_degrade,0,13,5850.0,28.0,0.17857142857142858,0.17857142857142858,0.0,0.8571428571428571,0.5357142857142857,0.0,0.7142857142857143,4.0,1.0,0.0,0.0
no_preempt_degrade,0,14,6300.0,52.0,0.21153846153846154,0.19230769230769232,0.019230769230769232,0.8461538461538461,0.2692307692307692,0.0,0.9038461538461539,10.0,0.0,0.0,0.0
no_preempt_degrade,0,15,6750.0,53.0,0.1320754716981132,0.11320754716981132,0.018867924528301886,0.9245283018867925,0.41509433962264153,0.0,0.7358490566037735,6.0,0.0,0.0,0.0
no_preempt_degrade,0,16,7200.0,60.0,0.06666666666666667,0.06666666666666667,0.0,0.9333333333333333,0.55,0.0,0.7,4.0,0.0,0.0,0.0
no_preempt_degrade,0,17,7650.0,55.0,0.12727272727272726,0.12727272727272726,0.0,0.8909090909090909,0.509090909090909,0.0,0.6545454545454545,7.0,0.0,0.0,0.0
no_preempt_degrade,0,18,8100.0,50.0,0.06,0.06,0.0,0.94,0.38,0.0,0.86,3.0,0.0,0.0,0.0
no_preempt_degrade,0,19,8550.0,53.0,0.11320754716981132,0.11320754716981132,0.0,0.9056603773584906,0.5471698113207547,0.0,0.5849056603773585,6.0,0.0,0.0,0.0
no_preempt_degrade,0,20,9000.0,44.0,0.06818181818181818,0.06818181818181818,0.0,0.9318181818181818,0.45454545454545453,0.0,0.7272727272727273,3.0,0.0,0.0,0.0
no_preempt_degrade,0,21,9450.0,41.0,0.1951219512195122,0.17073170731707318,0.024390243902439025,0.8780487804878049,0.4634146341463415,0.0,0.7560975609756098,6.0,1.0,0.0,0.0
no_preempt_degrade,0,22,9900.0,49.0,0.08163265306122448,0.08163265306122448,0.0,0.9591836734693877,0.6122448979591837,0.0,0.673469387755102,4.0,0.0,0.0,0.0
no_preempt_degrade,0,23,10350.0,24.0,0.16666666666666666,0.16666666666666666,0.0,0.875,0.625,0.0,0.6666666666666666,4.0,0.0,0.0,0.0
no_preempt_degrade,1,0,0.0,35.0,0.34285714285714286,0.34285714285714286,0.0,0.7142857142857143,0.0,0.0,1.0,12.0,0.0,0.0,0.0
no_preempt_degrade,1,1,450.0,23.0,0.17391304347826086,0.17391304347826086,0.0,0.9130434782608695,0.0,0.0,1.0,4.0,0.0,0.0,0.0
no_preempt_degrade,1,2,900.0,16.0,0.0625,0.0625,0.0,1.0,0.0,0.0,1.0,1.0,0.0,0.0,0.0
no_preempt_degrade,1,3,1350.0,20.0,0.1,0.1,0.0,0.9,0.0,0.0,1.0,2.0,0.0,0.0,0.0
no_preempt_degrade,1,4,1800.0,24.0,0.16666666666666666,0.16666666666666666,0.0,0.9166666666666666,0.0,0.0,1.0,3.0,1.0,0.0,0.0
no_preempt_degrade,1,5,2250.0,26.0,0.07692307692307693,0.07692307692307693,0.0,0.9615384615384616,0.0,0.0,1.0,2.0,0.0,0.0,0.0
no_preempt_degrade,1,6,2700.0,43.0,0.06976744186046512,0.06976744186046512,0.0,0.9767441860465116,0.023255813953488372,0.0,1.0,3.0,0.0,0.0,0.0
no_preempt_degrade,1,7,3150.0,50.0,0.06,0.06,0.0,0.96,0.06,0.0,0.98,3.0,0.0,0.0,0.0
no_preempt_degrade,1,8,3600.0,52.0,0.07692307692307693,0.07692307692307693,0.0,0.9423076923076923,0.038461538461538464,0.0,0.9615384615384616,4.0,0.0,0.0,0.0
no_preempt_degrade,1,9,4050.0,50.0,0.18,0.18,0.0,0.94,0.06,0.0,0.98,8.0,1.0,0.0,0.0
no_preempt_degrade,1,10,4500.0,53.0,0.05660377358490566,0.03773584905660377,0.018867924528301886,0.9811320754716981,0.07547169811320754,0.0,1.0,2.0,0.0,0.0,0.0
no_preempt_degrade,1,11,4950.0,59.0,0.15254237288135594,0.15254237288135594,0.0,0.9152542372881356,0.13559322033898305,0.0,0.9152542372881356,9.0,0.0,0.0,0.0
no_preempt_degrade,1,12,5400.0,58.0,0.1724137931034483,0.1724137931034483,0.0,0.8275862068965517,0.3620689655172414,0.0,0.8103448275862069,10.0,0.0,0.0,0.0
no_preempt_degrade,1,13,5850.0,52.0,0.19230769230769232,0.19230769230769232,0.0,0.8653846153846154,0.3076923076923077,0.0,0.8076923076923077,10.0,0.0,0.0,0.0
no_preempt_degrade,1,14,6300.0,53.0,0.1509433962264151,0.1509433962264151,0.0,0.8679245283018868,0.3584905660377358,0.0,0.8490566037735849,8.0,0.0,0.0,0.0
no_preempt_degrade,1,15,6750.0,55.0,0.10909090909090909,0.09090909090909091,0.01818181818181818,0.9272727272727272,0.41818181818181815,0.0,0.6909090909090909,5.0,0.0,0.0,0.0
no_preempt_degrade,1,16,7200.0,44.0,0.13636363636363635,0.13636363636363635,0.0,0.8863636363636364,0.4318181818181818,0.0,0.6590909090909091,6.0,0.0,0.0,0.0
no_preempt_degrade,1,17,7650.0,49.0,0.16326530612244897,0.16326530612244897,0.0,0.8775510204081632,0.5714285714285714,0.0,0.5714285714285714,8.0,0.0,0.0,0.0
no_preempt_degrade,1,18,8100.0,43.0,0.13953488372093023,0.13953488372093023,0.0,0.9302325581395349,0.6046511627906976,0.0,0.5348837209302325,6.0,0.0,0.0,0.0
no_preempt_degrade,1,19,8550.0,43.0,0.13953488372093023,0.13953488372093023,0.0,0.8837209302325582,0.4418604651162791,0.0,0.6511627906976745,6.0,0.0,0.0,0.0
no_preempt_degrade,1,20,9000.0,41.0,0.0975609756097561,0.0975609756097561,0.0,0.926829268292683,0.6341463414634146,0.0,0.4878048780487805,4.0,0.0,0.0,0.0
no_preempt_degrade,1,21,9450.0,45.0,0.13333333333333333,0.13333333333333333,0.0,0.8666666666666667,0.4444444444444444,0.0,0.7333333333333333,6.0,0.0,0.0,0.0
no_preempt_degrade,1,22,9900.0,42.0,0.11904761904761904,0.11904761904761904,0.0,0.9047619047619048,0.6428571428571429,0.0,0.4523809523809524,5.0,0.0,0.0,0.0
no_preempt_degrade,1,23,10350.0,24.0,0.08333333333333333,0.08333333333333333,0.0,0.9166666666666666,0.4166666666666667,0.0,0.7083333333333334,1.0,1.0,0.0,0.0
no_preempt_degrade,2,0,0.0,23.0,0.43478260869565216,0.43478260869565216,0.0,0.6086956521739131,0.0,0.0,1.0,10.0,0.0,0.0,0.0
no_preempt_degrade,2,1,450.0,18.0,0.05555555555555555,0.05555555555555555,0.0,0.9444444444444444,0.0,0.0,1.0,1.0,0.0,0.0,0.0
no_preempt_degrade,2,2,900.0,25.0,0.04,0.04,0.0,1.0,0.04,0.0,0.96,1.0,0.0,0.0,0.0
no_preempt_degrade,2,3,1350.0,19.0,0.21052631578947367,0.21052631578947367,0.0,0.9473684210526315,0.0,0.0,1.0,4.0,0.0,0.0,0.0
no_preempt_degrade,2,4,1800.0,23.0,0.13043478260869565,0.13043478260869565,0.0,0.9130434782608695,0.0,0.0,1.0,3.0,0.0,0.0,0.0
no_preempt_degrade,2,5,2250.0,19.0,0.21052631578947367,0.21052631578947367,0.0,0.8947368421052632,0.0,0.0,1.0,4.0,0.0,0.0,0.0
no_preempt_degrade,2,6,2700.0,35.0,0.0,0.0,0.0,1.0,0.05714285714285714,0.0,0.9428571428571428,0.0,0.0,0.0,0.0
no_preempt_degrade,2,7,3150.0,43.0,0.023255813953488372,0.023255813953488372,0.0,0.9767441860465116,0.046511627906976744,0.0,0.9767441860465116,1.0,0.0,0.0,0.0
no_preempt_degrade,2,8,3600.0,47.0,0.1276595744680851,0.1276595744680851,0.0,0.8936170212765957,0.06382978723404255,0.0,0.9787234042553191,6.0,0.0,0.0,0.0
no_preempt_degrade,2,9,4050.0,56.0,0.14285714285714285,0.14285714285714285,0.0,0.9285714285714286,0.05357142857142857,0.0,1.0,8.0,0.0,0.0,0.0
no_preempt_degrade,2,10,4500.0,46.0,0.10869565217391304,0.08695652173913043,0.021739130434782608,0.9782608695652174,0.13043478260869565,0.0,1.0,4.0,0.0,0.0,0.0
no_preempt_degrade,2,11,4950.0,56.0,0.125,0.125,0.0,0.9107142857142857,0.26785714285714285,0.0,0.9464285714285714,7.0,0.0,0.0,0.0
no_preempt_degrade,2,12,5400.0,59.0,0.23728813559322035,0.23728813559322035,0.0,0.7796610169491526,0.15254237288135594,0.0,0.8983050847457628,14.0,0.0,0.0,0.0
no_preempt_degrade,2,13,5850.0,53.0,0.2641509433962264,0.24528301886792453,0.018867924528301886,0.7735849056603774,0.3584905660377358,0.0,0.7924528301886793,13.0,0.0,0.0,0.0
no_preempt_degrade,2,14,6300.0,52.0,0.11538461538461539,0.11538461538461539,0.0,0.8846153846153846,0.5,0.0,0.7115384615384616,6.0,0.0,0.0,0.0
no_preempt_degrade,2,15,6750.0,56.0,0.07142857142857142,0.05357142857142857,0.017857142857142856,0.9464285714285714,0.48214285714285715,0.0,0.6964285714285714,3.0,0.0,0.0,0.0
no_preempt_degrade,2,16,7200.0,50.0,0.08,0.08,0.0,0.94,0.46,0.0,0.72,4.0,0.0,0.0,0.0
no_preempt_degrade,2,17,7650.0,61.0,0.11475409836065574,0.11475409836065574,0.0,0.9344262295081968,0.5245901639344263,0.0,0.5901639344262295,7.0,0.0,0.0,0.0
no_preempt_degrade,2,18,8100.0,50.0,0.2,0.2,0.0,0.82,0.68,0.0,0.48,10.0,0.0,0.0,0.0
no_preempt_degrade,2,19,8550.0,49.0,0.1836734693877551,0.1836734693877551,0.0,0.8775510204081632,0.5918367346938775,0.0,0.5306122448979592,9.0,0.0,0.0,0.0
no_preempt_degrade,2,20,9000.0,48.0,0.08333333333333333,0.08333333333333333,0.0,0.9375,0.6666666666666666,0.0,0.5,4.0,0.0,0.0,0.0
no_preempt_degrade,2,21,9450.0,42.0,0.11904761904761904,0.11904761904761904,0.0,0.9285714285714286,0.5714285714285714,0.0,0.6428571428571429,5.0,0.0,0.0,0.0
no_preempt_degrade,2,22,9900.0,34.0,0.029411764705882353,0.0,0.029411764705882353,1.0,0.6176470588235294,0.0,0.5882352941176471,0.0,0.0,0.0,0.0
no_preempt_degrade,2,23,10350.0,36.0,0.16666666666666666,0.16666666666666666,0.0,0.9166666666666666,0.4722222222222222,0.0,0.6111111111111112,6.0,0.0,0.0,0.0
no_zone_tier,0,0,0.0,26.0,0.38461538461538464,0.38461538461538464,0.0,0.6153846153846154,1.0,0.0,1.0,10.0,0.0,0.0,0.0
no_zone_tier,0,1,450.0,21.0,0.23809523809523808,0.14285714285714285,0.09523809523809523,0.9047619047619048,1.0,0.0,1.0,3.0,0.0,0.0,0.0
no_zone_tier,0,2,900.0,22.0,0.0,0.0,0.0,1.0,1.0,0.0,1.0,0.0,0.0,0.0,0.0
no_zone_tier,0,3,1350.0,16.0,0.0,0.0,0.0,1.0,1.0,0.0,1.0,0.0,0.0,0.0,0.0
no_zone_tier,0,4,1800.0,23.0,0.21739130434782608,0.21739130434782608,0.0,0.9130434782608695,1.0,0.0,1.0,5.0,0.0,0.0,0.0
no_zone_tier,0,5,2250.0,31.0,0.0967741935483871,0.06451612903225806,0.03225806451612903,0.967741935483871,1.0,0.03225806451612903,1.0,1.0,1.0,1.0,0.0
no_zone_tier,0,6,2700.0,34.0,0.029411764705882353,0.029411764705882353,0.0,1.0,1.0,0.0,1.0,1.0,0.0,0.0,0.0
no_zone_tier,0,7,3150.0,51.0,0.09803921568627451,0.09803921568627451,0.0,0.9215686274509803,1.0,0.0,1.0,5.0,0.0,0.0,0.0
no_zone_tier,0,8,3600.0,43.0,0.23255813953488372,0.16279069767441862,0.06976744186046512,0.8837209302325582,1.0,0.023255813953488372,1.0,7.0,0.0,3.0,0.0
no_zone_tier,0,9,4050.0,58.0,0.22413793103448276,0.08620689655172414,0.13793103448275862,0.9655172413793104,1.0,0.017241379310344827,0.9310344827586207,5.0,0.0,7.0,0.0
no_zone_tier,0,10,4500.0,45.0,0.044444444444444446,0.022222222222222223,0.022222222222222223,0.9777777777777777,1.0,0.0,1.0,1.0,0.0,1.0,0.0
no_zone_tier,0,11,4950.0,52.0,0.21153846153846154,0.11538461538461539,0.09615384615384616,0.9615384615384616,1.0,0.038461538461538464,0.9807692307692307,5.0,1.0,5.0,0.0
no_zone_tier,0,12,5400.0,69.0,0.43478260869565216,0.2608695652173913,0.17391304347826086,0.7536231884057971,1.0,0.14492753623188406,0.9710144927536232,17.0,1.0,12.0,0.0
no_zone_tier,0,13,5850.0,28.0,0.2857142857142857,0.17857142857142858,0.10714285714285714,0.8571428571428571,1.0,0.07142857142857142,0.9285714285714286,5.0,0.0,3.0,0.0
no_zone_tier,0,14,6300.0,52.0,0.3269230769230769,0.15384615384615385,0.17307692307692307,0.8461538461538461,1.0,0.1346153846153846,0.9807692307692307,8.0,0.0,9.0,0.0
no_zone_tier,0,15,6750.0,53.0,0.41509433962264153,0.1320754716981132,0.2830188679245283,0.9245283018867925,1.0,0.18867924528301888,0.9811320754716981,7.0,0.0,15.0,0.0
no_zone_tier,0,16,7200.0,60.0,0.4666666666666667,0.13333333333333333,0.3333333333333333,0.9333333333333333,1.0,0.26666666666666666,0.8166666666666667,8.0,0.0,20.0,0.0
no_zone_tier,0,17,7650.0,55.0,0.36363636363636365,0.12727272727272726,0.23636363636363636,0.8909090909090909,1.0,0.21818181818181817,0.7636363636363637,7.0,0.0,13.0,0.0
no_zone_tier,0,18,8100.0,50.0,0.42,0.12,0.3,0.94,1.0,0.22,0.94,6.0,0.0,15.0,0.0
no_zone_tier,0,19,8550.0,53.0,0.37735849056603776,0.09433962264150944,0.2830188679245283,0.9056603773584906,1.0,0.2641509433962264,0.7358490566037735,5.0,0.0,15.0,0.0
no_zone_tier,0,20,9000.0,44.0,0.29545454545454547,0.09090909090909091,0.20454545454545456,0.9318181818181818,1.0,0.20454545454545456,0.7045454545454546,4.0,0.0,9.0,0.0
no_zone_tier,0,21,9450.0,41.0,0.36585365853658536,0.14634146341463414,0.21951219512195122,0.8780487804878049,1.0,0.1951219512195122,0.7804878048780488,6.0,0.0,9.0,0.0
no_zone_tier,0,22,9900.0,49.0,0.22448979591836735,0.12244897959183673,0.10204081632653061,0.9591836734693877,1.0,0.10204081632653061,0.7959183673469388,6.0,0.0,5.0,0.0
no_zone_tier,0,23,10350.0,24.0,0.375,0.20833333333333334,0.16666666666666666,0.875,1.0,0.16666666666666666,0.75,5.0,0.0,4.0,0.0
no_zone_tier,1,0,0.0,35.0,0.34285714285714286,0.3142857142857143,0.02857142857142857,0.7428571428571429,1.0,0.0,1.0,11.0,0.0,0.0,0.0
no_zone_tier,1,1,450.0,23.0,0.2608695652173913,0.2608695652173913,0.0,0.8695652173913043,1.0,0.0,1.0,6.0,0.0,0.0,0.0
no_zone_tier,1,2,900.0,16.0,0.0625,0.0625,0.0,1.0,1.0,0.0,1.0,1.0,0.0,0.0,0.0
no_zone_tier,1,3,1350.0,20.0,0.25,0.2,0.05,0.9,1.0,0.0,1.0,4.0,0.0,0.0,0.0
no_zone_tier,1,4,1800.0,24.0,0.041666666666666664,0.041666666666666664,0.0,0.9583333333333334,1.0,0.0,1.0,1.0,0.0,0.0,0.0
no_zone_tier,1,5,2250.0,26.0,0.19230769230769232,0.11538461538461539,0.07692307692307693,0.9230769230769231,1.0,0.0,1.0,3.0,0.0,2.0,0.0
no_zone_tier,1,6,2700.0,43.0,0.023255813953488372,0.023255813953488372,0.0,0.9767441860465116,1.0,0.0,1.0,1.0,0.0,0.0,0.0
no_zone_tier,1,7,3150.0,50.0,0.08,0.06,0.02,0.96,1.0,0.0,1.0,3.0,0.0,0.0,0.0
no_zone_tier,1,8,3600.0,52.0,0.25,0.09615384615384616,0.15384615384615385,0.9423076923076923,1.0,0.019230769230769232,0.9807692307692307,5.0,0.0,8.0,0.0
no_zone_tier,1,9,4050.0,50.0,0.24,0.16,0.08,0.94,1.0,0.0,0.96,8.0,0.0,4.0,0.0
no_zone_tier,1,10,4500.0,53.0,0.18867924528301888,0.05660377358490566,0.1320754716981132,0.9811320754716981,1.0,0.0,1.0,3.0,0.0,6.0,0.0
no_zone_tier,1,11,4950.0,59.0,0.3389830508474576,0.1016949152542373,0.23728813559322035,0.9322033898305084,1.0,0.13559322033898305,1.0,6.0,0.0,14.0,0.0
no_zone_tier,1,12,5400.0,58.0,0.27586206896551724,0.1724137931034483,0.10344827586206896,0.8448275862068966,1.0,0.06896551724137931,0.9655172413793104,10.0,0.0,6.0,0.0
no_zone_tier,1,13,5850.0,52.0,0.2692307692307692,0.15384615384615385,0.11538461538461539,0.8653846153846154,1.0,0.09615384615384616,1.0,8.0,0.0,6.0,0.0
no_zone_tier,1,14,6300.0,53.0,0.49056603773584906,0.18867924528301888,0.3018867924528302,0.8490566037735849,1.0,0.2830188679245283,0.9433962264150944,10.0,0.0,16.0,0.0
no_zone_tier,1,15,6750.0,55.0,0.45454545454545453,0.09090909090909091,0.36363636363636365,0.9272727272727272,1.0,0.32727272727272727,0.8181818181818182,5.0,0.0,20.0,0.0
no_zone_tier,1,16,7200.0,44.0,0.4772727272727273,0.13636363636363635,0.3409090909090909,0.8863636363636364,1.0,0.2727272727272727,0.9090909090909091,6.0,0.0,15.0,0.0
no_zone_tier,1,17,7650.0,49.0,0.5306122448979592,0.16326530612244897,0.3673469387755102,0.8775510204081632,1.0,0.3469387755102041,0.7959183673469388,8.0,0.0,18.0,0.0
no_zone_tier,1,18,8100.0,43.0,0.2558139534883721,0.11627906976744186,0.13953488372093023,0.9302325581395349,1.0,0.13953488372093023,0.8604651162790697,5.0,0.0,6.0,0.0
no_zone_tier,1,19,8550.0,43.0,0.23255813953488372,0.13953488372093023,0.09302325581395349,0.8837209302325582,1.0,0.06976744186046512,0.7674418604651163,6.0,0.0,4.0,0.0
no_zone_tier,1,20,9000.0,41.0,0.2926829268292683,0.07317073170731707,0.21951219512195122,0.9512195121951219,1.0,0.21951219512195122,0.8780487804878049,3.0,0.0,9.0,0.0
no_zone_tier,1,21,9450.0,45.0,0.28888888888888886,0.2,0.08888888888888889,0.8666666666666667,1.0,0.022222222222222223,0.7555555555555555,9.0,0.0,4.0,0.0
no_zone_tier,1,22,9900.0,42.0,0.40476190476190477,0.14285714285714285,0.2619047619047619,0.9047619047619048,1.0,0.21428571428571427,0.7857142857142857,6.0,0.0,11.0,0.0
no_zone_tier,1,23,10350.0,24.0,0.2916666666666667,0.125,0.16666666666666666,0.9583333333333334,1.0,0.16666666666666666,0.9166666666666666,3.0,0.0,4.0,0.0
no_zone_tier,2,0,0.0,23.0,0.43478260869565216,0.43478260869565216,0.0,0.6086956521739131,1.0,0.0,1.0,10.0,0.0,0.0,0.0
no_zone_tier,2,1,450.0,18.0,0.16666666666666666,0.05555555555555555,0.1111111111111111,0.9444444444444444,1.0,0.0,1.0,1.0,0.0,0.0,0.0
no_zone_tier,2,2,900.0,25.0,0.04,0.0,0.04,1.0,1.0,0.04,1.0,0.0,0.0,1.0,0.0
no_zone_tier,2,3,1350.0,19.0,0.05263157894736842,0.05263157894736842,0.0,0.9473684210526315,1.0,0.0,1.0,1.0,0.0,0.0,0.0
no_zone_tier,2,4,1800.0,23.0,0.08695652173913043,0.08695652173913043,0.0,0.9130434782608695,1.0,0.0,1.0,2.0,0.0,0.0,0.0
no_zone_tier,2,5,2250.0,19.0,0.10526315789473684,0.10526315789473684,0.0,0.8947368421052632,1.0,0.0,1.0,2.0,0.0,0.0,0.0
no_zone_tier,2,6,2700.0,35.0,0.05714285714285714,0.02857142857142857,0.02857142857142857,1.0,1.0,0.02857142857142857,0.9714285714285714,1.0,0.0,1.0,0.0
no_zone_tier,2,7,3150.0,43.0,0.06976744186046512,0.023255813953488372,0.046511627906976744,0.9767441860465116,1.0,0.023255813953488372,1.0,1.0,0.0,2.0,0.0
no_zone_tier,2,8,3600.0,47.0,0.2978723404255319,0.1276595744680851,0.1702127659574468,0.8936170212765957,1.0,0.0425531914893617,1.0,6.0,0.0,8.0,0.0
no_zone_tier,2,9,4050.0,56.0,0.26785714285714285,0.10714285714285714,0.16071428571428573,0.9285714285714286,1.0,0.03571428571428571,1.0,6.0,0.0,8.0,0.0
no_zone_tier,2,10,4500.0,46.0,0.15217391304347827,0.06521739130434782,0.08695652173913043,0.9782608695652174,1.0,0.043478260869565216,1.0,3.0,0.0,3.0,0.0
no_zone_tier,2,11,4950.0,56.0,0.17857142857142858,0.10714285714285714,0.07142857142857142,0.9107142857142857,1.0,0.05357142857142857,1.0,6.0,0.0,4.0,0.0
no_zone_tier,2,12,5400.0,59.0,0.3728813559322034,0.2711864406779661,0.1016949152542373,0.7796610169491526,1.0,0.01694915254237288,0.9661016949152542,16.0,0.0,5.0,0.0
no_zone_tier,2,13,5850.0,53.0,0.5471698113207547,0.22641509433962265,0.32075471698113206,0.7924528301886793,1.0,0.18867924528301888,1.0,12.0,0.0,17.0,0.0
no_zone_tier,2,14,6300.0,52.0,0.5,0.11538461538461539,0.38461538461538464,0.8846153846153846,1.0,0.28846153846153844,1.0,6.0,0.0,20.0,0.0
no_zone_tier,2,15,6750.0,56.0,0.44642857142857145,0.125,0.32142857142857145,0.9464285714285714,1.0,0.26785714285714285,0.8392857142857143,7.0,0.0,18.0,0.0
no_zone_tier,2,16,7200.0,50.0,0.46,0.08,0.38,0.94,1.0,0.32,0.84,4.0,0.0,19.0,0.0
no_zone_tier,2,17,7650.0,61.0,0.4098360655737705,0.08196721311475409,0.32786885245901637,0.9344262295081968,1.0,0.3114754098360656,0.8852459016393442,5.0,0.0,20.0,0.0
no_zone_tier,2,18,8100.0,50.0,0.58,0.24,0.34,0.82,1.0,0.3,0.88,12.0,0.0,17.0,0.0
no_zone_tier,2,19,8550.0,49.0,0.3673469387755102,0.16326530612244897,0.20408163265306123,0.8775510204081632,1.0,0.20408163265306123,0.8163265306122449,8.0,0.0,10.0,0.0
no_zone_tier,2,20,9000.0,48.0,0.3541666666666667,0.14583333333333334,0.20833333333333334,0.9375,1.0,0.16666666666666666,0.7708333333333334,7.0,0.0,10.0,0.0
no_zone_tier,2,21,9450.0,42.0,0.2857142857142857,0.11904761904761904,0.16666666666666666,0.9285714285714286,1.0,0.14285714285714285,0.8095238095238095,5.0,0.0,7.0,0.0
no_zone_tier,2,22,9900.0,34.0,0.08823529411764706,0.0,0.08823529411764706,1.0,1.0,0.08823529411764706,0.7941176470588235,0.0,0.0,3.0,0.0
no_zone_tier,2,23,10350.0,36.0,0.19444444444444445,0.08333333333333333,0.1111111111111111,0.9166666666666666,1.0,0.1111111111111111,0.75,3.0,0.0,4.0,0.0
no_cross_zone,0,0,0.0,26.0,0.38461538461538464,0.38461538461538464,0.0,0.6153846153846154,0.0,0.0,1.0,10.0,0.0,0.0,0.0
no_cross_zone,0,1,450.0,21.0,0.09523809523809523,0.09523809523809523,0.0,0.9047619047619048,0.0,0.0,1.0,2.0,0.0,0.0,0.0
no_cross_zone,0,2,900.0,22.0,0.13636363636363635,0.09090909090909091,0.045454545454545456,1.0,0.0,0.0,1.0,2.0,0.0,1.0,0.0
no_cross_zone,0,3,1350.0,16.0,0.0,0.0,0.0,1.0,0.0,0.0,1.0,0.0,0.0,0.0,0.0
no_cross_zone,0,4,1800.0,23.0,0.13043478260869565,0.13043478260869565,0.0,0.9130434782608695,0.0,0.0,1.0,3.0,0.0,0.0,0.0
no_cross_zone,0,5,2250.0,31.0,0.0967741935483871,0.03225806451612903,0.06451612903225806,0.967741935483871,0.0967741935483871,0.06451612903225806,1.0,1.0,0.0,2.0,0.0
no_cross_zone,0,6,2700.0,34.0,0.058823529411764705,0.029411764705882353,0.029411764705882353,1.0,0.029411764705882353,0.029411764705882353,1.0,1.0,0.0,1.0,0.0
no_cross_zone,0,7,3150.0,51.0,0.11764705882352941,0.11764705882352941,0.0,0.9215686274509803,0.0196078431372549,0.0,0.9803921568627451,6.0,0.0,0.0,0.0
no_cross_zone,0,8,3600.0,43.0,0.16279069767441862,0.11627906976744186,0.046511627906976744,0.8837209302325582,0.023255813953488372,0.0,0.9767441860465116,5.0,0.0,2.0,0.0
no_cross_zone,0,9,4050.0,58.0,0.08620689655172414,0.05172413793103448,0.034482758620689655,0.9655172413793104,0.1724137931034483,0.034482758620689655,0.8620689655172413,3.0,0.0,2.0,0.0
no_cross_zone,0,10,4500.0,45.0,0.08888888888888889,0.044444444444444446,0.044444444444444446,0.9777777777777777,0.022222222222222223,0.0,0.9777777777777777,2.0,0.0,2.0,0.0
no_cross_zone,0,11,4950.0,52.0,0.11538461538461539,0.09615384615384616,0.019230769230769232,0.9615384615384616,0.019230769230769232,0.019230769230769232,1.0,5.0,0.0,1.0,0.0
no_cross_zone,0,12,5400.0,69.0,0.463768115942029,0.2753623188405797,0.18840579710144928,0.7536231884057971,0.3188405797101449,0.15942028985507245,0.8695652173913043,19.0,0.0,13.0,0.0
no_cross_zone,0,13,5850.0,28.0,0.42857142857142855,0.17857142857142858,0.25,0.8571428571428571,0.5357142857142857,0.25,0.75,4.0,1.0,7.0,0.0
no_cross_zone,0,14,6300.0,52.0,0.28846153846153844,0.19230769230769232,0.09615384615384616,0.8461538461538461,0.28846153846153844,0.09615384615384616,0.8846153846153846,10.0,0.0,5.0,0.0
no_cross_zone,0,15,6750.0,53.0,0.22641509433962265,0.11320754716981132,0.11320754716981132,0.9245283018867925,0.33962264150943394,0.11320754716981132,0.8301886792452831,6.0,0.0,6.0,0.0
no_cross_zone,0,16,7200.0,60.0,0.15,0.06666666666666667,0.08333333333333333,0.9333333333333333,0.38333333333333336,0.05,0.8333333333333334,4.0,0.0,5.0,0.0
no_cross_zone,0,17,7650.0,55.0,0.23636363636363636,0.12727272727272726,0.10909090909090909,0.8909090909090909,0.38181818181818183,0.09090909090909091,0.8363636363636363,7.0,0.0,6.0,0.0
no_cross_zone,0,18,8100.0,50.0,0.2,0.06,0.14,0.94,0.34,0.12,0.86,3.0,0.0,7.0,0.0
no_cross_zone,0,19,8550.0,53.0,0.20754716981132076,0.11320754716981132,0.09433962264150944,0.9056603773584906,0.4339622641509434,0.09433962264150944,0.7358490566037735,6.0,0.0,5.0,0.0
no_cross_zone,0,20,9000.0,44.0,0.11363636363636363,0.06818181818181818,0.045454545454545456,0.9318181818181818,0.5,0.045454545454545456,0.7045454545454546,3.0,0.0,2.0,0.0
no_cross_zone,0,21,9450.0,41.0,0.24390243902439024,0.17073170731707318,0.07317073170731707,0.8780487804878049,0.3902439024390244,0.07317073170731707,0.7317073170731707,6.0,1.0,3.0,0.0
no_cross_zone,0,22,9900.0,49.0,0.22448979591836735,0.08163265306122448,0.14285714285714285,0.9591836734693877,0.3877551020408163,0.14285714285714285,0.7755102040816326,4.0,0.0,7.0,0.0
no_cross_zone,0,23,10350.0,24.0,0.2916666666666667,0.16666666666666666,0.125,0.875,0.5,0.125,0.7083333333333334,4.0,0.0,3.0,0.0
no_cross_zone,1,0,0.0,35.0,0.37142857142857144,0.34285714285714286,0.02857142857142857,0.7142857142857143,0.0,0.0,1.0,12.0,0.0,1.0,0.0
no_cross_zone,1,1,450.0,23.0,0.17391304347826086,0.17391304347826086,0.0,0.9130434782608695,0.0,0.0,1.0,4.0,0.0,0.0,0.0
no_cross_zone,1,2,900.0,16.0,0.0625,0.0625,0.0,1.0,0.0,0.0,1.0,1.0,0.0,0.0,0.0
no_cross_zone,1,3,1350.0,20.0,0.1,0.1,0.0,0.9,0.0,0.0,1.0,2.0,0.0,0.0,0.0
no_cross_zone,1,4,1800.0,24.0,0.16666666666666666,0.16666666666666666,0.0,0.9166666666666666,0.0,0.0,1.0,3.0,1.0,0.0,0.0
no_cross_zone,1,5,2250.0,26.0,0.07692307692307693,0.07692307692307693,0.0,0.9615384615384616,0.0,0.0,1.0,2.0,0.0,0.0,0.0
no_cross_zone,1,6,2700.0,43.0,0.11627906976744186,0.06976744186046512,0.046511627906976744,0.9767441860465116,0.023255813953488372,0.023255813953488372,1.0,3.0,0.0,2.0,0.0
no_cross_zone,1,7,3150.0,50.0,0.12,0.06,0.06,0.96,0.1,0.04,0.94,3.0,0.0,3.0,0.0
no_cross_zone,1,8,3600.0,52.0,0.07692307692307693,0.07692307692307693,0.0,0.9423076923076923,0.038461538461538464,0.0,0.9615384615384616,4.0,0.0,0.0,0.0
no_cross_zone,1,9,4050.0,50.0,0.24,0.18,0.06,0.94,0.06,0.04,0.98,8.0,1.0,3.0,0.0
no_cross_zone,1,10,4500.0,53.0,0.05660377358490566,0.03773584905660377,0.018867924528301886,0.9811320754716981,0.07547169811320754,0.018867924528301886,0.9433962264150944,2.0,0.0,1.0,0.0
no_cross_zone,1,11,4950.0,59.0,0.3050847457627119,0.15254237288135594,0.15254237288135594,0.9152542372881356,0.13559322033898305,0.1016949152542373,0.9830508474576272,9.0,0.0,9.0,0.0
no_cross_zone,1,12,5400.0,58.0,0.3275862068965517,0.1724137931034483,0.15517241379310345,0.8275862068965517,0.3793103448275862,0.15517241379310345,0.7931034482758621,10.0,0.0,9.0,0.0
no_cross_zone,1,13,5850.0,52.0,0.3269230769230769,0.19230769230769232,0.1346153846153846,0.8653846153846154,0.38461538461538464,0.09615384615384616,0.8653846153846154,10.0,0.0,6.0,0.0
no_cross_zone,1,14,6300.0,53.0,0.24528301886792453,0.1509433962264151,0.09433962264150944,0.8679245283018868,0.32075471698113206,0.07547169811320754,0.8301886792452831,8.0,0.0,5.0,0.0
no_cross_zone,1,15,6750.0,55.0,0.23636363636363636,0.09090909090909091,0.14545454545454545,0.9272727272727272,0.43636363636363634,0.14545454545454545,0.7818181818181819,5.0,0.0,8.0,0.0
no_cross_zone,1,16,7200.0,44.0,0.29545454545454547,0.13636363636363635,0.1590909090909091,0.8863636363636364,0.4090909090909091,0.1590909090909091,0.8409090909090909,6.0,0.0,7.0,0.0
no_cross_zone,1,17,7650.0,49.0,0.30612244897959184,0.16326530612244897,0.14285714285714285,0.8775510204081632,0.5102040816326531,0.12244897959183673,0.7142857142857143,8.0,0.0,7.0,0.0
no_cross_zone,1,18,8100.0,43.0,0.3023255813953488,0.13953488372093023,0.16279069767441862,0.9302325581395349,0.5116279069767442,0.16279069767441862,0.7674418604651163,6.0,0.0,7.0,0.0
no_cross_zone,1,19,8550.0,43.0,0.23255813953488372,0.13953488372093023,0.09302325581395349,0.8837209302325582,0.4418604651162791,0.09302325581395349,0.7674418604651163,6.0,0.0,4.0,0.0
no_cross_zone,1,20,9000.0,41.0,0.2926829268292683,0.0975609756097561,0.1951219512195122,0.926829268292683,0.43902439024390244,0.1951219512195122,0.8048780487804879,4.0,0.0,8.0,0.0
no_cross_zone,1,21,9450.0,45.0,0.2222222222222222,0.13333333333333333,0.08888888888888889,0.8666666666666667,0.4444444444444444,0.06666666666666667,0.7555555555555555,6.0,0.0,4.0,0.0
no_cross_zone,1,22,9900.0,42.0,0.30952380952380953,0.11904761904761904,0.19047619047619047,0.9047619047619048,0.7142857142857143,0.19047619047619047,0.7142857142857143,5.0,0.0,8.0,0.0
no_cross_zone,1,23,10350.0,24.0,0.125,0.08333333333333333,0.041666666666666664,0.9166666666666666,0.3333333333333333,0.041666666666666664,0.7916666666666666,1.0,1.0,1.0,0.0
no_cross_zone,2,0,0.0,23.0,0.43478260869565216,0.43478260869565216,0.0,0.6086956521739131,0.0,0.0,1.0,10.0,0.0,0.0,0.0
no_cross_zone,2,1,450.0,18.0,0.05555555555555555,0.05555555555555555,0.0,0.9444444444444444,0.0,0.0,1.0,1.0,0.0,0.0,0.0
no_cross_zone,2,2,900.0,25.0,0.08,0.04,0.04,1.0,0.04,0.04,1.0,1.0,0.0,1.0,0.0
no_cross_zone,2,3,1350.0,19.0,0.21052631578947367,0.21052631578947367,0.0,0.9473684210526315,0.0,0.0,1.0,4.0,0.0,0.0,0.0
no_cross_zone,2,4,1800.0,23.0,0.13043478260869565,0.13043478260869565,0.0,0.9130434782608695,0.0,0.0,1.0,3.0,0.0,0.0,0.0
no_cross_zone,2,5,2250.0,19.0,0.21052631578947367,0.21052631578947367,0.0,0.8947368421052632,0.0,0.0,1.0,4.0,0.0,0.0,0.0
no_cross_zone,2,6,2700.0,35.0,0.05714285714285714,0.0,0.05714285714285714,1.0,0.05714285714285714,0.02857142857142857,0.9714285714285714,0.0,0.0,2.0,0.0
no_cross_zone,2,7,3150.0,43.0,0.046511627906976744,0.023255813953488372,0.023255813953488372,0.9767441860465116,0.046511627906976744,0.023255813953488372,0.9767441860465116,1.0,0.0,1.0,0.0
no_cross_zone,2,8,3600.0,47.0,0.14893617021276595,0.1276595744680851,0.02127659574468085,0.8936170212765957,0.06382978723404255,0.02127659574468085,0.9574468085106383,6.0,0.0,1.0,0.0
no_cross_zone,2,9,4050.0,56.0,0.19642857142857142,0.14285714285714285,0.05357142857142857,0.9285714285714286,0.125,0.05357142857142857,0.9464285714285714,8.0,0.0,3.0,0.0
no_cross_zone,2,10,4500.0,46.0,0.17391304347826086,0.08695652173913043,0.08695652173913043,0.9782608695652174,0.15217391304347827,0.06521739130434782,0.9130434782608695,4.0,0.0,4.0,0.0
no_cross_zone,2,11,4950.0,56.0,0.25,0.125,0.125,0.9107142857142857,0.10714285714285714,0.08928571428571429,0.9821428571428571,7.0,0.0,7.0,0.0
no_cross_zone,2,12,5400.0,59.0,0.3389830508474576,0.23728813559322035,0.1016949152542373,0.7796610169491526,0.1864406779661017,0.06779661016949153,0.8983050847457628,14.0,0.0,6.0,0.0
no_cross_zone,2,13,5850.0,53.0,0.4716981132075472,0.24528301886792453,0.22641509433962265,0.7735849056603774,0.32075471698113206,0.16981132075471697,0.9433962264150944,13.0,0.0,11.0,0.0
no_cross_zone,2,14,6300.0,52.0,0.2692307692307692,0.11538461538461539,0.15384615384615385,0.8846153846153846,0.5,0.11538461538461539,0.7884615384615384,6.0,0.0,8.0,0.0
no_cross_zone,2,15,6750.0,56.0,0.21428571428571427,0.05357142857142857,0.16071428571428573,0.9464285714285714,0.3392857142857143,0.14285714285714285,0.9285714285714286,3.0,0.0,8.0,0.0
no_cross_zone,2,16,7200.0,50.0,0.26,0.08,0.18,0.94,0.38,0.18,0.92,4.0,0.0,9.0,0.0
no_cross_zone,2,17,7650.0,61.0,0.29508196721311475,0.11475409836065574,0.18032786885245902,0.9344262295081968,0.36065573770491804,0.16393442622950818,0.9016393442622951,7.0,0.0,11.0,0.0
no_cross_zone,2,18,8100.0,50.0,0.44,0.2,0.24,0.82,0.46,0.24,0.78,10.0,0.0,12.0,0.0
no_cross_zone,2,19,8550.0,49.0,0.20408163265306123,0.1836734693877551,0.02040816326530612,0.8775510204081632,0.42857142857142855,0.02040816326530612,0.7551020408163265,9.0,0.0,1.0,0.0
no_cross_zone,2,20,9000.0,48.0,0.20833333333333334,0.08333333333333333,0.125,0.9375,0.5,0.125,0.8125,4.0,0.0,6.0,0.0
no_cross_zone,2,21,9450.0,42.0,0.2857142857142857,0.11904761904761904,0.16666666666666666,0.9285714285714286,0.40476190476190477,0.14285714285714285,0.8095238095238095,5.0,0.0,7.0,0.0
no_cross_zone,2,22,9900.0,34.0,0.14705882352941177,0.0,0.14705882352941177,1.0,0.4411764705882353,0.14705882352941177,0.7647058823529411,0.0,0.0,5.0,0.0
no_cross_zone,2,23,10350.0,36.0,0.19444444444444445,0.16666666666666666,0.027777777777777776,0.9166666666666666,0.3888888888888889,0.027777777777777776,0.7777777777777778,6.0,0.0,1.0,0.0
greedy_oracle,0,0,0.0,26.0,0.0,0.0,0.0,0.0,0.8461538461538461,0.0,1.0,0.0,0.0,0.0,0.0
greedy_oracle,0,1,450.0,21.0,0.0,0.0,0.0,0.0,0.8571428571428571,0.0,1.0,0.0,0.0,0.0,0.0
greedy_oracle,0,2,900.0,22.0,0.0,0.0,0.0,0.0,0.7272727272727273,0.0,1.0,0.0,0.0,0.0,0.0
greedy_oracle,0,3,1350.0,16.0,0.0,0.0,0.0,0.0,0.625,0.0,1.0,0.0,0.0,0.0,0.0
greedy_oracle,0,4,1800.0,23.0,0.0,0.0,0.0,0.0,0.9565217391304348,0.0,1.0,0.0,0.0,0.0,0.0
greedy_oracle,0,5,2250.0,31.0,0.0,0.0,0.0,0.0,0.7741935483870968,0.0,1.0,0.0,0.0,0.0,0.0
greedy_oracle,0,6,2700.0,34.0,0.0,0.0,0.0,0.0,0.8529411764705882,0.0,1.0,0.0,0.0,0.0,0.0
greedy_oracle,0,7,3150.0,51.0,0.0,0.0,0.0,0.0,0.803921568627451,0.0,1.0,0.0,0.0,0.0,0.0
greedy_oracle,0,8,3600.0,43.0,0.0,0.0,0.0,0.0,0.8372093023255814,0.0,1.0,0.0,0.0,0.0,0.0
greedy_oracle,0,9,4050.0,58.0,0.0,0.0,0.0,0.0,0.9482758620689655,0.0,1.0,0.0,0.0,0.0,0.0
greedy_oracle,0,10,4500.0,45.0,0.0,0.0,0.0,0.0,0.8222222222222222,0.0,0.9777777777777777,0.0,0.0,0.0,0.0
greedy_oracle,0,11,4950.0,52.0,0.0,0.0,0.0,0.0,0.8076923076923077,0.0,0.9807692307692307,0.0,0.0,0.0,0.0
greedy_oracle,0,12,5400.0,69.0,0.0,0.0,0.0,0.0,0.8840579710144928,0.0,0.9855072463768116,0.0,0.0,0.0,0.0
greedy_oracle,0,13,5850.0,28.0,0.0,0.0,0.0,0.0,0.9642857142857143,0.0,0.9642857142857143,0.0,0.0,0.0,0.0
greedy_oracle,0,14,6300.0,52.0,0.0,0.0,0.0,0.0,0.9038461538461539,0.0,0.9807692307692307,0.0,0.0,0.0,0.0
greedy_oracle,0,15,6750.0,53.0,0.0,0.0,0.0,0.0,0.8679245283018868,0.0,0.8867924528301887,0.0,0.0,0.0,0.0
greedy_oracle,0,16,7200.0,60.0,0.0,0.0,0.0,0.0,0.9166666666666666,0.0,0.75,0.0,0.0,0.0,0.0
greedy_oracle,0,17,7650.0,55.0,0.0,0.0,0.0,0.0,0.9454545454545454,0.0,0.6363636363636364,0.0,0.0,0.0,0.0
greedy_oracle,0,18,8100.0,50.0,0.0,0.0,0.0,0.0,0.88,0.0,0.8,0.0,0.0,0.0,0.0
greedy_oracle,0,19,8550.0,53.0,0.0,0.0,0.0,0.0,0.9433962264150944,0.0,0.660377358490566,0.0,0.0,0.0,0.0
greedy_oracle,0,20,9000.0,44.0,0.0,0.0,0.0,0.0,0.8863636363636364,0.0,0.7045454545454546,0.0,0.0,0.0,0.0
greedy_oracle,0,21,9450.0,41.0,0.0,0.0,0.0,0.0,0.9024390243902439,0.0,0.7073170731707317,0.0,0.0,0.0,0.0
greedy_oracle,0,22,9900.0,49.0,0.0,0.0,0.0,0.0,0.8979591836734694,0.0,0.7346938775510204,0.0,0.0,0.0,0.0
greedy_oracle,0,23,10350.0,24.0,0.0,0.0,0.0,0.0,0.875,0.0,0.75,0.0,0.0,0.0,0.0
greedy_oracle,1,0,0.0,35.0,0.0,0.0,0.0,0.0,0.8857142857142857,0.0,1.0,0.0,0.0,0.0,0.0
greedy_oracle,1,1,450.0,23.0,0.0,0.0,0.0,0.0,0.7391304347826086,0.0,1.0,0.0,0.0,0.0,0.0
greedy_oracle,1,2,900.0,16.0,0.0,0.0,0.0,0.0,0.6875,0.0,1.0,0.0,0.0,0.0,0.0
greedy_oracle,1,3,1350.0,20.0,0.0,0.0,0.0,0.0,0.9,0.0,1.0,0.0,0.0,0.0,0.0
greedy_oracle,1,4,1800.0,24.0,0.0,0.0,0.0,0.0,0.8333333333333334,0.0,1.0,0.0,0.0,0.0,0.0
greedy_oracle,1,5,2250.0,26.0,0.0,0.0,0.0,0.0,0.7307692307692307,0.0,1.0,0.0,0.0,0.0,0.0
greedy_oracle,1,6,2700.0,43.0,0.0,0.0,0.0,0.0,0.8372093023255814,0.0,1.0,0.0,0.0,0.0,0.0
greedy_oracle,1,7,3150.0,50.0,0.0,0.0,0.0,0.0,0.88,0.0,1.0,0.0,0.0,0.0,0.0
greedy_oracle,1,8,3600.0,52.0,0.0,0.0,0.0,0.0,0.8461538461538461,0.0,1.0,0.0,0.0,0.0,0.0
greedy_oracle,1,9,4050.0,50.0,0.0,0.0,0.0,0.0,0.86,0.0,0.98,0.0,0.0,0.0,0.0
greedy_oracle,1,10,4500.0,53.0,0.0,0.0,0.0,0.0,0.8867924528301887,0.0,0.9811320754716981,0.0,0.0,0.0,0.0
greedy_oracle,1,11,4950.0,59.0,0.0,0.0,0.0,0.0,0.847457627118644,0.0,0.9830508474576272,0.0,0.0,0.0,0.0
greedy_oracle,1,12,5400.0,58.0,0.0,0.0,0.0,0.0,0.896551724137931,0.0,0.9827586206896551,0.0,0.0,0.0,0.0
greedy_oracle,1,13,5850.0,52.0,0.0,0.0,0.0,0.0,0.8269230769230769,0.0,0.9423076923076923,0.0,0.0,0.0,0.0
greedy_oracle,1,14,6300.0,53.0,0.0,0.0,0.0,0.0,0.9433962264150944,0.0,0.7924528301886793,0.0,0.0,0.0,0.0
greedy_oracle,1,15,6750.0,55.0,0.0,0.0,0.0,0.0,0.9454545454545454,0.0,0.6727272727272727,0.0,0.0,0.0,0.0
greedy_oracle,1,16,7200.0,44.0,0.0,0.0,0.0,0.0,0.9090909090909091,0.0,0.7727272727272727,0.0,0.0,0.0,0.0
greedy_oracle,1,17,7650.0,49.0,0.0,0.0,0.0,0.0,0.8571428571428571,0.0,0.6938775510204082,0.0,0.0,0.0,0.0
greedy_oracle,1,18,8100.0,43.0,0.0,0.0,0.0,0.0,0.9767441860465116,0.0,0.5813953488372093,0.0,0.0,0.0,0.0
greedy_oracle,1,19,8550.0,43.0,0.0,0.0,0.0,0.0,0.8372093023255814,0.0,0.6744186046511628,0.0,0.0,0.0,0.0
greedy_oracle,1,20,9000.0,41.0,0.0,0.0,0.0,0.0,0.9024390243902439,0.0,0.7560975609756098,0.0,0.0,0.0,0.0
greedy_oracle,1,21,9450.0,45.0,0.0,0.0,0.0,0.0,0.9111111111111111,0.0,0.6444444444444445,0.0,0.0,0.0,0.0
greedy_oracle,1,22,9900.0,42.0,0.0,0.0,0.0,0.0,0.9523809523809523,0.0,0.47619047619047616,0.0,0.0,0.0,0.0
greedy_oracle,1,23,10350.0,24.0,0.0,0.0,0.0,0.0,0.875,0.0,0.7916666666666666,0.0,0.0,0.0,0.0
greedy_oracle,2,0,0.0,23.0,0.0,0.0,0.0,0.0,1.0,0.0,1.0,0.0,0.0,0.0,0.0
greedy_oracle,2,1,450.0,18.0,0.0,0.0,0.0,0.0,0.8333333333333334,0.0,1.0,0.0,0.0,0.0,0.0
greedy_oracle,2,2,900.0,25.0,0.0,0.0,0.0,0.0,0.76,0.0,1.0,0.0,0.0,0.0,0.0
greedy_oracle,2,3,1350.0,19.0,0.0,0.0,0.0,0.0,0.8947368421052632,0.0,1.0,0.0,0.0,0.0,0.0
greedy_oracle,2,4,1800.0,23.0,0.0,0.0,0.0,0.0,0.8695652173913043,0.0,1.0,0.0,0.0,0.0,0.0
greedy_oracle,2,5,2250.0,19.0,0.0,0.0,0.0,0.0,0.8421052631578947,0.0,1.0,0.0,0.0,0.0,0.0
greedy_oracle,2,6,2700.0,35.0,0.0,0.0,0.0,0.0,0.8285714285714286,0.0,1.0,0.0,0.0,0.0,0.0
greedy_oracle,2,7,3150.0,43.0,0.0,0.0,0.0,0.0,0.8604651162790697,0.0,1.0,0.0,0.0,0.0,0.0
greedy_oracle,2,8,3600.0,47.0,0.0,0.0,0.0,0.0,0.8723404255319149,0.0,1.0,0.0,0.0,0.0,0.0
greedy_oracle,2,9,4050.0,56.0,0.0,0.0,0.0,0.0,0.875,0.0,1.0,0.0,0.0,0.0,0.0
greedy_oracle,2,10,4500.0,46.0,0.0,0.0,0.0,0.0,0.8478260869565217,0.0,1.0,0.0,0.0,0.0,0.0
greedy_oracle,2,11,4950.0,56.0,0.0,0.0,0.0,0.0,0.8392857142857143,0.0,1.0,0.0,0.0,0.0,0.0
greedy_oracle,2,12,5400.0,59.0,0.0,0.0,0.0,0.0,0.8983050847457628,0.0,0.9661016949152542,0.0,0.0,0.0,0.0
greedy_oracle,2,13,5850.0,53.0,0.0,0.0,0.0,0.0,0.8679245283018868,0.0,0.9056603773584906,0.0,0.0,0.0,0.0
greedy_oracle,2,14,6300.0,52.0,0.0,0.0,0.0,0.0,0.8846153846153846,0.0,0.8269230769230769,0.0,0.0,0.0,0.0
greedy_oracle,2,15,6750.0,56.0,0.0,0.0,0.0,0.0,0.8214285714285714,0.0,0.7321428571428571,0.0,0.0,0.0,0.0
greedy_oracle,2,16,7200.0,50.0,0.0,0.0,0.0,0.0,0.92,0.0,0.66,0.0,0.0,0.0,0.0
greedy_oracle,2,17,7650.0,61.0,0.0,0.0,0.0,0.0,0.8852459016393442,0.0,0.7049180327868853,0.0,0.0,0.0,0.0
greedy_oracle,2,18,8100.0,50.0,0.0,0.0,0.0,0.0,0.94,0.0,0.72,0.0,0.0,0.0,0.0
greedy_oracle,2,19,8550.0,49.0,0.0,0.0,0.0,0.0,0.9591836734693877,0.0,0.6122448979591837,0.0,0.0,0.0,0.0
greedy_oracle,2,20,9000.0,48.0,0.0,0.0,0.0,0.0,0.8958333333333334,0.0,0.5,0.0,0.0,0.0,0.0
greedy_oracle,2,21,9450.0,42.0,0.0,0.0,0.0,0.0,0.8809523809523809,0.0,0.6428571428571429,0.0,0.0,0.0,0.0
greedy_oracle,2,22,9900.0,34.0,0.0,0.0,0.0,0.0,0.8529411764705882,0.0,0.6764705882352942,0.0,0.0,0.0,0.0
greedy_oracle,2,23,10350.0,36.0,0.0,0.0,0.0,0.0,0.9166666666666666,0.0,0.6944444444444444,0.0,0.0,0.0,0.0
rule_based,0,0,0.0,26.0,0.0,0.0,0.0,0.0,0.0,0.0,1.0,0.0,0.0,0.0,0.0
rule_based,0,1,450.0,21.0,0.0,0.0,0.0,0.0,0.0,0.0,1.0,0.0,0.0,0.0,0.0
rule_based,0,2,900.0,22.0,0.0,0.0,0.0,0.0,0.0,0.0,1.0,0.0,0.0,0.0,0.0
rule_based,0,3,1350.0,16.0,0.0,0.0,0.0,0.0,0.0,0.0,1.0,0.0,0.0,0.0,0.0
rule_based,0,4,1800.0,23.0,0.0,0.0,0.0,0.0,0.0,0.0,1.0,0.0,0.0,0.0,0.0
rule_based,0,5,2250.0,31.0,0.0,0.0,0.0,0.0,0.06451612903225806,0.0,0.9354838709677419,0.0,0.0,0.0,0.0
rule_based,0,6,2700.0,34.0,0.0,0.0,0.0,0.0,0.0,0.0,1.0,0.0,0.0,0.0,0.0
rule_based,0,7,3150.0,51.0,0.0,0.0,0.0,0.0,0.0196078431372549,0.0,1.0,0.0,0.0,0.0,0.0
rule_based,0,8,3600.0,43.0,0.0,0.0,0.0,0.0,0.0,0.0,1.0,0.0,0.0,0.0,0.0
rule_based,0,9,4050.0,58.0,0.0,0.0,0.0,0.0,0.15517241379310345,0.0,0.9137931034482759,0.0,0.0,0.0,0.0
rule_based,0,10,4500.0,45.0,0.0,0.0,0.0,0.0,0.022222222222222223,0.0,1.0,0.0,0.0,0.0,0.0
rule_based,0,11,4950.0,52.0,0.0,0.0,0.0,0.0,0.019230769230769232,0.0,0.9807692307692307,0.0,0.0,0.0,0.0
rule_based,0,12,5400.0,69.0,0.0,0.0,0.0,0.0,0.2898550724637681,0.0,0.782608695652174,0.0,0.0,0.0,0.0
rule_based,0,13,5850.0,28.0,0.0,0.0,0.0,0.0,0.4642857142857143,0.0,0.5714285714285714,0.0,0.0,0.0,0.0
rule_based,0,14,6300.0,52.0,0.0,0.0,0.0,0.0,0.36538461538461536,0.0,0.7307692307692307,0.0,0.0,0.0,0.0
rule_based,0,15,6750.0,53.0,0.0,0.0,0.0,0.0,0.49056603773584906,0.0,0.5849056603773585,0.0,0.0,0.0,0.0
rule_based,0,16,7200.0,60.0,0.0,0.0,0.0,0.0,0.5666666666666667,0.0,0.5,0.0,0.0,0.0,0.0
rule_based,0,17,7650.0,55.0,0.0,0.0,0.0,0.0,0.5272727272727272,0.0,0.509090909090909,0.0,0.0,0.0,0.0
rule_based,0,18,8100.0,50.0,0.0,0.0,0.0,0.0,0.52,0.0,0.62,0.0,0.0,0.0,0.0
rule_based,0,19,8550.0,53.0,0.0,0.0,0.0,0.0,0.5660377358490566,0.0,0.5283018867924528,0.0,0.0,0.0,0.0
rule_based,0,20,9000.0,44.0,0.0,0.0,0.0,0.0,0.4772727272727273,0.0,0.5681818181818182,0.0,0.0,0.0,0.0
rule_based,0,21,9450.0,41.0,0.0,0.0,0.0,0.0,0.5853658536585366,0.0,0.5121951219512195,0.0,0.0,0.0,0.0
rule_based,0,22,9900.0,49.0,0.0,0.0,0.0,0.0,0.7142857142857143,0.0,0.4489795918367347,0.0,0.0,0.0,0.0
rule_based,0,23,10350.0,24.0,0.0,0.0,0.0,0.0,0.5833333333333334,0.0,0.6666666666666666,0.0,0.0,0.0,0.0
rule_based,1,0,0.0,35.0,0.0,0.0,0.0,0.0,0.0,0.0,1.0,0.0,0.0,0.0,0.0
rule_based,1,1,450.0,23.0,0.0,0.0,0.0,0.0,0.0,0.0,1.0,0.0,0.0,0.0,0.0
rule_based,1,2,900.0,16.0,0.0,0.0,0.0,0.0,0.0,0.0,1.0,0.0,0.0,0.0,0.0
rule_based,1,3,1350.0,20.0,0.0,0.0,0.0,0.0,0.0,0.0,1.0,0.0,0.0,0.0,0.0
rule_based,1,4,1800.0,24.0,0.0,0.0,0.0,0.0,0.0,0.0,1.0,0.0,0.0,0.0,0.0
rule_based,1,5,2250.0,26.0,0.0,0.0,0.0,0.0,0.0,0.0,1.0,0.0,0.0,0.0,0.0
rule_based,1,6,2700.0,43.0,0.0,0.0,0.0,0.0,0.0,0.0,1.0,0.0,0.0,0.0,0.0
rule_based,1,7,3150.0,50.0,0.0,0.0,0.0,0.0,0.08,0.0,0.98,0.0,0.0,0.0,0.0
rule_based,1,8,3600.0,52.0,0.0,0.0,0.0,0.0,0.038461538461538464,0.0,0.9615384615384616,0.0,0.0,0.0,0.0
rule_based,1,9,4050.0,50.0,0.0,0.0,0.0,0.0,0.04,0.0,0.98,0.0,0.0,0.0,0.0
rule_based,1,10,4500.0,53.0,0.0,0.0,0.0,0.0,0.07547169811320754,0.0,1.0,0.0,0.0,0.0,0.0
rule_based,1,11,4950.0,59.0,0.0,0.0,0.0,0.0,0.1016949152542373,0.0,0.9152542372881356,0.0,0.0,0.0,0.0
rule_based,1,12,5400.0,58.0,0.0,0.0,0.0,0.0,0.43103448275862066,0.0,0.6896551724137931,0.0,0.0,0.0,0.0
rule_based,1,13,5850.0,52.0,0.0,0.0,0.0,0.0,0.4807692307692308,0.0,0.6153846153846154,0.0,0.0,0.0,0.0
rule_based,1,14,6300.0,53.0,0.0,0.0,0.0,0.0,0.33962264150943394,0.0,0.7547169811320755,0.0,0.0,0.0,0.0
rule_based,1,15,6750.0,55.0,0.0,0.0,0.0,0.0,0.6,0.0,0.4909090909090909,0.0,0.0,0.0,0.0
rule_based,1,16,7200.0,44.0,0.0,0.0,0.0,0.0,0.4772727272727273,0.0,0.6363636363636364,0.0,0.0,0.0,0.0
rule_based,1,17,7650.0,49.0,0.0,0.0,0.0,0.0,0.5510204081632653,0.0,0.5102040816326531,0.0,0.0,0.0,0.0
rule_based,1,18,8100.0,43.0,0.0,0.0,0.0,0.0,0.6511627906976745,0.0,0.4418604651162791,0.0,0.0,0.0,0.0
rule_based,1,19,8550.0,43.0,0.0,0.0,0.0,0.0,0.5581395348837209,0.0,0.4883720930232558,0.0,0.0,0.0,0.0
rule_based,1,20,9000.0,41.0,0.0,0.0,0.0,0.0,0.4634146341463415,0.0,0.5609756097560976,0.0,0.0,0.0,0.0
rule_based,1,21,9450.0,45.0,0.0,0.0,0.0,0.0,0.6,0.0,0.4444444444444444,0.0,0.0,0.0,0.0
rule_based,1,22,9900.0,42.0,0.0,0.0,0.0,0.0,0.7142857142857143,0.0,0.38095238095238093,0.0,0.0,0.0,0.0
rule_based,1,23,10350.0,24.0,0.0,0.0,0.0,0.0,0.7083333333333334,0.0,0.375,0.0,0.0,0.0,0.0
rule_based,2,0,0.0,23.0,0.0,0.0,0.0,0.0,0.0,0.0,1.0,0.0,0.0,0.0,0.0
rule_based,2,1,450.0,18.0,0.0,0.0,0.0,0.0,0.0,0.0,1.0,0.0,0.0,0.0,0.0
rule_based,2,2,900.0,25.0,0.0,0.0,0.0,0.0,0.04,0.0,0.96,0.0,0.0,0.0,0.0
rule_based,2,3,1350.0,19.0,0.0,0.0,0.0,0.0,0.0,0.0,1.0,0.0,0.0,0.0,0.0
rule_based,2,4,1800.0,23.0,0.0,0.0,0.0,0.0,0.0,0.0,1.0,0.0,0.0,0.0,0.0
rule_based,2,5,2250.0,19.0,0.0,0.0,0.0,0.0,0.0,0.0,1.0,0.0,0.0,0.0,0.0
rule_based,2,6,2700.0,35.0,0.0,0.0,0.0,0.0,0.05714285714285714,0.0,0.9428571428571428,0.0,0.0,0.0,0.0
rule_based,2,7,3150.0,43.0,0.0,0.0,0.0,0.0,0.046511627906976744,0.0,0.9767441860465116,0.0,0.0,0.0,0.0
rule_based,2,8,3600.0,47.0,0.0,0.0,0.0,0.0,0.06382978723404255,0.0,0.9787234042553191,0.0,0.0,0.0,0.0
rule_based,2,9,4050.0,56.0,0.0,0.0,0.0,0.0,0.05357142857142857,0.0,1.0,0.0,0.0,0.0,0.0
rule_based,2,10,4500.0,46.0,0.0,0.0,0.0,0.0,0.08695652173913043,0.0,1.0,0.0,0.0,0.0,0.0
rule_based,2,11,4950.0,56.0,0.0,0.0,0.0,0.0,0.17857142857142858,0.0,0.9285714285714286,0.0,0.0,0.0,0.0
rule_based,2,12,5400.0,59.0,0.0,0.0,0.0,0.0,0.2033898305084746,0.0,0.8305084745762712,0.0,0.0,0.0,0.0
rule_based,2,13,5850.0,53.0,0.0,0.0,0.0,0.0,0.39622641509433965,0.0,0.6981132075471698,0.0,0.0,0.0,0.0
rule_based,2,14,6300.0,52.0,0.0,0.0,0.0,0.0,0.5384615384615384,0.0,0.6730769230769231,0.0,0.0,0.0,0.0
rule_based,2,15,6750.0,56.0,0.0,0.0,0.0,0.0,0.5535714285714286,0.0,0.5892857142857143,0.0,0.0,0.0,0.0
rule_based,2,16,7200.0,50.0,0.0,0.0,0.0,0.0,0.56,0.0,0.56,0.0,0.0,0.0,0.0
rule_based,2,17,7650.0,61.0,0.0,0.0,0.0,0.0,0.5737704918032787,0.0,0.5409836065573771,0.0,0.0,0.0,0.0
rule_based,2,18,8100.0,50.0,0.0,0.0,0.0,0.0,0.72,0.0,0.42,0.0,0.0,0.0,0.0
rule_based,2,19,8550.0,49.0,0.0,0.0,0.0,0.0,0.7346938775510204,0.0,0.3469387755102041,0.0,0.0,0.0,0.0
rule_based,2,20,9000.0,48.0,0.0,0.0,0.0,0.0,0.75,0.0,0.375,0.0,0.0,0.0,0.0
rule_based,2,21,9450.0,42.0,0.0,0.0,0.0,0.0,0.7380952380952381,0.0,0.38095238095238093,0.0,0.0,0.0,0.0
rule_based,2,22,9900.0,34.0,0.0,0.0,0.0,0.0,0.6470588235294118,0.0,0.5,0.0,0.0,0.0,0.0
rule_based,2,23,10350.0,36.0,0.0,0.0,0.0,0.0,0.6666666666666666,0.0,0.3611111111111111,0.0,0.0,0.0,0.0
core,0,0,0.0,26.0,1.0384615384615385,1.0384615384615385,0.0,0.0,0.0,0.0,1.0,26.0,1.0,0.0,0.0
core,0,1,450.0,21.0,1.0,1.0,0.0,0.0,0.0,0.0,1.0,17.0,4.0,0.0,0.0
core,0,2,900.0,22.0,1.0,1.0,0.0,0.0,0.0,0.0,1.0,17.0,5.0,0.0,0.0
core,0,3,1350.0,16.0,1.0,1.0,0.0,0.0,0.0,0.0,1.0,10.0,6.0,0.0,0.0
core,0,4,1800.0,23.0,1.0,1.0,0.0,0.0,0.0,0.0,1.0,11.0,12.0,0.0,0.0
core,0,5,2250.0,31.0,1.1290322580645162,1.032258064516129,0.0967741935483871,0.0,0.0967741935483871,0.0967741935483871,1.0,14.0,18.0,3.0,0.0
core,0,6,2700.0,34.0,1.2058823529411764,1.1764705882352942,0.029411764705882353,0.0,0.029411764705882353,0.029411764705882353,1.0,18.0,22.0,1.0,0.0
core,0,7,3150.0,51.0,1.1176470588235294,1.0588235294117647,0.058823529411764705,0.0,0.0196078431372549,0.0196078431372549,1.0,27.0,27.0,3.0,0.0
core,0,8,3600.0,43.0,1.069767441860465,1.0465116279069768,0.023255813953488372,0.0,0.0,0.0,1.0,19.0,26.0,1.0,0.0
core,0,9,4050.0,58.0,1.2758620689655173,1.2241379310344827,0.05172413793103448,0.0,0.15517241379310345,0.08620689655172414,0.9310344827586207,39.0,32.0,3.0,0.0
core,0,10,4500.0,45.0,1.2666666666666666,1.2,0.06666666666666667,0.0,0.06666666666666667,0.06666666666666667,1.0,30.0,24.0,3.0,0.0
core,0,11,4950.0,52.0,1.1538461538461537,1.1538461538461537,0.0,0.0,0.0,0.0,1.0,28.0,32.0,0.0,0.0
core,0,12,5400.0,69.0,1.5217391304347827,1.3333333333333333,0.18840579710144928,0.0,0.36231884057971014,0.3188405797101449,0.9565217391304348,60.0,32.0,13.0,0.0
core,0,13,5850.0,28.0,1.3571428571428572,1.1785714285714286,0.17857142857142858,0.0,0.39285714285714285,0.32142857142857145,0.9285714285714286,16.0,17.0,5.0,0.0
core,0,14,6300.0,52.0,1.3076923076923077,1.1346153846153846,0.17307692307692307,0.0,0.2692307692307692,0.25,0.9807692307692307,47.0,12.0,9.0,0.0
core,0,15,6750.0,53.0,1.3962264150943395,1.169811320754717,0.22641509433962265,0.0,0.39622641509433965,0.3018867924528302,0.9056603773584906,54.0,8.0,12.0,0.0
core,0,16,7200.0,60.0,1.5,1.2333333333333334,0.26666666666666666,0.0,0.5166666666666667,0.4166666666666667,0.9,61.0,13.0,16.0,0.0
core,0,17,7650.0,55.0,1.6727272727272726,1.1090909090909091,0.5636363636363636,0.0,0.6727272727272727,0.5636363636363636,0.8909090909090909,40.0,21.0,31.0,0.0
core,0,18,8100.0,50.0,1.64,1.2,0.44,0.0,0.62,0.56,0.94,42.0,18.0,22.0,0.0
core,0,19,8550.0,53.0,1.528301886792453,1.1320754716981132,0.39622641509433965,0.0,0.7547169811320755,0.4716981132075472,0.7169811320754716,36.0,24.0,21.0,0.0
core,0,20,9000.0,44.0,1.6818181818181819,1.2727272727272727,0.4090909090909091,0.0,0.8636363636363636,0.6136363636363636,0.75,41.0,15.0,18.0,0.0
core,0,21,9450.0,41.0,1.4146341463414633,1.170731707317073,0.24390243902439024,0.0,0.5853658536585366,0.36585365853658536,0.7804878048780488,27.0,21.0,10.0,0.0
core,0,22,9900.0,49.0,1.5918367346938775,1.3673469387755102,0.22448979591836735,0.0,0.7551020408163265,0.5714285714285714,0.8163265306122449,50.0,17.0,11.0,0.0
core,0,23,10350.0,24.0,1.625,1.3333333333333333,0.2916666666666667,0.0,0.75,0.625,0.875,25.0,7.0,7.0,0.0
core,1,0,0.0,35.0,1.0285714285714285,1.0,0.02857142857142857,0.0,0.0,0.0,1.0,31.0,4.0,1.0,0.0
core,1,1,450.0,23.0,1.0,1.0,0.0,0.0,0.0,0.0,1.0,16.0,7.0,0.0,0.0
core,1,2,900.0,16.0,1.0,1.0,0.0,0.0,0.0,0.0,1.0,9.0,7.0,0.0,0.0
core,1,3,1350.0,20.0,1.0,1.0,0.0,0.0,0.0,0.0,1.0,13.0,7.0,0.0,0.0
core,1,4,1800.0,24.0,1.0,1.0,0.0,0.0,0.0,0.0,1.0,12.0,12.0,0.0,0.0
core,1,5,2250.0,26.0,1.1153846153846154,1.0384615384615385,0.07692307692307693,0.0,0.0,0.0,1.0,14.0,13.0,2.0,0.0
core,1,6,2700.0,43.0,1.0232558139534884,1.0232558139534884,0.0,0.0,0.023255813953488372,0.023255813953488372,1.0,23.0,21.0,0.0,0.0
core,1,7,3150.0,50.0,1.18,1.14,0.04,0.0,0.08,0.08,1.0,31.0,26.0,2.0,0.0
core,1,8,3600.0,52.0,1.0769230769230769,1.0192307692307692,0.057692307692307696,0.0,0.038461538461538464,0.0,0.9615384615384616,30.0,23.0,3.0,0.0
core,1,9,4050.0,50.0,1.4,1.26,0.14,0.0,0.1,0.1,1.0,39.0,24.0,7.0,0.0
core,1,10,4500.0,53.0,1.2452830188679245,1.1886792452830188,0.05660377358490566,0.0,0.05660377358490566,0.05660377358490566,1.0,37.0,26.0,3.0,0.0
core,1,11,4950.0,59.0,1.3898305084745763,1.2542372881355932,0.13559322033898305,0.0,0.2033898305084746,0.2033898305084746,1.0,45.0,29.0,8.0,0.0
core,1,12,5400.0,58.0,1.5344827586206897,1.3275862068965518,0.20689655172413793,0.0,0.46551724137931033,0.41379310344827586,0.9482758620689655,48.0,29.0,12.0,0.0
core,1,13,5850.0,52.0,1.5961538461538463,1.2884615384615385,0.3076923076923077,0.0,0.4807692307692308,0.46153846153846156,0.9807692307692307,33.0,34.0,16.0,0.0
core,1,14,6300.0,53.0,1.5660377358490567,1.320754716981132,0.24528301886792453,0.0,0.4528301886792453,0.41509433962264153,0.9622641509433962,60.0,10.0,13.0,0.0
core,1,15,6750.0,55.0,1.5636363636363637,1.1090909090909091,0.45454545454545453,0.0,0.6363636363636364,0.509090909090909,0.8545454545454545,50.0,11.0,25.0,0.0
core,1,16,7200.0,44.0,1.6590909090909092,1.1818181818181819,0.4772727272727273,0.0,0.6363636363636364,0.5,0.8636363636363636,37.0,15.0,21.0,0.0
core,1,17,7650.0,49.0,1.6938775510204083,1.2244897959183674,0.46938775510204084,0.0,0.7755102040816326,0.6326530612244898,0.8571428571428571,46.0,14.0,23.0,0.0
core,1,18,8100.0,43.0,1.5348837209302326,1.1395348837209303,0.3953488372093023,0.0,0.7209302325581395,0.5348837209302325,0.813953488372093,33.0,16.0,17.0,0.0
core,1,19,8550.0,43.0,1.441860465116279,1.1627906976744187,0.27906976744186046,0.0,0.6046511627906976,0.4186046511627907,0.813953488372093,34.0,16.0,12.0,0.0
core,1,20,9000.0,41.0,1.6097560975609757,1.2195121951219512,0.3902439024390244,0.0,0.7560975609756098,0.5853658536585366,0.8292682926829268,36.0,14.0,16.0,0.0
core,1,21,9450.0,45.0,1.6666666666666667,1.2666666666666666,0.4,0.0,0.8666666666666667,0.5555555555555556,0.6888888888888889,40.0,17.0,18.0,0.0
core,1,22,9900.0,42.0,1.6428571428571428,1.0238095238095237,0.6190476190476191,0.0,0.8333333333333334,0.6190476190476191,0.7857142857142857,21.0,22.0,26.0,0.0
core,1,23,10350.0,24.0,1.375,1.2083333333333333,0.16666666666666666,0.0,0.4583333333333333,0.375,0.9166666666666666,16.0,13.0,4.0,0.0
core,2,0,0.0,23.0,1.0434782608695652,1.0,0.043478260869565216,0.0,0.0,0.0,1.0,23.0,0.0,1.0,0.0
core,2,1,450.0,18.0,1.0,1.0,0.0,0.0,0.0,0.0,1.0,16.0,2.0,0.0,0.0
core,2,2,900.0,25.0,1.08,1.04,0.04,0.0,0.04,0.04,1.0,21.0,5.0,1.0,0.0
core,2,3,1350.0,19.0,1.0,1.0,0.0,0.0,0.0,0.0,1.0,13.0,6.0,0.0,0.0
core,2,4,1800.0,23.0,1.0434782608695652,1.0434782608695652,0.0,0.0,0.0,0.0,1.0,14.0,10.0,0.0,0.0
core,2,5,2250.0,19.0,1.105263157894737,1.105263157894737,0.0,0.0,0.0,0.0,1.0,13.0,8.0,0.0,0.0
core,2,6,2700.0,35.0,1.0571428571428572,1.0285714285714285,0.02857142857142857,0.0,0.05714285714285714,0.02857142857142857,0.9714285714285714,15.0,21.0,1.0,0.0
core,2,7,3150.0,43.0,1.255813953488372,1.186046511627907,0.06976744186046512,0.0,0.046511627906976744,0.023255813953488372,0.9767441860465116,33.0,18.0,3.0,0.0
core,2,8,3600.0,47.0,1.148936170212766,1.0851063829787233,0.06382978723404255,0.0,0.06382978723404255,0.06382978723404255,1.0,31.0,20.0,3.0,0.0
core,2,9,4050.0,56.0,1.3214285714285714,1.1964285714285714,0.125,0.0,0.08928571428571429,0.08928571428571429,1.0,37.0,30.0,7.0,0.0
core,2,10,4500.0,46.0,1.2608695652173914,1.2391304347826086,0.021739130434782608,0.0,0.15217391304347827,0.15217391304347827,1.0,29.0,28.0,1.0,0.0
core,2,11,4950.0,56.0,1.4464285714285714,1.25,0.19642857142857142,0.0,0.23214285714285715,0.23214285714285715,1.0,43.0,27.0,11.0,0.0
core,2,12,5400.0,59.0,1.3898305084745763,1.2033898305084745,0.1864406779661017,0.0,0.2033898305084746,0.15254237288135594,0.9491525423728814,46.0,25.0,11.0,0.0
core,2,13,5850.0,53.0,1.471698113207547,1.2075471698113207,0.2641509433962264,0.0,0.33962264150943394,0.3018867924528302,0.9622641509433962,38.0,26.0,14.0,0.0
core,2,14,6300.0,52.0,1.7307692307692308,1.3461538461538463,0.38461538461538464,0.0,0.5192307692307693,0.5192307692307693,1.0,54.0,16.0,20.0,0.0
core,2,15,6750.0,56.0,1.6607142857142858,1.2142857142857142,0.44642857142857145,0.0,0.6964285714285714,0.5892857142857143,0.8928571428571429,61.0,7.0,25.0,0.0
core,2,16,7200.0,50.0,1.76,1.18,0.58,0.0,0.78,0.68,0.9,43.0,16.0,29.0,0.0
core,2,17,7650.0,61.0,1.8032786885245902,1.2131147540983607,0.5901639344262295,0.0,0.7540983606557377,0.6721311475409836,0.9180327868852459,55.0,19.0,36.0,0.0
core,2,18,8100.0,50.0,1.84,1.26,0.58,0.0,0.88,0.76,0.88,46.0,17.0,29.0,0.0
core,2,19,8550.0,49.0,1.530612244897959,1.1428571428571428,0.3877551020408163,0.0,0.7551020408163265,0.5102040816326531,0.7551020408163265,40.0,16.0,19.0,0.0
core,2,20,9000.0,48.0,1.6041666666666667,1.1458333333333333,0.4583333333333333,0.0,0.75,0.5625,0.8125,30.0,25.0,22.0,0.0
core,2,21,9450.0,42.0,1.5952380952380953,1.3571428571428572,0.23809523809523808,0.0,0.7619047619047619,0.5238095238095238,0.7619047619047619,39.0,18.0,10.0,0.0
core,2,22,9900.0,34.0,1.7058823529411764,1.1470588235294117,0.5588235294117647,0.0,0.7352941176470589,0.6470588235294118,0.9117647058823529,24.0,15.0,19.0,0.0
core,2,23,10350.0,36.0,1.4722222222222223,1.1944444444444444,0.2777777777777778,0.0,0.6111111111111112,0.4722222222222222,0.8611111111111112,26.0,17.0,10.0,0.0
react,0,0,0.0,26.0,2.6923076923076925,0.0,2.6923076923076925,0.0,0.07692307692307693,1.0,0.9230769230769231,0.0,0.0,69.0,1.0
react,0,1,450.0,21.0,2.142857142857143,0.0,2.142857142857143,0.0,0.047619047619047616,1.0,1.0,0.0,0.0,43.0,2.0
react,0,2,900.0,22.0,2.6818181818181817,0.0,2.6818181818181817,0.0,0.13636363636363635,1.0,0.9090909090909091,0.0,0.0,50.0,9.0
react,0,3,1350.0,16.0,3.125,0.0,3.125,0.0,0.1875,1.0,0.9375,0.0,0.0,49.0,1.0
react,0,4,1800.0,23.0,2.739130434782609,0.0,2.739130434782609,0.0,0.21739130434782608,1.0,0.9130434782608695,0.0,0.0,58.0,5.0
react,0,5,2250.0,31.0,3.032258064516129,0.0,3.032258064516129,0.0,0.0967741935483871,1.0,0.967741935483871,0.0,0.0,91.0,3.0
react,0,6,2700.0,34.0,3.176470588235294,0.0,3.176470588235294,0.0,0.17647058823529413,1.0,0.9117647058823529,0.0,0.0,104.0,4.0
react,0,7,3150.0,51.0,3.549019607843137,0.0,3.549019607843137,0.0,0.23529411764705882,1.0,0.9411764705882353,0.0,0.0,167.0,14.0
react,0,8,3600.0,43.0,3.1627906976744184,0.0,3.1627906976744184,0.0,0.20930232558139536,1.0,0.9302325581395349,0.0,0.0,122.0,14.0
react,0,9,4050.0,58.0,3.793103448275862,0.0,3.793103448275862,0.0,0.3448275862068966,1.0,0.8275862068965517,0.0,0.0,205.0,15.0
react,0,10,4500.0,45.0,3.4444444444444446,0.0,3.4444444444444446,0.0,0.26666666666666666,1.0,0.8,0.0,0.0,145.0,10.0
react,0,11,4950.0,52.0,3.8653846153846154,0.0,3.8653846153846154,0.0,0.3269230769230769,1.0,0.8076923076923077,0.0,0.0,190.0,11.0
react,0,12,5400.0,69.0,4.231884057971015,0.0,4.231884057971015,0.0,0.4927536231884058,1.0,0.6956521739130435,0.0,0.0,277.0,15.0
react,0,13,5850.0,28.0,5.535714285714286,0.0,5.535714285714286,0.0,0.75,1.0,0.6071428571428571,0.0,0.0,148.0,7.0
react,0,14,6300.0,52.0,4.038461538461538,0.0,4.038461538461538,0.0,0.40384615384615385,1.0,0.7115384615384616,0.0,0.0,209.0,1.0
react,0,15,6750.0,53.0,4.30188679245283,0.0,4.30188679245283,0.0,0.49056603773584906,1.0,0.7924528301886793,0.0,0.0,223.0,5.0
react,0,16,7200.0,60.0,4.4,0.0,4.4,0.0,0.5333333333333333,1.0,0.75,0.0,0.0,259.0,5.0
react,0,17,7650.0,55.0,5.0181818181818185,0.0,5.0181818181818185,0.0,0.5272727272727272,1.0,0.5818181818181818,0.0,0.0,261.0,15.0
react,0,18,8100.0,50.0,4.48,0.0,4.48,0.0,0.5,1.0,0.62,0.0,0.0,219.0,5.0
react,0,19,8550.0,53.0,4.7924528301886795,0.0,4.7924528301886795,0.0,0.5849056603773585,1.0,0.5471698113207547,0.0,0.0,247.0,7.0
react,0,20,9000.0,44.0,4.295454545454546,0.0,4.295454545454546,0.0,0.5,1.0,0.7045454545454546,0.0,0.0,184.0,5.0
react,0,21,9450.0,41.0,4.439024390243903,0.0,4.439024390243903,0.0,0.5365853658536586,1.0,0.7073170731707317,0.0,0.0,172.0,10.0
react,0,22,9900.0,49.0,5.326530612244898,0.0,5.326530612244898,0.0,0.673469387755102,1.0,0.4489795918367347,0.0,0.0,251.0,10.0
react,0,23,10350.0,24.0,5.416666666666667,0.0,5.416666666666667,0.0,0.7083333333333334,1.0,0.375,0.0,0.0,128.0,2.0
react,1,0,0.0,35.0,3.085714285714286,0.0,3.085714285714286,0.0,0.22857142857142856,1.0,0.8571428571428571,0.0,0.0,107.0,1.0
react,1,1,450.0,23.0,2.4782608695652173,0.0,2.4782608695652173,0.0,0.08695652173913043,1.0,0.9565217391304348,0.0,0.0,55.0,2.0
react,1,2,900.0,16.0,3.625,0.0,3.625,0.0,0.1875,1.0,0.9375,0.0,0.0,56.0,2.0
react,1,3,1350.0,20.0,2.75,0.0,2.75,0.0,0.1,1.0,1.0,0.0,0.0,54.0,1.0
react,1,4,1800.0,24.0,2.4583333333333335,0.0,2.4583333333333335,0.0,0.08333333333333333,1.0,0.9583333333333334,0.0,0.0,56.0,3.0
react,1,5,2250.0,26.0,3.1923076923076925,0.0,3.1923076923076925,0.0,0.23076923076923078,1.0,0.8461538461538461,0.0,0.0,78.0,5.0
react,1,6,2700.0,43.0,2.953488372093023,0.0,2.953488372093023,0.0,0.16279069767441862,1.0,0.8837209302325582,0.0,0.0,122.0,5.0
react,1,7,3150.0,50.0,2.92,0.0,2.92,0.0,0.12,1.0,0.98,0.0,0.0,142.0,4.0
react,1,8,3600.0,52.0,3.6923076923076925,0.0,3.6923076923076925,0.0,0.3076923076923077,1.0,0.7884615384615384,0.0,0.0,187.0,5.0
react,1,9,4050.0,50.0,3.7,0.0,3.7,0.0,0.32,1.0,0.84,0.0,0.0,178.0,7.0
react,1,10,4500.0,53.0,3.811320754716981,0.0,3.811320754716981,0.0,0.39622641509433965,1.0,0.7924528301886793,0.0,0.0,193.0,9.0
react,1,11,4950.0,59.0,3.830508474576271,0.0,3.830508474576271,0.0,0.3559322033898305,1.0,0.7966101694915254,0.0,0.0,215.0,11.0
react,1,12,5400.0,58.0,4.862068965517241,0.0,4.862068965517241,0.0,0.5344827586206896,1.0,0.6379310344827587,0.0,0.0,267.0,15.0
react,1,13,5850.0,52.0,3.923076923076923,0.0,3.923076923076923,0.0,0.4230769230769231,1.0,0.8076923076923077,0.0,0.0,189.0,15.0
react,1,14,6300.0,53.0,4.886792452830188,0.0,4.886792452830188,0.0,0.5471698113207547,1.0,0.6037735849056604,0.0,0.0,254.0,5.0
react,1,15,6750.0,55.0,4.454545454545454,0.0,4.454545454545454,0.0,0.5272727272727272,1.0,0.6727272727272727,0.0,0.0,244.0,1.0
react,1,16,7200.0,44.0,4.386363636363637,0.0,4.386363636363637,0.0,0.5454545454545454,1.0,0.7045454545454546,0.0,0.0,189.0,4.0
react,1,17,7650.0,49.0,4.285714285714286,0.0,4.285714285714286,0.0,0.4897959183673469,1.0,0.6938775510204082,0.0,0.0,206.0,4.0
react,1,18,8100.0,43.0,5.3023255813953485,0.0,5.3023255813953485,0.0,0.6976744186046512,1.0,0.4186046511627907,0.0,0.0,221.0,7.0
react,1,19,8550.0,43.0,5.3023255813953485,0.0,5.3023255813953485,0.0,0.7209302325581395,1.0,0.5581395348837209,0.0,0.0,224.0,4.0
react,1,20,9000.0,41.0,4.170731707317073,0.0,4.170731707317073,0.0,0.4878048780487805,1.0,0.6585365853658537,0.0,0.0,168.0,3.0
react,1,21,9450.0,45.0,4.644444444444445,0.0,4.644444444444445,0.0,0.6222222222222222,1.0,0.6888888888888889,0.0,0.0,206.0,3.0
react,1,22,9900.0,42.0,5.285714285714286,0.0,5.285714285714286,0.0,0.6904761904761905,1.0,0.5,0.0,0.0,210.0,12.0
react,1,23,10350.0,24.0,4.625,0.0,4.625,0.0,0.5416666666666666,1.0,0.625,0.0,0.0,109.0,2.0
react,2,0,0.0,23.0,3.0869565217391304,0.0,3.0869565217391304,0.0,0.17391304347826086,1.0,0.8695652173913043,0.0,0.0,71.0,0.0
react,2,1,450.0,18.0,3.111111111111111,0.0,3.111111111111111,0.0,0.1111111111111111,1.0,1.0,0.0,0.0,56.0,0.0
react,2,2,900.0,25.0,3.04,0.0,3.04,0.0,0.2,1.0,0.88,0.0,0.0,74.0,2.0
react,2,3,1350.0,19.0,3.0,0.0,3.0,0.0,0.21052631578947367,1.0,0.9473684210526315,0.0,0.0,55.0,2.0
react,2,4,1800.0,23.0,2.739130434782609,0.0,2.739130434782609,0.0,0.17391304347826086,1.0,0.9130434782608695,0.0,0.0,63.0,0.0
react,2,5,2250.0,19.0,2.789473684210526,0.0,2.789473684210526,0.0,0.10526315789473684,1.0,1.0,0.0,0.0,50.0,3.0
react,2,6,2700.0,35.0,2.742857142857143,0.0,2.742857142857143,0.0,0.11428571428571428,1.0,0.9142857142857143,0.0,0.0,91.0,5.0
react,2,7,3150.0,43.0,4.0,0.0,4.0,0.0,0.27906976744186046,1.0,0.8604651162790697,0.0,0.0,164.0,8.0
react,2,8,3600.0,47.0,3.4893617021276597,0.0,3.4893617021276597,0.0,0.23404255319148937,1.0,0.8085106382978723,0.0,0.0,151.0,13.0
react,2,9,4050.0,56.0,3.0357142857142856,0.0,3.0357142857142856,0.0,0.17857142857142858,1.0,0.8928571428571429,0.0,0.0,157.0,13.0
react,2,10,4500.0,46.0,3.5434782608695654,0.0,3.5434782608695654,0.0,0.30434782608695654,1.0,0.8695652173913043,0.0,0.0,153.0,10.0
react,2,11,4950.0,56.0,4.160714285714286,0.0,4.160714285714286,0.0,0.44642857142857145,1.0,0.7857142857142857,0.0,0.0,222.0,11.0
react,2,12,5400.0,59.0,4.186440677966102,0.0,4.186440677966102,0.0,0.4576271186440678,1.0,0.7457627118644068,0.0,0.0,238.0,9.0
react,2,13,5850.0,53.0,4.547169811320755,0.0,4.547169811320755,0.0,0.5283018867924528,1.0,0.6981132075471698,0.0,0.0,233.0,8.0
react,2,14,6300.0,52.0,4.634615384615385,0.0,4.634615384615385,0.0,0.5576923076923077,1.0,0.6923076923076923,0.0,0.0,233.0,8.0
react,2,15,6750.0,56.0,4.482142857142857,0.0,4.482142857142857,0.0,0.5178571428571429,1.0,0.6071428571428571,0.0,0.0,249.0,2.0
react,2,16,7200.0,50.0,4.96,0.0,4.96,0.0,0.64,1.0,0.54,0.0,0.0,243.0,5.0
react,2,17,7650.0,61.0,4.688524590163935,0.0,4.688524590163935,0.0,0.5245901639344263,1.0,0.6065573770491803,0.0,0.0,281.0,5.0
react,2,18,8100.0,50.0,5.14,0.0,5.14,0.0,0.64,1.0,0.52,0.0,0.0,251.0,6.0
react,2,19,8550.0,49.0,5.346938775510204,0.0,5.346938775510204,0.0,0.673469387755102,1.0,0.5510204081632653,0.0,0.0,252.0,10.0
react,2,20,9000.0,48.0,5.291666666666667,0.0,5.291666666666667,0.0,0.6666666666666666,1.0,0.4375,0.0,0.0,243.0,11.0
react,2,21,9450.0,42.0,5.5476190476190474,0.0,5.5476190476190474,0.0,0.6904761904761905,1.0,0.40476190476190477,0.0,0.0,220.0,13.0
react,2,22,9900.0,34.0,4.852941176470588,0.0,4.852941176470588,0.0,0.6176470588235294,1.0,0.6176470588235294,0.0,0.0,157.0,8.0
react,2,23,10350.0,36.0,4.5,0.0,4.5,0.0,0.5833333333333334,1.0,0.5833333333333334,0.0,0.0,157.0,5.0
agentedge,0,0,0.0,26.0,4.615384615384615,0.0,4.615384615384615,0.0,0.3076923076923077,1.0,1.0,0.0,0.0,117.0,3.0
agentedge,0,1,450.0,21.0,6.809523809523809,0.0,6.809523809523809,0.0,0.6666666666666666,1.0,1.0,0.0,0.0,135.0,8.0
agentedge,0,2,900.0,22.0,5.090909090909091,0.0,5.090909090909091,0.0,0.7272727272727273,1.0,1.0,0.0,0.0,107.0,5.0
agentedge,0,3,1350.0,16.0,6.125,0.0,6.125,0.0,0.6875,1.0,0.9375,0.0,0.0,90.0,8.0
agentedge,0,4,1800.0,23.0,4.565217391304348,0.0,4.565217391304348,0.0,0.7391304347826086,1.0,0.9565217391304348,0.0,0.0,91.0,14.0
agentedge,0,5,2250.0,31.0,4.967741935483871,0.0,4.967741935483871,0.0,0.6129032258064516,1.0,0.967741935483871,0.0,0.0,133.0,21.0
agentedge,0,6,2700.0,34.0,5.411764705882353,0.0,5.411764705882353,0.0,0.6470588235294118,1.0,1.0,0.0,0.0,156.0,28.0
agentedge,0,7,3150.0,51.0,5.686274509803922,0.0,5.686274509803922,0.0,0.7058823529411765,1.0,0.9803921568627451,0.0,0.0,254.0,36.0
agentedge,0,8,3600.0,43.0,6.255813953488372,0.0,6.255813953488372,0.0,0.6744186046511628,1.0,1.0,0.0,0.0,228.0,41.0
agentedge,0,9,4050.0,58.0,6.396551724137931,0.0,6.396551724137931,0.0,0.8275862068965517,1.0,0.9137931034482759,0.0,0.0,311.0,60.0
agentedge,0,10,4500.0,45.0,6.644444444444445,0.0,6.644444444444445,0.0,0.7777777777777778,1.0,0.9333333333333333,0.0,0.0,254.0,45.0
agentedge,0,11,4950.0,52.0,5.6923076923076925,0.0,5.6923076923076925,0.0,0.8461538461538461,1.0,0.8846153846153846,0.0,0.0,241.0,55.0
agentedge,0,12,5400.0,69.0,6.3768115942028984,0.0,6.3768115942028984,0.0,0.8115942028985508,1.0,0.7246376811594203,0.0,0.0,359.0,81.0
agentedge,0,13,5850.0,28.0,5.892857142857143,0.0,5.892857142857143,0.0,0.8571428571428571,1.0,0.5357142857142857,0.0,0.0,122.0,43.0
agentedge,0,14,6300.0,52.0,6.230769230769231,0.0,6.230769230769231,0.0,0.9230769230769231,1.0,0.5769230769230769,0.0,0.0,265.0,59.0
agentedge,0,15,6750.0,53.0,6.264150943396227,0.0,6.264150943396227,0.0,0.8867924528301887,1.0,0.7169811320754716,0.0,0.0,284.0,48.0
agentedge,0,16,7200.0,60.0,6.166666666666667,0.0,6.166666666666667,0.0,0.9166666666666666,1.0,0.5833333333333334,0.0,0.0,308.0,62.0
agentedge,0,17,7650.0,55.0,6.636363636363637,0.0,6.636363636363637,0.0,0.8363636363636363,1.0,0.5272727272727272,0.0,0.0,292.0,73.0
agentedge,0,18,8100.0,50.0,6.1,0.0,6.1,0.0,0.88,1.0,0.68,0.0,0.0,251.0,54.0
agentedge,0,19,8550.0,53.0,6.283018867924528,0.0,6.283018867924528,0.0,0.8867924528301887,1.0,0.5283018867924528,0.0,0.0,262.0,71.0
agentedge,0,20,9000.0,44.0,6.636363636363637,0.0,6.636363636363637,0.0,0.7954545454545454,1.0,0.6590909090909091,0.0,0.0,233.0,59.0
agentedge,0,21,9450.0,41.0,5.951219512195122,0.0,5.951219512195122,0.0,0.926829268292683,1.0,0.6341463414634146,0.0,0.0,190.0,54.0
agentedge,0,22,9900.0,49.0,6.020408163265306,0.0,6.020408163265306,0.0,0.9183673469387755,1.0,0.5102040816326531,0.0,0.0,227.0,68.0
agentedge,0,23,10350.0,24.0,5.458333333333333,0.0,5.458333333333333,0.0,0.9166666666666666,1.0,0.6666666666666666,0.0,0.0,109.0,22.0
agentedge,1,0,0.0,35.0,4.942857142857143,0.0,4.942857142857143,0.0,0.37142857142857144,1.0,1.0,0.0,0.0,163.0,10.0
agentedge,1,1,450.0,23.0,4.826086956521739,0.0,4.826086956521739,0.0,0.4782608695652174,1.0,0.9565217391304348,0.0,0.0,101.0,10.0
agentedge,1,2,900.0,16.0,4.0,0.0,4.0,0.0,0.5625,1.0,1.0,0.0,0.0,57.0,7.0
agentedge,1,3,1350.0,20.0,5.75,0.0,5.75,0.0,0.55,1.0,0.95,0.0,0.0,104.0,11.0
agentedge,1,4,1800.0,24.0,4.0,0.0,4.0,0.0,0.5,1.0,1.0,0.0,0.0,84.0,12.0
agentedge,1,5,2250.0,26.0,4.961538461538462,0.0,4.961538461538462,0.0,0.5,1.0,1.0,0.0,0.0,114.0,15.0
agentedge,1,6,2700.0,43.0,4.976744186046512,0.0,4.976744186046512,0.0,0.6976744186046512,1.0,0.9302325581395349,0.0,0.0,183.0,31.0
agentedge,1,7,3150.0,50.0,5.48,0.0,5.48,0.0,0.6,1.0,0.96,0.0,0.0,238.0,36.0
agentedge,1,8,3600.0,52.0,5.884615384615385,0.0,5.884615384615385,0.0,0.7884615384615384,1.0,0.8846153846153846,0.0,0.0,265.0,41.0
agentedge,1,9,4050.0,50.0,6.78,0.0,6.78,0.0,0.84,1.0,0.88,0.0,0.0,281.0,58.0
agentedge,1,10,4500.0,53.0,7.132075471698113,0.0,7.132075471698113,0.0,0.7547169811320755,1.0,0.9245283018867925,0.0,0.0,323.0,55.0
agentedge,1,11,4950.0,59.0,6.4576271186440675,0.0,6.4576271186440675,0.0,0.864406779661017,1.0,0.7796610169491526,0.0,0.0,307.0,74.0
agentedge,1,12,5400.0,58.0,6.551724137931035,0.0,6.551724137931035,0.0,0.896551724137931,1.0,0.6206896551724138,0.0,0.0,307.0,73.0
agentedge,1,13,5850.0,52.0,7.115384615384615,0.0,7.115384615384615,0.0,0.8653846153846154,1.0,0.6538461538461539,0.0,0.0,291.0,79.0
agentedge,1,14,6300.0,53.0,6.39622641509434,0.0,6.39622641509434,0.0,0.8867924528301887,1.0,0.7169811320754716,0.0,0.0,288.0,51.0
agentedge,1,15,6750.0,55.0,6.5636363636363635,0.0,6.5636363636363635,0.0,0.8545454545454545,1.0,0.7272727272727273,0.0,0.0,304.0,57.0
agentedge,1,16,7200.0,44.0,7.181818181818182,0.0,7.181818181818182,0.0,0.7727272727272727,1.0,0.8181818181818182,0.0,0.0,267.0,49.0
agentedge,1,17,7650.0,49.0,6.183673469387755,0.0,6.183673469387755,0.0,0.8571428571428571,1.0,0.5306122448979592,0.0,0.0,243.0,60.0
agentedge,1,18,8100.0,43.0,6.023255813953488,0.0,6.023255813953488,0.0,0.8604651162790697,1.0,0.6046511627906976,0.0,0.0,209.0,50.0
agentedge,1,19,8550.0,43.0,5.813953488372093,0.0,5.813953488372093,0.0,0.8372093023255814,1.0,0.813953488372093,0.0,0.0,214.0,36.0
agentedge,1,20,9000.0,41.0,5.219512195121951,0.0,5.219512195121951,0.0,0.8048780487804879,1.0,0.7560975609756098,0.0,0.0,180.0,34.0
agentedge,1,21,9450.0,45.0,5.844444444444444,0.0,5.844444444444444,0.0,0.8222222222222222,1.0,0.6666666666666666,0.0,0.0,210.0,53.0
agentedge,1,22,9900.0,42.0,5.976190476190476,0.0,5.976190476190476,0.0,0.7857142857142857,1.0,0.5714285714285714,0.0,0.0,195.0,56.0
agentedge,1,23,10350.0,24.0,5.416666666666667,0.0,5.416666666666667,0.0,0.75,1.0,0.75,0.0,0.0,106.0,24.0
agentedge,2,0,0.0,23.0,6.0,0.0,6.0,0.0,0.4782608695652174,1.0,1.0,0.0,0.0,135.0,3.0
agentedge,2,1,450.0,18.0,4.5,0.0,4.5,0.0,0.4444444444444444,1.0,1.0,0.0,0.0,79.0,2.0
agentedge,2,2,900.0,25.0,5.16,0.0,5.16,0.0,0.68,1.0,0.96,0.0,0.0,120.0,9.0
agentedge,2,3,1350.0,19.0,4.526315789473684,0.0,4.526315789473684,0.0,0.5263157894736842,1.0,1.0,0.0,0.0,78.0,8.0
agentedge,2,4,1800.0,23.0,5.304347826086956,0.0,5.304347826086956,0.0,0.5217391304347826,1.0,0.9565217391304348,0.0,0.0,107.0,15.0
agentedge,2,5,2250.0,19.0,6.7894736842105265,0.0,6.7894736842105265,0.0,0.7368421052631579,1.0,1.0,0.0,0.0,116.0,13.0
agentedge,2,6,2700.0,35.0,6.542857142857143,0.0,6.542857142857143,0.0,0.8,1.0,0.8285714285714286,0.0,0.0,183.0,46.0
agentedge,2,7,3150.0,43.0,5.930232558139535,0.0,5.930232558139535,0.0,0.813953488372093,1.0,0.9069767441860465,0.0,0.0,221.0,34.0
agentedge,2,8,3600.0,47.0,6.297872340425532,0.0,6.297872340425532,0.0,0.7446808510638298,1.0,0.9361702127659575,0.0,0.0,255.0,41.0
agentedge,2,9,4050.0,56.0,6.160714285714286,0.0,6.160714285714286,0.0,0.875,1.0,0.7678571428571429,0.0,0.0,281.0,64.0
agentedge,2,10,4500.0,46.0,6.826086956521739,0.0,6.826086956521739,0.0,0.782608695652174,1.0,0.6956521739130435,0.0,0.0,245.0,69.0
agentedge,2,11,4950.0,56.0,7.464285714285714,0.0,7.464285714285714,0.0,0.7142857142857143,1.0,0.875,0.0,0.0,346.0,72.0
agentedge,2,12,5400.0,59.0,6.966101694915254,0.0,6.966101694915254,0.0,0.8135593220338984,1.0,0.711864406779661,0.0,0.0,336.0,75.0
agentedge,2,13,5850.0,53.0,6.3584905660377355,0.0,6.3584905660377355,0.0,0.8867924528301887,1.0,0.7924528301886793,0.0,0.0,274.0,63.0
agentedge,2,14,6300.0,52.0,6.365384615384615,0.0,6.365384615384615,0.0,0.8653846153846154,1.0,0.5384615384615384,0.0,0.0,275.0,56.0
agentedge,2,15,6750.0,56.0,5.785714285714286,0.0,5.785714285714286,0.0,0.8928571428571429,1.0,0.6964285714285714,0.0,0.0,283.0,41.0
agentedge,2,16,7200.0,50.0,6.5,0.0,6.5,0.0,0.9,1.0,0.6,0.0,0.0,267.0,58.0
agentedge,2,17,7650.0,61.0,6.639344262295082,0.0,6.639344262295082,0.0,0.9016393442622951,1.0,0.6229508196721312,0.0,0.0,336.0,69.0
agentedge,2,18,8100.0,50.0,6.22,0.0,6.22,0.0,0.9,1.0,0.6,0.0,0.0,255.0,56.0
agentedge,2,19,8550.0,49.0,6.63265306122449,0.0,6.63265306122449,0.0,0.8979591836734694,1.0,0.4897959183673469,0.0,0.0,254.0,71.0
agentedge,2,20,9000.0,48.0,6.354166666666667,0.0,6.354166666666667,0.0,0.9375,1.0,0.5,0.0,0.0,228.0,77.0
agentedge,2,21,9450.0,42.0,6.476190476190476,0.0,6.476190476190476,0.0,0.9761904761904762,1.0,0.47619047619047616,0.0,0.0,204.0,68.0
agentedge,2,22,9900.0,34.0,5.823529411764706,0.0,5.823529411764706,0.0,0.8529411764705882,1.0,0.5882352941176471,0.0,0.0,155.0,43.0
agentedge,2,23,10350.0,36.0,5.138888888888889,0.0,5.138888888888889,0.0,0.6944444444444444,1.0,0.75,0.0,0.0,151.0,34.0
lats,0,0,0.0,26.0,12.884615384615385,0.0,12.884615384615385,0.0,0.19230769230769232,1.0,1.0,0.0,0.0,331.0,4.0
lats,0,1,450.0,21.0,9.428571428571429,0.0,9.428571428571429,0.0,0.09523809523809523,1.0,1.0,0.0,0.0,190.0,8.0
lats,0,2,900.0,22.0,9.0,0.0,9.0,0.0,0.13636363636363635,1.0,1.0,0.0,0.0,186.0,12.0
lats,0,3,1350.0,16.0,12.5625,0.0,12.5625,0.0,0.0625,1.0,1.0,0.0,0.0,179.0,22.0
lats,0,4,1800.0,23.0,10.956521739130435,0.0,10.956521739130435,0.0,0.08695652173913043,1.0,1.0,0.0,0.0,216.0,36.0
lats,0,5,2250.0,31.0,9.516129032258064,0.0,9.516129032258064,0.0,0.12903225806451613,1.0,1.0,0.0,0.0,281.0,14.0
lats,0,6,2700.0,34.0,12.470588235294118,0.0,12.470588235294118,0.0,0.2647058823529412,1.0,1.0,0.0,0.0,392.0,32.0
lats,0,7,3150.0,51.0,11.764705882352942,0.0,11.764705882352942,0.0,0.11764705882352941,1.0,1.0,0.0,0.0,554.0,46.0
lats,0,8,3600.0,43.0,10.837209302325581,0.0,10.837209302325581,0.0,0.13953488372093023,1.0,1.0,0.0,0.0,407.0,59.0
lats,0,9,4050.0,58.0,14.948275862068966,0.0,14.948275862068966,0.0,0.29310344827586204,1.0,1.0,0.0,0.0,797.0,70.0
lats,0,10,4500.0,45.0,14.222222222222221,0.0,14.222222222222221,0.0,0.15555555555555556,1.0,1.0,0.0,0.0,580.0,60.0
lats,0,11,4950.0,52.0,17.403846153846153,0.0,17.403846153846153,0.0,0.21153846153846154,1.0,0.9807692307692307,0.0,0.0,815.0,90.0
lats,0,12,5400.0,69.0,23.753623188405797,0.0,23.753623188405797,0.0,0.4782608695652174,1.0,0.927536231884058,0.0,0.0,1592.0,47.0
lats,0,13,5850.0,28.0,30.321428571428573,0.0,30.321428571428573,0.0,0.7142857142857143,1.0,0.8928571428571429,0.0,0.0,823.0,26.0
lats,0,14,6300.0,52.0,27.096153846153847,0.0,27.096153846153847,0.0,0.4423076923076923,1.0,0.8461538461538461,0.0,0.0,1403.0,6.0
lats,0,15,6750.0,53.0,35.24528301886792,0.0,35.24528301886792,0.0,0.5094339622641509,1.0,0.7169811320754716,0.0,0.0,1856.0,12.0
lats,0,16,7200.0,60.0,34.88333333333333,0.0,34.88333333333333,0.0,0.5833333333333334,1.0,0.7,0.0,0.0,2079.0,14.0
lats,0,17,7650.0,55.0,39.27272727272727,0.0,39.27272727272727,0.0,0.6545454545454545,1.0,0.6363636363636364,0.0,0.0,2117.0,43.0
lats,0,18,8100.0,50.0,34.24,0.0,34.24,0.0,0.5,1.0,0.72,0.0,0.0,1689.0,23.0
lats,0,19,8550.0,53.0,35.924528301886795,0.0,35.924528301886795,0.0,0.6226415094339622,1.0,0.6226415094339622,0.0,0.0,1858.0,46.0
lats,0,20,9000.0,44.0,29.204545454545453,0.0,29.204545454545453,0.0,0.5454545454545454,1.0,0.7727272727272727,0.0,0.0,1259.0,26.0
lats,0,21,9450.0,41.0,30.536585365853657,0.0,30.536585365853657,0.0,0.5853658536585366,1.0,0.7560975609756098,0.0,0.0,1208.0,44.0
lats,0,22,9900.0,49.0,37.06122448979592,0.0,37.06122448979592,0.0,0.5714285714285714,1.0,0.6122448979591837,0.0,0.0,1775.0,41.0
lats,0,23,10350.0,24.0,37.791666666666664,0.0,37.791666666666664,0.0,0.75,1.0,0.7083333333333334,0.0,0.0,897.0,10.0
