system,seed,bin,t_s,requests,invocations_per_request,slm_per_request,llm_per_request,cache_hit_rate,escalation_rate,llm_stage_rate,acceptance_rate,slm_fresh,slm_cached_disk,llm_fresh,llm_cached_disk
full,0,0,0.0,148.0,0.10810810810810811,0.10810810810810811,0.0,0.918918918918919,0.0,0.0,1.0,16.0,0.0,0.0,0.0
full,0,1,3600.0,141.0,0.02127659574468085,0.02127659574468085,0.0,1.0,0.0070921985815602835,0.0,0.9929078014184397,3.0,0.0,0.0,0.0
full,0,2,7200.0,107.0,0.037383177570093455,0.037383177570093455,0.0,1.0,0.0,0.0,1.0,4.0,0.0,0.0,0.0
full,0,3,10800.0,136.0,0.0661764705882353,0.051470588235294115,0.014705882352941176,0.9705882352941176,0.07352941176470588,0.014705882352941176,0.9632352941176471,7.0,0.0,2.0,0.0
full,0,4,14400.0,105.0,0.0380952380952381,0.0380952380952381,0.0,0.9904761904761905,0.047619047619047616,0.0,0.9714285714285714,4.0,0.0,0.0,0.0
full,0,5,18000.0,136.0,0.04411764705882353,0.014705882352941176,0.029411764705882353,1.0,0.08823529411764706,0.022058823529411766,0.9705882352941176,0.0,2.0,3.0,0.0
full,0,6,21600.0,221.0,0.04524886877828054,0.03167420814479638,0.013574660633484163,0.9909502262443439,0.11312217194570136,0.004524886877828055,0.9502262443438914,6.0,1.0,3.0,0.0
full,0,7,25200.0,282.0,0.08156028368794327,0.05319148936170213,0.028368794326241134,0.9822695035460993,0.14184397163120568,0.02127659574468085,0.9716312056737588,15.0,0.0,6.0,0.0
full,0,8,28800.0,284.0,0.07042253521126761,0.045774647887323945,0.02464788732394366,0.9788732394366197,0.11267605633802817,0.007042253521126761,0.954225352112676,13.0,0.0,7.0,0.0
full,0,9,32400.0,320.0,0.09375,0.028125,0.065625,0.9875,0.18125,0.034375,0.975,7.0,2.0,20.0,0.0
full,0,10,36000.0,315.0,0.06984126984126984,0.012698412698412698,0.05714285714285714,0.9936507936507937,0.19682539682539682,0.03492063492063492,0.9714285714285714,4.0,0.0,18.0,0.0
full,0,11,39600.0,347.0,0.1729106628242075,0.0345821325648415,0.138328530259366,0.9798270893371758,0.36023054755043227,0.09221902017291066,0.9452449567723343,11.0,1.0,48.0,0.0
full,0,12,43200.0,331.0,0.22356495468277945,0.06948640483383686,0.1540785498489426,0.9425981873111783,0.513595166163142,0.13293051359516617,0.9214501510574018,23.0,0.0,50.0,0.0
full,0,13,46800.0,320.0,0.203125,0.025,0.178125,0.99375,0.621875,0.13125,0.853125,8.0,0.0,57.0,0.0
full,0,14,50400.0,310.0,0.2064516129032258,0.041935483870967745,0.16451612903225807,0.9774193548387097,0.5967741935483871,0.11935483870967742,0.8612903225806452,13.0,0.0,51.0,0.0
full,0,15,54000.0,332.0,0.20481927710843373,0.060240963855421686,0.14457831325301204,0.9668674698795181,0.6927710843373494,0.12048192771084337,0.822289156626506,18.0,2.0,48.0,0.0
full,0,16,57600.0,310.0,0.14516129032258066,0.025806451612903226,0.11935483870967742,0.9838709677419355,0.635483870967742,0.0935483870967742,0.8161290322580645,8.0,0.0,37.0,0.0
full,0,17,61200.0,319.0,0.15673981191222572,0.025078369905956112,0.13166144200626959,0.9843260188087775,0.6081504702194357,0.109717868338558,0.8150470219435737,8.0,0.0,42.0,0.0
full,0,18,64800.0,284.0,0.12323943661971831,0.04225352112676056,0.08098591549295775,0.9823943661971831,0.5809859154929577,0.06338028169014084,0.8626760563380281,12.0,0.0,23.0,0.0
full,0,19,68400.0,293.0,0.15699658703071673,0.040955631399317405,0.11604095563139932,0.9965870307167235,0.5631399317406144,0.08873720136518772,0.8873720136518771,12.0,0.0,34.0,0.0
full,0,20,72000.0,278.0,0.1618705035971223,0.04316546762589928,0.11870503597122302,0.9784172661870504,0.5287769784172662,0.09352517985611511,0.8992805755395683,11.0,1.0,33.0,0.0
full,0,21,75600.0,256.0,0.09765625,0.02734375,0.0703125,0.98828125,0.46875,0.04296875,0.9296875,5.0,2.0,18.0,0.0
full,0,22,79200.0,248.0,0.1532258064516129,0.028225806451612902,0.125,0.9959677419354839,0.5725806451612904,0.09274193548387097,0.8911290322580645,7.0,0.0,31.0,0.0
full,0,23,82800.0,177.0,0.12994350282485875,0.03389830508474576,0.096045197740113,0.9774011299435028,0.5480225988700564,0.06779661016949153,0.8813559322033898,6.0,0.0,17.0,0.0
full,1,0,0.0,180.0,0.12222222222222222,0.11666666666666667,0.005555555555555556,0.9166666666666666,0.0,0.0,1.0,21.0,0.0,1.0,0.0
full,1,1,3600.0,139.0,0.050359712230215826,0.02877697841726619,0.02158273381294964,1.0,0.02158273381294964,0.02158273381294964,1.0,4.0,0.0,3.0,0.0
full,1,2,7200.0,111.0,0.06306306306306306,0.04504504504504504,0.018018018018018018,1.0,0.036036036036036036,0.018018018018018018,0.9819819819819819,4.0,1.0,2.0,0.0
full,1,3,10800.0,109.0,0.08256880733944955,0.06422018348623854,0.01834862385321101,0.963302752293578,0.027522935779816515,0.01834862385321101,0.9908256880733946,7.0,0.0,2.0,0.0
full,1,4,14400.0,95.0,0.021052631578947368,0.021052631578947368,0.0,1.0,0.031578947368421054,0.0,0.9789473684210527,2.0,0.0,0.0,0.0
full,1,5,18000.0,114.0,0.043859649122807015,0.03508771929824561,0.008771929824561403,1.0,0.03508771929824561,0.008771929824561403,0.9824561403508771,4.0,0.0,1.0,0.0
full,1,6,21600.0,207.0,0.04830917874396135,0.03864734299516908,0.00966183574879227,0.9903381642512077,0.05314009661835749,0.00966183574879227,0.9855072463768116,7.0,1.0,2.0,0.0
full,1,7,25200.0,269.0,0.07063197026022305,0.03717472118959108,0.03345724907063197,0.9814126394052045,0.08550185873605948,0.01486988847583643,0.9776951672862454,9.0,1.0,7.0,0.0
full,1,8,28800.0,288.0,0.04861111111111111,0.03819444444444445,0.010416666666666666,0.9861111111111112,0.0763888888888889,0.003472222222222222,0.9652777777777778,10.0,1.0,2.0,0.0
full,1,9,32400.0,308.0,0.09090909090909091,0.025974025974025976,0.06493506493506493,0.9967532467532467,0.16233766233766234,0.02922077922077922,0.9772727272727273,8.0,0.0,19.0,0.0
full,1,10,36000.0,328.0,0.12195121951219512,0.039634146341463415,0.08231707317073171,0.9878048780487805,0.24695121951219512,0.042682926829268296,0.9817073170731707,12.0,1.0,27.0,0.0
full,1,11,39600.0,345.0,0.2,0.03768115942028986,0.16231884057971013,0.9855072463768116,0.5101449275362319,0.11594202898550725,0.9130434782608695,13.0,0.0,56.0,0.0
full,1,12,43200.0,336.0,0.22321428571428573,0.08035714285714286,0.14285714285714285,0.9464285714285714,0.5595238095238095,0.12202380952380952,0.8988095238095238,27.0,0.0,48.0,0.0
full,1,13,46800.0,338.0,0.22189349112426035,0.026627218934911243,0.1952662721893491,0.9911242603550295,0.6568047337278107,0.14792899408284024,0.8846153846153846,9.0,0.0,66.0,0.0
full,1,14,50400.0,316.0,0.16455696202531644,0.03164556962025317,0.13291139240506328,0.9778481012658228,0.6772151898734177,0.12025316455696203,0.8322784810126582,9.0,1.0,42.0,0.0
full,1,15,54000.0,352.0,0.17613636363636365,0.03977272727272727,0.13636363636363635,0.9857954545454546,0.6079545454545454,0.10511363636363637,0.7982954545454546,14.0,0.0,48.0,0.0
full,1,16,57600.0,352.0,0.20454545454545456,0.045454545454545456,0.1590909090909091,0.9801136363636364,0.6931818181818182,0.13352272727272727,0.8238636363636364,15.0,1.0,56.0,0.0
full,1,17,61200.0,292.0,0.2054794520547945,0.0410958904109589,0.1643835616438356,0.9794520547945206,0.6404109589041096,0.1267123287671233,0.8082191780821918,12.0,0.0,48.0,0.0
full,1,18,64800.0,273.0,0.10256410256410256,0.02564102564102564,0.07692307692307693,0.989010989010989,0.5641025641025641,0.05128205128205128,0.8608058608058609,7.0,0.0,21.0,0.0
full,1,19,68400.0,290.0,0.16206896551724137,0.020689655172413793,0.1413793103448276,0.993103448275862,0.5724137931034483,0.10689655172413794,0.8862068965517241,5.0,1.0,41.0,0.0
full,1,20,72000.0,284.0,0.1936619718309859,0.03169014084507042,0.1619718309859155,0.9859154929577465,0.6126760563380281,0.12323943661971831,0.9049295774647887,9.0,0.0,46.0,0.0
full,1,21,75600.0,272.0,0.14338235294117646,0.04779411764705882,0.09558823529411764,0.9816176470588235,0.4852941176470588,0.08088235294117647,0.9227941176470589,13.0,0.0,26.0,0.0
full,1,22,79200.0,219.0,0.1324200913242009,0.0410958904109589,0.091324200913242,0.9817351598173516,0.4885844748858447,0.0730593607305936,0.8995433789954338,9.0,0.0,20.0,0.0
full,1,23,82800.0,183.0,0.1092896174863388,0.04371584699453552,0.06557377049180328,0.9890710382513661,0.453551912568306,0.060109289617486336,0.9508196721311475,7.0,1.0,12.0,0.0
full,2,0,0.0,179.0,0.12290502793296089,0.12290502793296089,0.0,0.9217877094972067,0.0,0.0,1.0,21.0,1.0,0.0,0.0
full,2,1,3600.0,126.0,0.07142857142857142,0.03968253968253968,0.031746031746031744,1.0,0.05555555555555555,0.031746031746031744,0.9841269841269841,5.0,0.0,4.0,0.0
full,2,2,7200.0,127.0,0.015748031496062992,0.0,0.015748031496062992,1.0,0.07086614173228346,0.015748031496062992,0.952755905511811,0.0,0.0,2.0,0.0
full,2,3,10800.0,102.0,0.049019607843137254,0.0392156862745098,0.00980392156862745,0.9705882352941176,0.08823529411764706,0.00980392156862745,0.9411764705882353,4.0,0.0,1.0,0.0
full,2,4,14400.0,104.0,0.04807692307692308,0.038461538461538464,0.009615384615384616,1.0,0.057692307692307696,0.0,0.9711538461538461,4.0,0.0,1.0,0.0
full,2,5,18000.0,134.0,0.05223880597014925,0.029850746268656716,0.022388059701492536,1.0,0.06716417910447761,0.014925373134328358,0.9701492537313433,4.0,0.0,2.0,0.0
full,2,6,21600.0,213.0,0.04225352112676056,0.028169014084507043,0.014084507042253521,0.9906103286384976,0.06572769953051644,0.009389671361502348,0.971830985915493,6.0,0.0,3.0,0.0
full,2,7,25200.0,283.0,0.053003533568904596,0.0353356890459364,0.0176678445229682,0.9787985865724381,0.07420494699646643,0.0035335689045936395,0.9787985865724381,10.0,0.0,4.0,0.0
full,2,8,28800.0,296.0,0.05067567567567568,0.033783783783783786,0.016891891891891893,0.9797297297297297,0.10810810810810811,0.0033783783783783786,0.9763513513513513,10.0,0.0,4.0,0.0
full,2,9,32400.0,301.0,0.09302325581395349,0.023255813953488372,0.06976744186046512,0.9900332225913622,0.17275747508305647,0.029900332225913623,0.9700996677740864,7.0,0.0,20.0,0.0
full,2,10,36000.0,323.0,0.14860681114551083,0.02476780185758514,0.1238390092879257,0.9938080495356038,0.38390092879256965,0.08359133126934984,0.9318885448916409,8.0,0.0,40.0,0.0
full,2,11,39600.0,337.0,0.2433234421364985,0.02967359050445104,0.21364985163204747,0.9821958456973294,0.5727002967359051,0.17210682492581603,0.9406528189910979,10.0,0.0,72.0,0.0
full,2,12,43200.0,362.0,0.26243093922651933,0.06906077348066299,0.19337016574585636,0.9475138121546961,0.6602209944751382,0.15193370165745856,0.8480662983425414,25.0,0.0,70.0,0.0
full,2,13,46800.0,301.0,0.16611295681063123,0.029900332225913623,0.1362126245847176,0.9867109634551495,0.5581395348837209,0.09966777408637874,0.8737541528239202,8.0,1.0,41.0,0.0
full,2,14,50400.0,322.0,0.1956521739130435,0.034161490683229816,0.16149068322981366,0.984472049689441,0.717391304347826,0.13043478260869565,0.8167701863354038,10.0,1.0,52.0,0.0
full,2,15,54000.0,327.0,0.1743119266055046,0.03363914373088685,0.14067278287461774,0.9877675840978594,0.581039755351682,0.11009174311926606,0.8776758409785933,11.0,0.0,46.0,0.0
full,2,16,57600.0,311.0,0.14469453376205788,0.05144694533762058,0.0932475884244373,0.9710610932475884,0.5594855305466238,0.08038585209003216,0.8456591639871383,16.0,0.0,29.0,0.0
full,2,17,61200.0,316.0,0.20253164556962025,0.05063291139240506,0.1518987341772152,0.9778481012658228,0.6139240506329114,0.11708860759493671,0.8575949367088608,16.0,0.0,48.0,0.0
full,2,18,64800.0,306.0,0.1895424836601307,0.03594771241830065,0.15359477124183007,0.9836601307189542,0.6437908496732027,0.12418300653594772,0.8627450980392157,10.0,1.0,47.0,0.0
full,2,19,68400.0,291.0,0.16494845360824742,0.020618556701030927,0.14432989690721648,0.993127147766323,0.5257731958762887,0.10309278350515463,0.8694158075601375,6.0,0.0,42.0,0.0
full,2,20,72000.0,258.0,0.2558139534883721,0.050387596899224806,0.2054263565891473,0.9806201550387597,0.6666666666666666,0.14728682170542637,0.872093023255814,13.0,0.0,53.0,0.0
full,2,21,75600.0,259.0,0.13513513513513514,0.023166023166023165,0.11196911196911197,0.9922779922779923,0.6177606177606177,0.0888030888030888,0.803088803088803,5.0,1.0,29.0,0.0
full,2,22,79200.0,220.0,0.16818181818181818,0.05,0.11818181818181818,0.9818181818181818,0.5954545454545455,0.10454545454545454,0.8636363636363636,10.0,1.0,26.0,0.0
full,2,23,82800.0,202.0,0.11386138613861387,0.019801980198019802,0.09405940594059406,0.995049504950495,0.5495049504950495,0.07920792079207921,0.9108910891089109,4.0,0.0,19.0,0.0
full,3,0,0.0,141.0,0.11347517730496454,0.11347517730496454,0.0,0.9148936170212766,0.0,0.0,1.0,16.0,0.0,0.0,0.0
full,3,1,3600.0,130.0,0.06153846153846154,0.05384615384615385,0.007692307692307693,1.0,0.007692307692307693,0.0,0.9923076923076923,6.0,1.0,1.0,0.0
full,3,2,7200.0,130.0,0.06153846153846154,0.046153846153846156,0.015384615384615385,1.0,0.038461538461538464,0.015384615384615385,0.9769230769230769,5.0,1.0,2.0,0.0
full,3,3,10800.0,117.0,0.05982905982905983,0.05128205128205128,0.008547008547008548,0.9658119658119658,0.02564102564102564,0.008547008547008548,0.9829059829059829,6.0,0.0,1.0,0.0
full,3,4,14400.0,112.0,0.026785714285714284,0.026785714285714284,0.0,1.0,0.008928571428571428,0.0,0.9910714285714286,2.0,1.0,0.0,0.0
full,3,5,18000.0,133.0,0.045112781954887216,0.022556390977443608,0.022556390977443608,0.9924812030075187,0.03759398496240601,0.015037593984962405,0.9924812030075187,3.0,0.0,3.0,0.0
full,3,6,21600.0,216.0,0.027777777777777776,0.013888888888888888,0.013888888888888888,0.9953703703703703,0.07407407407407407,0.009259259259259259,0.9907407407407407,2.0,1.0,2.0,0.0
full,3,7,25200.0,264.0,0.09090909090909091,0.045454545454545456,0.045454545454545456,0.9848484848484849,0.12121212121212122,0.01893939393939394,0.9659090909090909,11.0,1.0,11.0,0.0
full,3,8,28800.0,335.0,0.1044776119402985,0.03582089552238806,0.06865671641791045,0.9791044776119403,0.21194029850746268,0.029850746268656716,0.9731343283582089,12.0,0.0,22.0,0.0
full,3,9,32400.0,345.0,0.1826086956521739,0.02608695652173913,0.1565217391304348,0.991304347826087,0.4144927536231884,0.09565217391304348,0.9681159420289855,8.0,1.0,54.0,0.0
full,3,10,36000.0,312.0,0.15384615384615385,0.03205128205128205,0.12179487179487179,0.9935897435897436,0.4423076923076923,0.08974358974358974,0.9294871794871795,10.0,0.0,38.0,0.0
full,3,11,39600.0,300.0,0.22,0.04,0.18,0.9733333333333334,0.5333333333333333,0.15666666666666668,0.9133333333333333,12.0,0.0,54.0,0.0
full,3,12,43200.0,326.0,0.2147239263803681,0.0705521472392638,0.1441717791411043,0.941717791411043,0.48773006134969327,0.09815950920245399,0.8987730061349694,22.0,1.0,47.0,0.0
full,3,13,46800.0,334.0,0.15568862275449102,0.029940119760479042,0.12574850299401197,0.9850299401197605,0.5269461077844312,0.07784431137724551,0.9431137724550899,10.0,0.0,42.0,0.0
full,3,14,50400.0,324.0,0.2037037037037037,0.04938271604938271,0.15432098765432098,0.9845679012345679,0.5030864197530864,0.10185185185185185,0.9537037037037037,15.0,1.0,50.0,0.0
full,3,15,54000.0,333.0,0.21021021021021022,0.042042042042042045,0.16816816816816818,0.9819819819819819,0.5945945945945946,0.1111111111111111,0.8648648648648649,13.0,1.0,56.0,0.0
full,3,16,57600.0,338.0,0.23964497041420119,0.05621301775147929,0.1834319526627219,0.9763313609467456,0.7218934911242604,0.13313609467455623,0.8076923076923077,19.0,0.0,62.0,0.0
full,3,17,61200.0,317.0,0.22712933753943218,0.022082018927444796,0.20504731861198738,0.9842271293375394,0.6813880126182965,0.14826498422712933,0.8296529968454258,7.0,0.0,65.0,0.0
full,3,18,64800.0,288.0,0.1597222222222222,0.034722222222222224,0.125,0.9826388888888888,0.625,0.09027777777777778,0.84375,10.0,0.0,36.0,0.0
full,3,19,68400.0,282.0,0.14893617021276595,0.028368794326241134,0.12056737588652482,0.9964539007092199,0.6595744680851063,0.09929078014184398,0.7836879432624113,8.0,0.0,34.0,0.0
full,3,20,72000.0,259.0,0.16216216216216217,0.023166023166023165,0.138996138996139,0.9806949806949807,0.6525096525096525,0.10038610038610038,0.7876447876447876,6.0,0.0,36.0,0.0
full,3,21,75600.0,247.0,0.1214574898785425,0.02834008097165992,0.0931174089068826,0.9959514170040485,0.5587044534412956,0.07692307692307693,0.8299595141700404,7.0,0.0,23.0,0.0
full,3,22,79200.0,207.0,0.1642512077294686,0.033816425120772944,0.13043478260869565,0.9855072463768116,0.5024154589371981,0.0966183574879227,0.8695652173913043,7.0,0.0,27.0,0.0
full,3,23,82800.0,210.0,0.10476190476190476,0.0380952380952381,0.06666666666666667,0.9857142857142858,0.47619047619047616,0.047619047619047616,0.9,7.0,1.0,14.0,0.0
full,4,0,0.0,157.0,0.1337579617834395,0.12738853503184713,0.006369426751592357,0.9235668789808917,0.006369426751592357,0.0,0.9936305732484076,20.0,0.0,1.0,0.0
full,4,1,3600.0,129.0,0.031007751937984496,0.023255813953488372,0.007751937984496124,1.0,0.015503875968992248,0.007751937984496124,1.0,3.0,0.0,1.0,0.0
full,4,2,7200.0,127.0,0.03937007874015748,0.031496062992125984,0.007874015748031496,1.0,0.06299212598425197,0.007874015748031496,0.9448818897637795,4.0,0.0,1.0,0.0
full,4,3,10800.0,108.0,0.037037037037037035,0.037037037037037035,0.0,0.9722222222222222,0.046296296296296294,0.0,0.9629629629629629,4.0,0.0,0.0,0.0
full,4,4,14400.0,122.0,0.040983606557377046,0.03278688524590164,0.00819672131147541,0.9918032786885246,0.00819672131147541,0.0,0.9918032786885246,4.0,0.0,1.0,0.0
full,4,5,18000.0,127.0,0.031496062992125984,0.031496062992125984,0.0,0.9921259842519685,0.03937007874015748,0.0,0.984251968503937,3.0,1.0,0.0,0.0
full,4,6,21600.0,214.0,0.07009345794392523,0.03271028037383177,0.037383177570093455,0.9906542056074766,0.028037383177570093,0.009345794392523364,0.9953271028037384,7.0,0.0,7.0,0.0
full,4,7,25200.0,264.0,0.06060606060606061,0.045454545454545456,0.015151515151515152,0.9810606060606061,0.09090909090909091,0.003787878787878788,0.9659090909090909,12.0,0.0,2.0,0.0
full,4,8,28800.0,316.0,0.06645569620253164,0.0379746835443038,0.028481012658227847,0.9841772151898734,0.16772151898734178,0.0189873417721519,0.9556962025316456,11.0,1.0,9.0,0.0
full,4,9,32400.0,321.0,0.1059190031152648,0.04361370716510903,0.06230529595015576,0.9875389408099688,0.22741433021806853,0.040498442367601244,0.9626168224299065,14.0,0.0,19.0,0.0
full,4,10,36000.0,301.0,0.11295681063122924,0.026578073089700997,0.08637873754152824,0.9933554817275747,0.30564784053156147,0.053156146179401995,0.9601328903654485,7.0,1.0,26.0,0.0
full,4,11,39600.0,328.0,0.2225609756097561,0.0701219512195122,0.1524390243902439,0.9695121951219512,0.5030487804878049,0.10670731707317073,0.9176829268292683,20.0,3.0,50.0,0.0
full,4,12,43200.0,334.0,0.16766467065868262,0.05089820359281437,0.11676646706586827,0.9550898203592815,0.5479041916167665,0.08383233532934131,0.8922155688622755,17.0,0.0,39.0,0.0
full,4,13,46800.0,331.0,0.1933534743202417,0.03927492447129909,0.1540785498489426,0.9848942598187311,0.5317220543806647,0.10876132930513595,0.8972809667673716,13.0,0.0,51.0,0.0
full,4,14,50400.0,320.0,0.128125,0.01875,0.109375,0.984375,0.496875,0.078125,0.928125,6.0,0.0,35.0,0.0
full,4,15,54000.0,320.0,0.175,0.04375,0.13125,0.984375,0.653125,0.090625,0.865625,14.0,0.0,42.0,0.0
full,4,16,57600.0,291.0,0.12714776632302405,0.05154639175257732,0.07560137457044673,0.979381443298969,0.3951890034364261,0.061855670103092786,0.9381443298969072,14.0,1.0,22.0,0.0
full,4,17,61200.0,308.0,0.12987012987012986,0.02922077922077922,0.10064935064935066,0.9837662337662337,0.4383116883116883,0.05844155844155844,0.9155844155844156,9.0,0.0,31.0,0.0
full,4,18,64800.0,326.0,0.15950920245398773,0.024539877300613498,0.13496932515337423,0.9846625766871165,0.5214723926380368,0.1165644171779141,0.9049079754601227,8.0,0.0,44.0,0.0
full,4,19,68400.0,320.0,0.16875,0.021875,0.146875,0.9875,0.565625,0.121875,0.871875,7.0,0.0,47.0,0.0
full,4,20,72000.0,262.0,0.09541984732824428,0.026717557251908396,0.06870229007633588,0.9847328244274809,0.4618320610687023,0.04961832061068702,0.9198473282442748,6.0,1.0,18.0,0.0
full,4,21,75600.0,269.0,0.137546468401487,0.026022304832713755,0.11152416356877323,0.9851301115241635,0.5018587360594795,0.08550185873605948,0.895910780669145,7.0,0.0,30.0,0.0
full,4,22,79200.0,228.0,0.09210526315789473,0.03070175438596491,0.06140350877192982,0.9824561403508771,0.3201754385964912,0.06140350877192982,0.9385964912280702,7.0,0.0,14.0,0.0
full,4,23,82800.0,177.0,0.06779661016949153,0.022598870056497175,0.04519774011299435,0.9943502824858758,0.1751412429378531,0.03954802259887006,0.9774011299435028,4.0,0.0,8.0,0.0
no_memory,0,0,0.0,148.0,0.10810810810810811,0.10810810810810811,0.0,0.918918918918919,0.0,0.0,1.0,16.0,0.0,0.0,0.0
no_memory,0,1,3600.0,141.0,0.02127659574468085,0.02127659574468085,0.0,1.0,0.014184397163120567,0.0,0.9858156028368794,3.0,0.0,0.0,0.0
no_memory,0,2,7200.0,107.0,0.056074766355140186,0.037383177570093455,0.018691588785046728,1.0,0.0,0.0,1.0,4.0,0.0,2.0,0.0
no_memory,0,3,10800.0,136.0,0.125,0.051470588235294115,0.07352941176470588,0.9705882352941176,0.08823529411764706,0.051470588235294115,0.9632352941176471,7.0,0.0,10.0,0.0
no_memory,0,4,14400.0,105.0,0.0761904761904762,0.0380952380952381,0.0380952380952381,0.9904761904761905,0.047619047619047616,0.01904761904761905,0.9714285714285714,4.0,0.0,4.0,0.0
no_memory,0,5,18000.0,136.0,0.08823529411764706,0.014705882352941176,0.07352941176470588,1.0,0.10294117647058823,0.058823529411764705,0.9558823529411765,0.0,2.0,10.0,0.0
no_memory,0,6,21600.0,221.0,0.09954751131221719,0.03167420814479638,0.06787330316742081,0.9909502262443439,0.08144796380090498,0.03619909502262444,0.9547511312217195,6.0,1.0,15.0,0.0
no_memory,0,7,25200.0,282.0,0.16666666666666666,0.05319148936170213,0.11347517730496454,0.9822695035460993,0.11702127659574468,0.08156028368794327,0.9645390070921985,15.0,0.0,32.0,0.0
no_memory,0,8,28800.0,284.0,0.2007042253521127,0.045774647887323945,0.15492957746478872,0.9788732394366197,0.10915492957746478,0.06338028169014084,0.954225352112676,13.0,0.0,44.0,0.0
no_memory,0,9,32400.0,320.0,0.30625,0.028125,0.278125,0.9875,0.159375,0.140625,0.98125,7.0,2.0,84.0,5.0
no_memory,0,10,36000.0,315.0,0.273015873015873,0.012698412698412698,0.26031746031746034,0.9936507936507937,0.19682539682539682,0.15873015873015872,0.9619047619047619,4.0,0.0,76.0,6.0
no_memory,0,11,39600.0,347.0,0.414985590778098,0.0345821325648415,0.3804034582132565,0.9798270893371758,0.34293948126801155,0.2824207492795389,0.9394812680115274,11.0,1.0,129.0,3.0
no_memory,0,12,43200.0,331.0,0.6163141993957704,0.06948640483383686,0.5468277945619335,0.9425981873111783,0.5015105740181269,0.4350453172205438,0.9335347432024169,23.0,0.0,178.0,3.0
no_memory,0,13,46800.0,320.0,0.6375,0.025,0.6125,0.99375,0.6125,0.46875,0.859375,8.0,0.0,193.0,3.0
no_memory,0,14,50400.0,310.0,0.6064516129032258,0.041935483870967745,0.5645161290322581,0.9774193548387097,0.6,0.44516129032258067,0.8516129032258064,13.0,0.0,173.0,2.0
no_memory,0,15,54000.0,332.0,0.6506024096385542,0.060240963855421686,0.5903614457831325,0.9668674698795181,0.6987951807228916,0.48493975903614456,0.786144578313253,18.0,2.0,192.0,4.0
no_memory,0,16,57600.0,310.0,0.5612903225806452,0.025806451612903226,0.535483870967742,0.9838709677419355,0.6516129032258065,0.43870967741935485,0.7870967741935484,8.0,0.0,161.0,5.0
no_memory,0,17,61200.0,319.0,0.5987460815047022,0.025078369905956112,0.5736677115987461,0.9843260188087775,0.6739811912225705,0.438871473354232,0.7711598746081505,8.0,0.0,175.0,8.0
no_memory,0,18,64800.0,284.0,0.5598591549295775,0.04225352112676056,0.5176056338028169,0.9823943661971831,0.5704225352112676,0.40492957746478875,0.8380281690140845,12.0,0.0,146.0,1.0
no_memory,0,19,68400.0,293.0,0.5494880546075085,0.040955631399317405,0.5085324232081911,0.9965870307167235,0.5221843003412969,0.378839590443686,0.8600682593856656,12.0,0.0,147.0,2.0
no_memory,0,20,72000.0,278.0,0.60431654676259,0.04316546762589928,0.5611510791366906,0.9784172661870504,0.5503597122302158,0.45323741007194246,0.8992805755395683,11.0,1.0,155.0,1.0
no_memory,0,21,75600.0,256.0,0.40234375,0.02734375,0.375,0.98828125,0.43359375,0.3203125,0.89453125,5.0,2.0,95.0,1.0
no_memory,0,22,79200.0,248.0,0.4637096774193548,0.028225806451612902,0.43548387096774194,0.9959677419354839,0.49193548387096775,0.3709677419354839,0.8790322580645161,7.0,0.0,107.0,1.0
no_memory,0,23,82800.0,177.0,0.5084745762711864,0.03389830508474576,0.4745762711864407,0.9774011299435028,0.5480225988700564,0.423728813559322,0.8813559322033898,6.0,0.0,84.0,0.0
no_memory,1,0,0.0,180.0,0.12222222222222222,0.11666666666666667,0.005555555555555556,0.9166666666666666,0.0,0.0,1.0,21.0,0.0,1.0,0.0
no_memory,1,1,3600.0,139.0,0.050359712230215826,0.02877697841726619,0.02158273381294964,1.0,0.02158273381294964,0.02158273381294964,1.0,4.0,0.0,3.0,0.0
no_memory,1,2,7200.0,111.0,0.07207207207207207,0.04504504504504504,0.02702702702702703,1.0,0.036036036036036036,0.018018018018018018,0.9819819819819819,4.0,1.0,3.0,0.0
no_memory,1,3,10800.0,109.0,0.08256880733944955,0.06422018348623854,0.01834862385321101,0.963302752293578,0.027522935779816515,0.01834862385321101,0.9908256880733946,7.0,0.0,2.0,0.0
no_memory,1,4,14400.0,95.0,0.042105263157894736,0.021052631578947368,0.021052631578947368,1.0,0.031578947368421054,0.010526315789473684,0.9789473684210527,2.0,0.0,2.0,0.0
no_memory,1,5,18000.0,114.0,0.07017543859649122,0.03508771929824561,0.03508771929824561,1.0,0.03508771929824561,0.017543859649122806,0.9824561403508771,4.0,0.0,4.0,0.0
no_memory,1,6,21600.0,207.0,0.10628019323671498,0.03864734299516908,0.06763285024154589,0.9903381642512077,0.05314009661835749,0.03864734299516908,0.9855072463768116,7.0,1.0,14.0,0.0
no_memory,1,7,25200.0,269.0,0.13011152416356878,0.03717472118959108,0.09293680297397769,0.9814126394052045,0.08550185873605948,0.06319702602230483,0.9776951672862454,9.0,1.0,25.0,0.0
no_memory,1,8,28800.0,288.0,0.1423611111111111,0.03819444444444445,0.10416666666666667,0.9861111111111112,0.0763888888888889,0.041666666666666664,0.9652777777777778,10.0,1.0,29.0,1.0
no_memory,1,9,32400.0,308.0,0.2564935064935065,0.025974025974025976,0.2305194805194805,0.9967532467532467,0.15584415584415584,0.1331168831168831,0.9772727272727273,8.0,0.0,69.0,2.0
no_memory,1,10,36000.0,328.0,0.4634146341463415,0.039634146341463415,0.42378048780487804,0.9878048780487805,0.2896341463414634,0.2621951219512195,0.975609756097561,12.0,1.0,136.0,3.0
no_memory,1,11,39600.0,345.0,0.5942028985507246,0.03768115942028986,0.5565217391304348,0.9855072463768116,0.4811594202898551,0.4057971014492754,0.9246376811594202,13.0,0.0,192.0,0.0
no_memory,1,12,43200.0,336.0,0.6755952380952381,0.08035714285714286,0.5952380952380952,0.9464285714285714,0.5803571428571429,0.4583333333333333,0.8809523809523809,27.0,0.0,199.0,1.0
no_memory,1,13,46800.0,338.0,0.6390532544378699,0.026627218934911243,0.6124260355029586,0.9911242603550295,0.6390532544378699,0.4881656804733728,0.849112426035503,9.0,0.0,206.0,1.0
no_memory,1,14,50400.0,316.0,0.629746835443038,0.03164556962025317,0.5981012658227848,0.9778481012658228,0.6740506329113924,0.509493670886076,0.8386075949367089,9.0,1.0,187.0,2.0
no_memory,1,15,54000.0,352.0,0.5028409090909091,0.03977272727272727,0.4630681818181818,0.9857954545454546,0.6193181818181818,0.38920454545454547,0.7727272727272727,14.0,0.0,161.0,2.0
no_memory,1,16,57600.0,352.0,0.5909090909090909,0.045454545454545456,0.5454545454545454,0.9801136363636364,0.6704545454545454,0.45454545454545453,0.7840909090909091,15.0,1.0,190.0,2.0
no_memory,1,17,61200.0,292.0,0.5513698630136986,0.0410958904109589,0.5102739726027398,0.9794520547945206,0.6541095890410958,0.4520547945205479,0.8013698630136986,12.0,0.0,149.0,0.0
no_memory,1,18,64800.0,273.0,0.5018315018315018,0.02564102564102564,0.47619047619047616,0.989010989010989,0.5311355311355311,0.3772893772893773,0.8461538461538461,7.0,0.0,126.0,4.0
no_memory,1,19,68400.0,290.0,0.5275862068965518,0.020689655172413793,0.506896551724138,0.993103448275862,0.5724137931034483,0.4241379310344828,0.8517241379310345,5.0,1.0,145.0,2.0
no_memory,1,20,72000.0,284.0,0.5352112676056338,0.03169014084507042,0.5035211267605634,0.9859154929577465,0.5422535211267606,0.41901408450704225,0.8802816901408451,9.0,0.0,137.0,6.0
no_memory,1,21,75600.0,272.0,0.48161764705882354,0.04779411764705882,0.4338235294117647,0.9816176470588235,0.45955882352941174,0.3713235294117647,0.9154411764705882,13.0,0.0,116.0,2.0
no_memory,1,22,79200.0,219.0,0.45662100456621,0.0410958904109589,0.4155251141552511,0.9817351598173516,0.4383561643835616,0.3561643835616438,0.9178082191780822,9.0,0.0,88.0,3.0
no_memory,1,23,82800.0,183.0,0.36065573770491804,0.04371584699453552,0.31693989071038253,0.9890710382513661,0.36065573770491804,0.29508196721311475,0.9344262295081968,7.0,1.0,56.0,2.0
no_memory,2,0,0.0,179.0,0.1340782122905028,0.12290502793296089,0.0111731843575419,0.9217877094972067,0.0,0.0,1.0,21.0,1.0,2.0,0.0
no_memory,2,1,3600.0,126.0,0.07936507936507936,0.03968253968253968,0.03968253968253968,1.0,0.047619047619047616,0.031746031746031744,0.9841269841269841,5.0,0.0,5.0,0.0
no_memory,2,2,7200.0,127.0,0.03937007874015748,0.0,0.03937007874015748,1.0,0.07874015748031496,0.03937007874015748,0.9606299212598425,0.0,0.0,5.0,0.0
no_memory,2,3,10800.0,102.0,0.11764705882352941,0.0392156862745098,0.0784313725490196,0.9705882352941176,0.11764705882352941,0.06862745098039216,0.9509803921568627,4.0,0.0,7.0,1.0
no_memory,2,4,14400.0,104.0,0.125,0.038461538461538464,0.08653846153846154,1.0,0.0673076923076923,0.038461538461538464,0.9711538461538461,4.0,0.0,9.0,0.0
no_memory,2,5,18000.0,134.0,0.08955223880597014,0.029850746268656716,0.05970149253731343,1.0,0.06716417910447761,0.03731343283582089,0.9701492537313433,4.0,0.0,8.0,0.0
no_memory,2,6,21600.0,213.0,0.07511737089201878,0.028169014084507043,0.046948356807511735,0.9906103286384976,0.06103286384976526,0.03286384976525822,0.971830985915493,6.0,0.0,10.0,0.0
no_memory,2,7,25200.0,283.0,0.13427561837455831,0.0353356890459364,0.0989399293286219,0.9787985865724381,0.07773851590106007,0.0636042402826855,0.9858657243816255,10.0,0.0,28.0,0.0
no_memory,2,8,28800.0,296.0,0.23310810810810811,0.033783783783783786,0.19932432432432431,0.9797297297297297,0.11148648648648649,0.08783783783783784,0.9763513513513513,10.0,0.0,59.0,0.0
no_memory,2,9,32400.0,301.0,0.33222591362126247,0.023255813953488372,0.3089700996677741,0.9900332225913622,0.2059800664451827,0.17275747508305647,0.9667774086378738,7.0,0.0,88.0,5.0
no_memory,2,10,36000.0,323.0,0.5541795665634675,0.02476780185758514,0.5294117647058824,0.9938080495356038,0.42724458204334365,0.3684210526315789,0.9380804953560371,8.0,0.0,169.0,2.0
no_memory,2,11,39600.0,337.0,0.5934718100890207,0.02967359050445104,0.5637982195845698,0.9821958456973294,0.543026706231454,0.4658753709198813,0.9258160237388724,10.0,0.0,188.0,2.0
no_memory,2,12,43200.0,362.0,0.6049723756906077,0.06906077348066299,0.5359116022099447,0.9475138121546961,0.6160220994475138,0.4558011049723757,0.8397790055248618,25.0,0.0,193.0,1.0
no_memory,2,13,46800.0,301.0,0.5647840531561462,0.029900332225913623,0.5348837209302325,0.9867109634551495,0.5448504983388704,0.4053156146179402,0.8637873754152824,8.0,1.0,159.0,2.0
no_memory,2,14,50400.0,322.0,0.577639751552795,0.034161490683229816,0.5434782608695652,0.984472049689441,0.6645962732919255,0.46273291925465837,0.8012422360248447,10.0,1.0,170.0,5.0
no_memory,2,15,54000.0,327.0,0.5963302752293578,0.03363914373088685,0.5626911314984709,0.9877675840978594,0.5504587155963303,0.41590214067278286,0.8685015290519877,11.0,0.0,176.0,8.0
no_memory,2,16,57600.0,311.0,0.6012861736334405,0.05144694533762058,0.5498392282958199,0.9710610932475884,0.6141479099678456,0.44694533762057875,0.842443729903537,16.0,0.0,171.0,0.0
no_memory,2,17,61200.0,316.0,0.6075949367088608,0.05063291139240506,0.5569620253164557,0.9778481012658228,0.5981012658227848,0.4462025316455696,0.8512658227848101,16.0,0.0,172.0,4.0
no_memory,2,18,64800.0,306.0,0.5424836601307189,0.03594771241830065,0.5065359477124183,0.9836601307189542,0.6339869281045751,0.45098039215686275,0.8235294117647058,10.0,1.0,153.0,2.0
no_memory,2,19,68400.0,291.0,0.5085910652920962,0.020618556701030927,0.4879725085910653,0.993127147766323,0.5738831615120275,0.39862542955326463,0.8247422680412371,6.0,0.0,135.0,7.0
no_memory,2,20,72000.0,258.0,0.5930232558139535,0.050387596899224806,0.5426356589147286,0.9806201550387597,0.6434108527131783,0.46511627906976744,0.8294573643410853,13.0,0.0,138.0,2.0
no_memory,2,21,75600.0,259.0,0.5135135135135135,0.023166023166023165,0.49034749034749037,0.9922779922779923,0.5675675675675675,0.38223938223938225,0.8146718146718147,5.0,1.0,124.0,3.0
no_memory,2,22,79200.0,220.0,0.5636363636363636,0.05,0.5136363636363637,0.9818181818181818,0.5772727272727273,0.44545454545454544,0.8681818181818182,10.0,1.0,110.0,3.0
no_memory,2,23,82800.0,202.0,0.4504950495049505,0.019801980198019802,0.4306930693069307,0.995049504950495,0.5544554455445545,0.3910891089108911,0.8366336633663366,4.0,0.0,83.0,4.0
no_memory,3,0,0.0,141.0,0.12056737588652482,0.11347517730496454,0.0070921985815602835,0.9148936170212766,0.0,0.0,1.0,16.0,0.0,1.0,0.0
no_memory,3,1,3600.0,130.0,0.06153846153846154,0.05384615384615385,0.007692307692307693,1.0,0.007692307692307693,0.0,0.9923076923076923,6.0,1.0,1.0,0.0
no_memory,3,2,7200.0,130.0,0.06153846153846154,0.046153846153846156,0.015384615384615385,1.0,0.038461538461538464,0.015384615384615385,0.9769230769230769,5.0,1.0,2.0,0.0
no_memory,3,3,10800.0,117.0,0.05982905982905983,0.05128205128205128,0.008547008547008548,0.9658119658119658,0.02564102564102564,0.008547008547008548,0.9829059829059829,6.0,0.0,1.0,0.0
no_memory,3,4,14400.0,112.0,0.044642857142857144,0.026785714285714284,0.017857142857142856,1.0,0.008928571428571428,0.0,0.9910714285714286,2.0,1.0,2.0,0.0
no_memory,3,5,18000.0,133.0,0.09774436090225563,0.022556390977443608,0.07518796992481203,0.9924812030075187,0.045112781954887216,0.045112781954887216,1.0,3.0,0.0,10.0,0.0
no_memory,3,6,21600.0,216.0,0.13425925925925927,0.013888888888888888,0.12037037037037036,0.9953703703703703,0.08796296296296297,0.08333333333333333,0.9953703703703703,2.0,1.0,26.0,0.0
no_memory,3,7,25200.0,264.0,0.25757575757575757,0.045454545454545456,0.21212121212121213,0.9848484848484849,0.11742424242424243,0.0946969696969697,0.9772727272727273,11.0,1.0,56.0,0.0
no_memory,3,8,28800.0,335.0,0.31044776119402984,0.03582089552238806,0.2746268656716418,0.9791044776119403,0.18208955223880596,0.16119402985074627,0.9791044776119403,12.0,0.0,90.0,2.0
no_memory,3,9,32400.0,345.0,0.5449275362318841,0.02608695652173913,0.518840579710145,0.991304347826087,0.3855072463768116,0.3333333333333333,0.9507246376811594,8.0,1.0,178.0,1.0
no_memory,3,10,36000.0,312.0,0.5128205128205128,0.03205128205128205,0.4807692307692308,0.9935897435897436,0.41346153846153844,0.34935897435897434,0.9358974358974359,10.0,0.0,149.0,1.0
no_memory,3,11,39600.0,300.0,0.5533333333333333,0.04,0.5133333333333333,0.9733333333333334,0.4666666666666667,0.3933333333333333,0.93,12.0,0.0,153.0,1.0
no_memory,3,12,43200.0,326.0,0.598159509202454,0.0705521472392638,0.5276073619631901,0.941717791411043,0.50920245398773,0.40797546012269936,0.8987730061349694,22.0,1.0,171.0,1.0
no_memory,3,13,46800.0,334.0,0.6646706586826348,0.029940119760479042,0.6347305389221557,0.9850299401197605,0.5119760479041916,0.46706586826347307,0.9550898203592815,10.0,0.0,207.0,5.0
no_memory,3,14,50400.0,324.0,0.6358024691358025,0.04938271604938271,0.5864197530864198,0.9845679012345679,0.5617283950617284,0.44753086419753085,0.8888888888888888,15.0,1.0,186.0,4.0
no_memory,3,15,54000.0,333.0,0.5375375375375375,0.042042042042042045,0.4954954954954955,0.9819819819819819,0.5495495495495496,0.4024024024024024,0.8558558558558559,13.0,1.0,165.0,0.0
no_memory,3,16,57600.0,338.0,0.5443786982248521,0.05621301775147929,0.4881656804733728,0.9763313609467456,0.6449704142011834,0.41420118343195267,0.772189349112426,19.0,0.0,161.0,4.0
no_memory,3,17,61200.0,317.0,0.7160883280757098,0.022082018927444796,0.694006309148265,0.9842271293375394,0.722397476340694,0.5331230283911672,0.8107255520504731,7.0,0.0,218.0,2.0
no_memory,3,18,64800.0,288.0,0.5347222222222222,0.034722222222222224,0.5,0.9826388888888888,0.6145833333333334,0.4340277777777778,0.8229166666666666,10.0,0.0,142.0,2.0
no_memory,3,19,68400.0,282.0,0.574468085106383,0.028368794326241134,0.5460992907801419,0.9964539007092199,0.6631205673758865,0.4397163120567376,0.776595744680851,8.0,0.0,153.0,1.0
no_memory,3,20,72000.0,259.0,0.5984555984555985,0.023166023166023165,0.5752895752895753,0.9806949806949807,0.6988416988416989,0.4826254826254826,0.7915057915057915,6.0,0.0,147.0,2.0
no_memory,3,21,75600.0,247.0,0.48582995951417,0.02834008097165992,0.4574898785425101,0.9959514170040485,0.5425101214574899,0.38866396761133604,0.854251012145749,7.0,0.0,111.0,2.0
no_memory,3,22,79200.0,207.0,0.5024154589371981,0.033816425120772944,0.46859903381642515,0.9855072463768116,0.5169082125603864,0.3961352657004831,0.8840579710144928,7.0,0.0,95.0,2.0
no_memory,3,23,82800.0,210.0,0.4666666666666667,0.0380952380952381,0.42857142857142855,0.9857142857142858,0.46190476190476193,0.3523809523809524,0.9095238095238095,7.0,1.0,89.0,1.0
no_memory,4,0,0.0,157.0,0.14012738853503184,0.12738853503184713,0.012738853503184714,0.9235668789808917,0.006369426751592357,0.0,0.9936305732484076,20.0,0.0,2.0,0.0
no_memory,4,1,3600.0,129.0,0.07751937984496124,0.023255813953488372,0.05426356589147287,1.0,0.03875968992248062,0.03875968992248062,1.0,3.0,0.0,7.0,0.0
no_memory,4,2,7200.0,127.0,0.047244094488188976,0.031496062992125984,0.015748031496062992,1.0,0.06299212598425197,0.007874015748031496,0.9448818897637795,4.0,0.0,2.0,0.0
no_memory,4,3,10800.0,108.0,0.06481481481481481,0.037037037037037035,0.027777777777777776,0.9722222222222222,0.037037037037037035,0.009259259259259259,0.9722222222222222,4.0,0.0,3.0,0.0
no_memory,4,4,14400.0,122.0,0.06557377049180328,0.03278688524590164,0.03278688524590164,0.9918032786885246,0.00819672131147541,0.0,0.9918032786885246,4.0,0.0,4.0,0.0
no_memory,4,5,18000.0,127.0,0.11023622047244094,0.031496062992125984,0.07874015748031496,0.9921259842519685,0.05511811023622047,0.03937007874015748,0.984251968503937,3.0,1.0,10.0,0.0
no_memory,4,6,21600.0,214.0,0.10747663551401869,0.03271028037383177,0.07476635514018691,0.9906542056074766,0.04672897196261682,0.037383177570093455,0.9906542056074766,7.0,0.0,16.0,0.0
no_memory,4,7,25200.0,264.0,0.1553030303030303,0.045454545454545456,0.10984848484848485,0.9810606060606061,0.0946969696969697,0.06060606060606061,0.9659090909090909,12.0,0.0,29.0,0.0
no_memory,4,8,28800.0,316.0,0.22468354430379747,0.0379746835443038,0.18670886075949367,0.9841772151898734,0.15822784810126583,0.11392405063291139,0.9556962025316456,11.0,1.0,57.0,2.0
no_memory,4,9,32400.0,321.0,0.2772585669781931,0.04361370716510903,0.2336448598130841,0.9875389408099688,0.1806853582554517,0.14330218068535824,0.9626168224299065,14.0,0.0,69.0,6.0
no_memory,4,10,36000.0,301.0,0.4750830564784053,0.026578073089700997,0.4485049833887043,0.9933554817275747,0.3488372093023256,0.3122923588039867,0.9634551495016611,7.0,1.0,135.0,0.0
no_memory,4,11,39600.0,328.0,0.6371951219512195,0.0701219512195122,0.5670731707317073,0.9695121951219512,0.4969512195121951,0.3932926829268293,0.8963414634146342,20.0,3.0,180.0,6.0
no_memory,4,12,43200.0,334.0,0.592814371257485,0.05089820359281437,0.5419161676646707,0.9550898203592815,0.5059880239520959,0.39520958083832336,0.8922155688622755,17.0,0.0,177.0,4.0
no_memory,4,13,46800.0,331.0,0.622356495468278,0.03927492447129909,0.5830815709969789,0.9848942598187311,0.5287009063444109,0.4259818731117825,0.8972809667673716,13.0,0.0,187.0,6.0
no_memory,4,14,50400.0,320.0,0.503125,0.01875,0.484375,0.984375,0.440625,0.346875,0.9125,6.0,0.0,151.0,4.0
no_memory,4,15,54000.0,320.0,0.6125,0.04375,0.56875,0.984375,0.59375,0.478125,0.890625,14.0,0.0,181.0,1.0
no_memory,4,16,57600.0,291.0,0.48109965635738833,0.05154639175257732,0.42955326460481097,0.979381443298969,0.44329896907216493,0.3917525773195876,0.9484536082474226,14.0,1.0,123.0,2.0
no_memory,4,17,61200.0,308.0,0.38636363636363635,0.02922077922077922,0.35714285714285715,0.9837662337662337,0.40584415584415584,0.2987012987012987,0.8961038961038961,9.0,0.0,105.0,5.0
no_memory,4,18,64800.0,326.0,0.48773006134969327,0.024539877300613498,0.46319018404907975,0.9846625766871165,0.5,0.3773006134969325,0.8803680981595092,8.0,0.0,146.0,5.0
no_memory,4,19,68400.0,320.0,0.5125,0.021875,0.490625,0.9875,0.609375,0.425,0.825,7.0,0.0,153.0,4.0
no_memory,4,20,72000.0,262.0,0.46946564885496184,0.026717557251908396,0.44274809160305345,0.9847328244274809,0.4541984732824427,0.3816793893129771,0.9351145038167938,6.0,1.0,114.0,2.0
no_memory,4,21,75600.0,269.0,0.5092936802973977,0.026022304832713755,0.483271375464684,0.9851301115241635,0.5018587360594795,0.40148698884758366,0.9033457249070632,7.0,0.0,130.0,0.0
no_memory,4,22,79200.0,228.0,0.3684210526315789,0.03070175438596491,0.33771929824561403,0.9824561403508771,0.35964912280701755,0.30701754385964913,0.9517543859649122,7.0,0.0,76.0,1.0
no_memory,4,23,82800.0,177.0,0.22033898305084745,0.022598870056497175,0.1977401129943503,0.9943502824858758,0.22033898305084745,0.1807909604519774,0.9661016949152542,4.0,0.0,35.0,0.0
no_intent_cache,0,0,0.0,148.0,1.0,1.0,0.0,0.0,0.0,0.0,1.0,99.0,49.0,0.0,0.0
no_intent_cache,0,1,3600.0,141.0,1.0,1.0,0.0,0.0,0.0070921985815602835,0.0,0.9929078014184397,30.0,111.0,0.0,0.0
no_intent_cache,0,2,7200.0,107.0,1.0,1.0,0.0,0.0,0.0,0.0,1.0,10.0,97.0,0.0,0.0
no_intent_cache,0,3,10800.0,136.0,1.0147058823529411,1.0,0.014705882352941176,0.0,0.07352941176470588,0.014705882352941176,0.9632352941176471,20.0,116.0,2.0,0.0
no_intent_cache,0,4,14400.0,105.0,1.0,1.0,0.0,0.0,0.047619047619047616,0.0,0.9714285714285714,19.0,86.0,0.0,0.0
no_intent_cache,0,5,18000.0,136.0,1.0220588235294117,1.0,0.022058823529411766,0.0,0.09558823529411764,0.014705882352941176,0.9558823529411765,8.0,128.0,2.0,0.0
no_intent_cache,0,6,21600.0,221.0,1.0180995475113122,1.0,0.01809954751131222,0.0,0.10407239819004525,0.00904977375565611,0.9592760180995475,13.0,208.0,3.0,0.0
no_intent_cache,0,7,25200.0,282.0,1.0354609929078014,1.0,0.03546099290780142,0.0,0.13829787234042554,0.02127659574468085,0.9609929078014184,46.0,236.0,9.0,0.0
no_intent_cache,0,8,28800.0,284.0,1.0492957746478873,1.0,0.04929577464788732,0.0,0.11971830985915492,0.017605633802816902,0.9507042253521126,51.0,233.0,14.0,0.0
no_intent_cache,0,9,32400.0,320.0,1.0625,1.0,0.0625,0.0,0.16875,0.034375,0.98125,52.0,268.0,19.0,0.0
no_intent_cache,0,10,36000.0,315.0,1.0476190476190477,1.0,0.047619047619047616,0.0,0.15873015873015872,0.02857142857142857,0.9682539682539683,51.0,264.0,15.0,0.0
no_intent_cache,0,11,39600.0,347.0,1.1123919308357348,1.0,0.11239193083573487,0.0,0.3256484149855908,0.08069164265129683,0.9337175792507204,64.0,283.0,39.0,0.0
no_intent_cache,0,12,43200.0,331.0,1.1873111782477341,1.0,0.18731117824773413,0.0,0.552870090634441,0.1510574018126888,0.9093655589123867,83.0,248.0,61.0,0.0
no_intent_cache,0,13,46800.0,320.0,1.196875,1.0,0.196875,0.0,0.63125,0.1625,0.865625,44.0,276.0,63.0,0.0
no_intent_cache,0,14,50400.0,310.0,1.1709677419354838,1.0,0.17096774193548386,0.0,0.635483870967742,0.13548387096774195,0.8387096774193549,160.0,150.0,53.0,0.0
no_intent_cache,0,15,54000.0,332.0,1.1385542168674698,1.0,0.13855421686746988,0.0,0.7078313253012049,0.1144578313253012,0.8192771084337349,191.0,141.0,46.0,0.0
no_intent_cache,0,16,57600.0,310.0,1.1419354838709677,1.0,0.14193548387096774,0.0,0.6935483870967742,0.11935483870967742,0.8064516129032258,112.0,198.0,44.0,0.0
no_intent_cache,0,17,61200.0,319.0,1.1442006269592477,1.0,0.14420062695924765,0.0,0.6175548589341693,0.10658307210031348,0.8119122257053292,112.0,207.0,46.0,0.0
no_intent_cache,0,18,64800.0,284.0,1.0985915492957747,1.0,0.09859154929577464,0.0,0.6056338028169014,0.07042253521126761,0.8626760563380281,83.0,201.0,28.0,0.0
no_intent_cache,0,19,68400.0,293.0,1.1433447098976108,1.0,0.14334470989761092,0.0,0.5802047781569966,0.11604095563139932,0.863481228668942,85.0,208.0,42.0,0.0
no_intent_cache,0,20,72000.0,278.0,1.1223021582733812,1.0,0.1223021582733813,0.0,0.5863309352517986,0.10071942446043165,0.8812949640287769,80.0,198.0,34.0,0.0
no_intent_cache,0,21,75600.0,256.0,1.08984375,1.0,0.08984375,0.0,0.48046875,0.05078125,0.890625,62.0,194.0,23.0,0.0
no_intent_cache,0,22,79200.0,248.0,1.1169354838709677,1.0,0.11693548387096774,0.0,0.5725806451612904,0.0967741935483871,0.8830645161290323,48.0,200.0,29.0,0.0
no_intent_cache,0,23,82800.0,177.0,1.1355932203389831,1.0,0.13559322033898305,0.0,0.6214689265536724,0.10734463276836158,0.8813559322033898,31.0,146.0,24.0,0.0
no_intent_cache,1,0,0.0,180.0,1.0,1.0,0.0,0.0,0.0,0.0,1.0,102.0,78.0,0.0,0.0
no_intent_cache,1,1,3600.0,139.0,1.0215827338129497,1.0,0.02158273381294964,0.0,0.02158273381294964,0.02158273381294964,1.0,37.0,102.0,3.0,0.0
no_intent_cache,1,2,7200.0,111.0,1.018018018018018,1.0,0.018018018018018018,0.0,0.036036036036036036,0.018018018018018018,0.9819819819819819,9.0,102.0,2.0,0.0
no_intent_cache,1,3,10800.0,109.0,1.0275229357798166,1.0,0.027522935779816515,0.0,0.027522935779816515,0.01834862385321101,0.9908256880733946,20.0,89.0,3.0,0.0
no_intent_cache,1,4,14400.0,95.0,1.0,1.0,0.0,0.0,0.031578947368421054,0.0,0.9789473684210527,11.0,84.0,0.0,0.0
no_intent_cache,1,5,18000.0,114.0,1.0087719298245614,1.0,0.008771929824561403,0.0,0.03508771929824561,0.008771929824561403,0.9824561403508771,9.0,105.0,1.0,0.0
no_intent_cache,1,6,21600.0,207.0,1.0096618357487923,1.0,0.00966183574879227,0.0,0.05314009661835749,0.00966183574879227,0.9855072463768116,14.0,193.0,2.0,0.0
no_intent_cache,1,7,25200.0,269.0,1.0260223048327137,1.0,0.026022304832713755,0.0,0.08921933085501858,0.011152416356877323,0.9776951672862454,44.0,225.0,4.0,0.0
no_intent_cache,1,8,28800.0,288.0,1.0104166666666667,1.0,0.010416666666666666,0.0,0.08333333333333333,0.006944444444444444,0.96875,47.0,241.0,3.0,0.0
no_intent_cache,1,9,32400.0,308.0,1.0649350649350648,1.0,0.06493506493506493,0.0,0.16233766233766234,0.032467532467532464,0.9772727272727273,58.0,250.0,19.0,0.0
no_intent_cache,1,10,36000.0,328.0,1.0884146341463414,1.0,0.08841463414634146,0.0,0.2652439024390244,0.054878048780487805,0.9725609756097561,48.0,280.0,29.0,0.0
no_intent_cache,1,11,39600.0,345.0,1.2260869565217392,1.0,0.22608695652173913,0.0,0.5420289855072464,0.17681159420289855,0.9391304347826087,69.0,276.0,78.0,0.0
no_intent_cache,1,12,43200.0,336.0,1.1994047619047619,1.0,0.19940476190476192,0.0,0.5803571428571429,0.1488095238095238,0.8869047619047619,60.0,276.0,67.0,0.0
no_intent_cache,1,13,46800.0,338.0,1.1923076923076923,1.0,0.19230769230769232,0.0,0.650887573964497,0.14792899408284024,0.893491124260355,48.0,290.0,65.0,0.0
no_intent_cache,1,14,50400.0,316.0,1.1645569620253164,1.0,0.16455696202531644,0.0,0.6487341772151899,0.13924050632911392,0.8544303797468354,158.0,158.0,51.0,0.0
no_intent_cache,1,15,54000.0,352.0,1.1164772727272727,1.0,0.11647727272727272,0.0,0.6278409090909091,0.09090909090909091,0.7926136363636364,183.0,169.0,41.0,0.0
no_intent_cache,1,16,57600.0,352.0,1.1534090909090908,1.0,0.1534090909090909,0.0,0.6789772727272727,0.13352272727272727,0.8323863636363636,151.0,201.0,54.0,0.0
no_intent_cache,1,17,61200.0,292.0,1.1404109589041096,1.0,0.1404109589041096,0.0,0.7157534246575342,0.1095890410958904,0.8424657534246576,99.0,193.0,41.0,0.0
no_intent_cache,1,18,64800.0,273.0,1.0842490842490842,1.0,0.08424908424908426,0.0,0.5164835164835165,0.0695970695970696,0.8717948717948718,85.0,188.0,23.0,0.0
no_intent_cache,1,19,68400.0,290.0,1.1413793103448275,1.0,0.1413793103448276,0.0,0.5724137931034483,0.11379310344827587,0.8896551724137931,70.0,220.0,41.0,0.0
no_intent_cache,1,20,72000.0,284.0,1.1232394366197183,1.0,0.12323943661971831,0.0,0.5985915492957746,0.09507042253521127,0.9119718309859155,70.0,214.0,35.0,0.0
no_intent_cache,1,21,75600.0,272.0,1.0919117647058822,1.0,0.09191176470588236,0.0,0.4411764705882353,0.058823529411764705,0.9264705882352942,67.0,205.0,25.0,0.0
no_intent_cache,1,22,79200.0,219.0,1.08675799086758,1.0,0.0867579908675799,0.0,0.4748858447488584,0.0730593607305936,0.9269406392694064,42.0,177.0,19.0,0.0
no_intent_cache,1,23,82800.0,183.0,1.0655737704918034,1.0,0.06557377049180328,0.0,0.4207650273224044,0.060109289617486336,0.9344262295081968,32.0,151.0,12.0,0.0
no_intent_cache,2,0,0.0,179.0,1.0,1.0,0.0,0.0,0.0,0.0,1.0,100.0,79.0,0.0,0.0
no_intent_cache,2,1,3600.0,126.0,1.0317460317460319,1.0,0.031746031746031744,0.0,0.05555555555555555,0.031746031746031744,0.9841269841269841,28.0,98.0,4.0,0.0
no_intent_cache,2,2,7200.0,127.0,1.015748031496063,1.0,0.015748031496062992,0.0,0.07086614173228346,0.015748031496062992,0.952755905511811,15.0,112.0,2.0,0.0
no_intent_cache,2,3,10800.0,102.0,1.0098039215686274,1.0,0.00980392156862745,0.0,0.08823529411764706,0.00980392156862745,0.9411764705882353,24.0,78.0,1.0,0.0
no_intent_cache,2,4,14400.0,104.0,1.0,1.0,0.0,0.0,0.057692307692307696,0.0,0.9711538461538461,13.0,91.0,0.0,0.0
no_intent_cache,2,5,18000.0,134.0,1.0223880597014925,1.0,0.022388059701492536,0.0,0.06716417910447761,0.014925373134328358,0.9701492537313433,9.0,125.0,2.0,0.0
no_intent_cache,2,6,21600.0,213.0,1.0046948356807512,1.0,0.004694835680751174,0.0,0.06103286384976526,0.004694835680751174,0.9671361502347418,16.0,197.0,1.0,0.0
no_intent_cache,2,7,25200.0,283.0,1.0141342756183747,1.0,0.014134275618374558,0.0,0.07773851590106007,0.0035335689045936395,0.9717314487632509,38.0,245.0,3.0,0.0
no_intent_cache,2,8,28800.0,296.0,1.0236486486486487,1.0,0.02364864864864865,0.0,0.10472972972972973,0.0033783783783783786,0.972972972972973,49.0,247.0,6.0,0.0
no_intent_cache,2,9,32400.0,301.0,1.0598006644518272,1.0,0.059800664451827246,0.0,0.18272425249169436,0.03986710963455149,0.973421926910299,53.0,248.0,17.0,0.0
no_intent_cache,2,10,36000.0,323.0,1.108359133126935,1.0,0.10835913312693499,0.0,0.34674922600619196,0.07739938080495357,0.9473684210526315,44.0,279.0,35.0,0.0
no_intent_cache,2,11,39600.0,337.0,1.172106824925816,1.0,0.17210682492581603,0.0,0.5074183976261127,0.12462908011869436,0.9376854599406528,65.0,272.0,57.0,0.0
no_intent_cache,2,12,43200.0,362.0,1.1906077348066297,1.0,0.19060773480662985,0.0,0.6325966850828729,0.15469613259668508,0.8480662983425414,85.0,277.0,69.0,0.0
no_intent_cache,2,13,46800.0,301.0,1.1727574750830565,1.0,0.17275747508305647,0.0,0.5348837209302325,0.12956810631229235,0.9003322259136213,40.0,261.0,52.0,0.0
no_intent_cache,2,14,50400.0,322.0,1.1304347826086956,1.0,0.13043478260869565,0.0,0.6677018633540373,0.10869565217391304,0.8198757763975155,168.0,154.0,42.0,0.0
no_intent_cache,2,15,54000.0,327.0,1.0978593272171253,1.0,0.09785932721712538,0.0,0.5168195718654435,0.07339449541284404,0.9143730886850153,181.0,146.0,32.0,0.0
no_intent_cache,2,16,57600.0,311.0,1.1318327974276527,1.0,0.13183279742765272,0.0,0.6495176848874598,0.10289389067524116,0.8488745980707395,114.0,197.0,41.0,0.0
no_intent_cache,2,17,61200.0,316.0,1.120253164556962,1.0,0.12025316455696203,0.0,0.569620253164557,0.08544303797468354,0.8512658227848101,115.0,201.0,38.0,0.0
no_intent_cache,2,18,64800.0,306.0,1.1209150326797386,1.0,0.12091503267973856,0.0,0.6111111111111112,0.08496732026143791,0.8071895424836601,89.0,217.0,37.0,0.0
no_intent_cache,2,19,68400.0,291.0,1.1134020618556701,1.0,0.1134020618556701,0.0,0.563573883161512,0.08934707903780069,0.8247422680412371,86.0,205.0,33.0,0.0
no_intent_cache,2,20,72000.0,258.0,1.1511627906976745,1.0,0.1511627906976744,0.0,0.6317829457364341,0.1434108527131783,0.8643410852713178,65.0,193.0,39.0,0.0
no_intent_cache,2,21,75600.0,259.0,1.1544401544401544,1.0,0.15444015444015444,0.0,0.6563706563706564,0.1274131274131274,0.8223938223938224,65.0,194.0,40.0,0.0
no_intent_cache,2,22,79200.0,220.0,1.0909090909090908,1.0,0.09090909090909091,0.0,0.55,0.06363636363636363,0.8363636363636363,58.0,162.0,20.0,0.0
no_intent_cache,2,23,82800.0,202.0,1.1287128712871286,1.0,0.12871287128712872,0.0,0.5643564356435643,0.10396039603960396,0.8811881188118812,44.0,158.0,26.0,0.0
no_intent_cache,3,0,0.0,141.0,1.0,1.0,0.0,0.0,0.0,0.0,1.0,90.0,51.0,0.0,0.0
no_intent_cache,3,1,3600.0,130.0,1.0,1.0,0.0,0.0,0.007692307692307693,0.0,0.9923076923076923,36.0,94.0,0.0,0.0
no_intent_cache,3,2,7200.0,130.0,1.0153846153846153,1.0,0.015384615384615385,0.0,0.038461538461538464,0.015384615384615385,0.9846153846153847,20.0,110.0,2.0,0.0
no_intent_cache,3,3,10800.0,117.0,1.0085470085470085,1.0,0.008547008547008548,0.0,0.03418803418803419,0.008547008547008548,0.9829059829059829,20.0,97.0,1.0,0.0
no_intent_cache,3,4,14400.0,112.0,1.0,1.0,0.0,0.0,0.008928571428571428,0.0,0.9910714285714286,11.0,101.0,0.0,0.0
no_intent_cache,3,5,18000.0,133.0,1.0300751879699248,1.0,0.03007518796992481,0.0,0.03759398496240601,0.015037593984962405,0.9924812030075187,10.0,123.0,4.0,0.0
no_intent_cache,3,6,21600.0,216.0,1.0231481481481481,1.0,0.023148148148148147,0.0,0.1111111111111111,0.013888888888888888,0.9675925925925926,19.0,197.0,3.0,0.0
no_intent_cache,3,7,25200.0,264.0,1.0340909090909092,1.0,0.03409090909090909,0.0,0.12121212121212122,0.01893939393939394,0.9583333333333334,35.0,229.0,8.0,0.0
no_intent_cache,3,8,28800.0,335.0,1.0507462686567164,1.0,0.050746268656716415,0.0,0.14626865671641792,0.01791044776119403,0.9761194029850746,58.0,277.0,17.0,0.0
no_intent_cache,3,9,32400.0,345.0,1.1391304347826088,1.0,0.1391304347826087,0.0,0.3652173913043478,0.08695652173913043,0.9536231884057971,49.0,296.0,46.0,0.0
no_intent_cache,3,10,36000.0,312.0,1.1666666666666667,1.0,0.16666666666666666,0.0,0.46794871794871795,0.1282051282051282,0.9391025641025641,45.0,267.0,52.0,0.0
no_intent_cache,3,11,39600.0,300.0,1.1533333333333333,1.0,0.15333333333333332,0.0,0.5233333333333333,0.12333333333333334,0.8766666666666667,67.0,233.0,45.0,0.0
no_intent_cache,3,12,43200.0,326.0,1.1349693251533743,1.0,0.13496932515337423,0.0,0.5153374233128835,0.10122699386503067,0.8926380368098159,86.0,240.0,44.0,0.0
no_intent_cache,3,13,46800.0,334.0,1.1287425149700598,1.0,0.12874251497005987,0.0,0.5119760479041916,0.08083832335329341,0.9461077844311377,53.0,281.0,43.0,0.0
no_intent_cache,3,14,50400.0,324.0,1.1080246913580247,1.0,0.10802469135802469,0.0,0.4845679012345679,0.08024691358024691,0.9197530864197531,171.0,153.0,35.0,0.0
no_intent_cache,3,15,54000.0,333.0,1.1381381381381381,1.0,0.13813813813813813,0.0,0.5585585585585585,0.1021021021021021,0.8768768768768769,170.0,163.0,46.0,0.0
no_intent_cache,3,16,57600.0,338.0,1.1715976331360947,1.0,0.17159763313609466,0.0,0.7071005917159763,0.1242603550295858,0.7810650887573964,143.0,195.0,58.0,0.0
no_intent_cache,3,17,61200.0,317.0,1.16403785488959,1.0,0.1640378548895899,0.0,0.7034700315457413,0.1167192429022082,0.8359621451104101,111.0,206.0,52.0,0.0
no_intent_cache,3,18,64800.0,288.0,1.1284722222222223,1.0,0.1284722222222222,0.0,0.6597222222222222,0.09375,0.8090277777777778,85.0,203.0,37.0,0.0
no_intent_cache,3,19,68400.0,282.0,1.124113475177305,1.0,0.12411347517730496,0.0,0.6205673758865248,0.09574468085106383,0.7801418439716312,81.0,201.0,35.0,0.0
no_intent_cache,3,20,72000.0,259.0,1.1081081081081081,1.0,0.10810810810810811,0.0,0.5984555984555985,0.08494208494208494,0.803088803088803,66.0,193.0,28.0,0.0
no_intent_cache,3,21,75600.0,247.0,1.1336032388663968,1.0,0.13360323886639677,0.0,0.5182186234817814,0.11740890688259109,0.8987854251012146,66.0,181.0,33.0,0.0
no_intent_cache,3,22,79200.0,207.0,1.0289855072463767,1.0,0.028985507246376812,0.0,0.4444444444444444,0.028985507246376812,0.9033816425120773,40.0,167.0,6.0,0.0
no_intent_cache,3,23,82800.0,210.0,1.119047619047619,1.0,0.11904761904761904,0.0,0.4714285714285714,0.09047619047619047,0.9380952380952381,38.0,172.0,25.0,0.0
no_intent_cache,4,0,0.0,157.0,1.0063694267515924,1.0,0.006369426751592357,0.0,0.006369426751592357,0.0,0.9936305732484076,100.0,57.0,1.0,0.0
no_intent_cache,4,1,3600.0,129.0,1.0077519379844961,1.0,0.007751937984496124,0.0,0.015503875968992248,0.007751937984496124,1.0,30.0,99.0,1.0,0.0
no_intent_cache,4,2,7200.0,127.0,1.0078740157480315,1.0,0.007874015748031496,0.0,0.06299212598425197,0.007874015748031496,0.9448818897637795,15.0,112.0,1.0,0.0
no_intent_cache,4,3,10800.0,108.0,1.0092592592592593,1.0,0.009259259259259259,0.0,0.046296296296296294,0.0,0.9629629629629629,15.0,93.0,1.0,0.0
no_intent_cache,4,4,14400.0,122.0,1.0,1.0,0.0,0.0,0.00819672131147541,0.0,0.9918032786885246,16.0,106.0,0.0,0.0
no_intent_cache,4,5,18000.0,127.0,1.0,1.0,0.0,0.0,0.06299212598425197,0.0,0.984251968503937,11.0,116.0,0.0,0.0
no_intent_cache,4,6,21600.0,214.0,1.02803738317757,1.0,0.028037383177570093,0.0,0.04672897196261682,0.009345794392523364,0.9906542056074766,25.0,189.0,4.0,0.0
no_intent_cache,4,7,25200.0,264.0,1.0151515151515151,1.0,0.015151515151515152,0.0,0.0946969696969697,0.007575757575757576,0.9659090909090909,30.0,234.0,3.0,0.0
no_intent_cache,4,8,28800.0,316.0,1.018987341772152,1.0,0.0189873417721519,0.0,0.1518987341772152,0.006329113924050633,0.9588607594936709,51.0,265.0,6.0,0.0
no_intent_cache,4,9,32400.0,321.0,1.087227414330218,1.0,0.08722741433021806,0.0,0.32087227414330216,0.07165109034267912,0.956386292834891,49.0,272.0,28.0,0.0
no_intent_cache,4,10,36000.0,301.0,1.1129568106312293,1.0,0.11295681063122924,0.0,0.33222591362126247,0.08305647840531562,0.9634551495016611,41.0,260.0,34.0,0.0
no_intent_cache,4,11,39600.0,328.0,1.146341463414634,1.0,0.14634146341463414,0.0,0.4817073170731707,0.10060975609756098,0.9176829268292683,70.0,258.0,48.0,0.0
no_intent_cache,4,12,43200.0,334.0,1.1347305389221556,1.0,0.1347305389221557,0.0,0.5149700598802395,0.09880239520958084,0.8922155688622755,75.0,259.0,45.0,0.0
no_intent_cache,4,13,46800.0,331.0,1.0906344410876132,1.0,0.09063444108761329,0.0,0.513595166163142,0.07250755287009064,0.8882175226586103,51.0,280.0,30.0,0.0
no_intent_cache,4,14,50400.0,320.0,1.128125,1.0,0.128125,0.0,0.421875,0.090625,0.934375,155.0,165.0,41.0,0.0
no_intent_cache,4,15,54000.0,320.0,1.140625,1.0,0.140625,0.0,0.625,0.115625,0.871875,171.0,149.0,45.0,0.0
no_intent_cache,4,16,57600.0,291.0,1.0824742268041236,1.0,0.08247422680412371,0.0,0.4570446735395189,0.07560137457044673,0.9243986254295533,136.0,155.0,24.0,0.0
no_intent_cache,4,17,61200.0,308.0,1.0974025974025974,1.0,0.09740259740259741,0.0,0.4577922077922078,0.06168831168831169,0.9123376623376623,105.0,203.0,30.0,0.0
no_intent_cache,4,18,64800.0,326.0,1.1288343558282208,1.0,0.12883435582822086,0.0,0.5552147239263804,0.11042944785276074,0.8773006134969326,112.0,214.0,42.0,0.0
no_intent_cache,4,19,68400.0,320.0,1.13125,1.0,0.13125,0.0,0.56875,0.10625,0.8875,85.0,235.0,42.0,0.0
no_intent_cache,4,20,72000.0,262.0,1.0534351145038168,1.0,0.05343511450381679,0.0,0.42366412213740456,0.04580152671755725,0.9198473282442748,73.0,189.0,14.0,0.0
no_intent_cache,4,21,75600.0,269.0,1.100371747211896,1.0,0.10037174721189591,0.0,0.46096654275092935,0.08921933085501858,0.929368029739777,68.0,201.0,27.0,0.0
no_intent_cache,4,22,79200.0,228.0,1.0350877192982457,1.0,0.03508771929824561,0.0,0.35964912280701755,0.03508771929824561,0.9429824561403509,57.0,171.0,8.0,0.0
no_intent_cache,4,23,82800.0,177.0,1.0225988700564972,1.0,0.022598870056497175,0.0,0.2542372881355932,0.022598870056497175,0.9548022598870056,29.0,148.0,4.0,0.0
no_cache_sharing,0,0,0.0,148.0,0.4797297297297297,0.4797297297297297,0.0,0.5337837837837838,0.0,0.0,1.0,56.0,15.0,0.0,0.0
no_cache_sharing,0,1,3600.0,141.0,0.15602836879432624,0.15602836879432624,0.0,0.8652482269503546,0.0070921985815602835,0.0,0.9929078014184397,11.0,11.0,0.0,0.0
no_cache_sharing,0,2,7200.0,107.0,0.08411214953271028,0.08411214953271028,0.0,0.9439252336448598,0.0,0.0,1.0,4.0,5.0,0.0,0.0
no_cache_sharing,0,3,10800.0,136.0,0.125,0.11029411764705882,0.014705882352941176,0.9264705882352942,0.08088235294117647,0.014705882352941176,0.9632352941176471,10.0,5.0,2.0,0.0
no_cache_sharing,0,4,14400.0,105.0,0.18095238095238095,0.18095238095238095,0.0,0.8571428571428571,0.047619047619047616,0.0,0.9714285714285714,13.0,6.0,0.0,0.0
no_cache_sharing,0,5,18000.0,136.0,0.11764705882352941,0.09558823529411764,0.022058823529411766,0.9264705882352942,0.09558823529411764,0.014705882352941176,0.9558823529411765,7.0,6.0,2.0,0.0
no_cache_sharing,0,6,21600.0,221.0,0.15384615384615385,0.13574660633484162,0.01809954751131222,0.9004524886877828,0.09954751131221719,0.00904977375565611,0.9592760180995475,19.0,11.0,4.0,0.0
no_cache_sharing,0,7,25200.0,282.0,0.1453900709219858,0.11347517730496454,0.031914893617021274,0.9219858156028369,0.1347517730496454,0.01773049645390071,0.9539007092198581,25.0,7.0,7.0,0.0
no_cache_sharing,0,8,28800.0,284.0,0.16901408450704225,0.13732394366197184,0.03169014084507042,0.9225352112676056,0.13028169014084506,0.014084507042253521,0.954225352112676,26.0,13.0,9.0,0.0
no_cache_sharing,0,9,32400.0,320.0,0.184375,0.13125,0.053125,0.9125,0.178125,0.03125,0.98125,34.0,8.0,16.0,0.0
no_cache_sharing,0,10,36000.0,315.0,0.14603174603174604,0.09206349206349207,0.05396825396825397,0.9428571428571428,0.19047619047619047,0.022222222222222223,0.9650793650793651,18.0,11.0,17.0,0.0
no_cache_sharing,0,11,39600.0,347.0,0.22478386167146974,0.1037463976945245,0.12103746397694524,0.9135446685878963,0.39481268011527376,0.08645533141210375,0.9279538904899135,30.0,6.0,42.0,0.0
no_cache_sharing,0,12,43200.0,331.0,0.44410876132930516,0.2628398791540785,0.18126888217522658,0.7643504531722054,0.552870090634441,0.13897280966767372,0.9123867069486404,42.0,45.0,59.0,0.0
no_cache_sharing,0,13,46800.0,320.0,0.35625,0.178125,0.178125,0.8375,0.690625,0.146875,0.85,23.0,34.0,57.0,0.0
no_cache_sharing,0,14,50400.0,310.0,0.35161290322580646,0.2064516129032258,0.14516129032258066,0.832258064516129,0.6129032258064516,0.11935483870967742,0.8387096774193549,52.0,12.0,45.0,0.0
no_cache_sharing,0,15,54000.0,332.0,0.3704819277108434,0.2319277108433735,0.13855421686746988,0.7951807228915663,0.6656626506024096,0.12349397590361445,0.8253012048192772,55.0,22.0,46.0,0.0
no_cache_sharing,0,16,57600.0,310.0,0.34516129032258064,0.19032258064516128,0.15483870967741936,0.8354838709677419,0.667741935483871,0.11612903225806452,0.8290322580645161,31.0,28.0,48.0,0.0
no_cache_sharing,0,17,61200.0,319.0,0.25391849529780564,0.14106583072100312,0.11285266457680251,0.8871473354231975,0.6959247648902821,0.07523510971786834,0.7460815047021944,25.0,20.0,36.0,0.0
no_cache_sharing,0,18,64800.0,284.0,0.24295774647887325,0.13732394366197184,0.1056338028169014,0.8943661971830986,0.5704225352112676,0.06690140845070422,0.8415492957746479,30.0,9.0,30.0,0.0
no_cache_sharing,0,19,68400.0,293.0,0.24914675767918087,0.1296928327645051,0.11945392491467577,0.9010238907849829,0.6177474402730375,0.08532423208191127,0.8327645051194539,25.0,13.0,35.0,0.0
no_cache_sharing,0,20,72000.0,278.0,0.3237410071942446,0.19784172661870503,0.12589928057553956,0.8345323741007195,0.5539568345323741,0.08992805755395683,0.8848920863309353,29.0,26.0,35.0,0.0
no_cache_sharing,0,21,75600.0,256.0,0.29296875,0.17578125,0.1171875,0.87109375,0.55859375,0.08984375,0.8984375,21.0,24.0,30.0,0.0
no_cache_sharing,0,22,79200.0,248.0,0.2782258064516129,0.12096774193548387,0.15725806451612903,0.907258064516129,0.6048387096774194,0.12903225806451613,0.8870967741935484,15.0,15.0,39.0,0.0
no_cache_sharing,0,23,82800.0,177.0,0.20903954802259886,0.0847457627118644,0.12429378531073447,0.9322033898305084,0.5706214689265536,0.07909604519774012,0.8757062146892656,8.0,7.0,22.0,0.0
no_cache_sharing,1,0,0.0,180.0,0.45555555555555555,0.45555555555555555,0.0,0.5833333333333334,0.0,0.0,1.0,63.0,19.0,0.0,0.0
no_cache_sharing,1,1,3600.0,139.0,0.2014388489208633,0.17985611510791366,0.02158273381294964,0.8633093525179856,0.02158273381294964,0.02158273381294964,1.0,16.0,9.0,3.0,0.0
no_cache_sharing,1,2,7200.0,111.0,0.13513513513513514,0.11711711711711711,0.018018018018018018,0.9279279279279279,0.036036036036036036,0.018018018018018018,0.9819819819819819,9.0,4.0,2.0,0.0
no_cache_sharing,1,3,10800.0,109.0,0.1834862385321101,0.1651376146788991,0.01834862385321101,0.8623853211009175,0.027522935779816515,0.01834862385321101,0.9908256880733946,14.0,4.0,2.0,0.0
no_cache_sharing,1,4,14400.0,95.0,0.11578947368421053,0.11578947368421053,0.0,0.9263157894736842,0.031578947368421054,0.0,0.9789473684210527,4.0,7.0,0.0,0.0
no_cache_sharing,1,5,18000.0,114.0,0.12280701754385964,0.11403508771929824,0.008771929824561403,0.9473684210526315,0.03508771929824561,0.008771929824561403,0.9824561403508771,7.0,6.0,1.0,0.0
no_cache_sharing,1,6,21600.0,207.0,0.13526570048309178,0.12560386473429952,0.00966183574879227,0.9178743961352657,0.05314009661835749,0.00966183574879227,0.9855072463768116,16.0,10.0,2.0,0.0
no_cache_sharing,1,7,25200.0,269.0,0.18587360594795538,0.15985130111524162,0.026022304832713755,0.8773234200743495,0.08921933085501858,0.011152416356877323,0.9776951672862454,26.0,17.0,4.0,0.0
no_cache_sharing,1,8,28800.0,288.0,0.13194444444444445,0.11458333333333333,0.017361111111111112,0.9340277777777778,0.0763888888888889,0.003472222222222222,0.96875,24.0,9.0,5.0,0.0
no_cache_sharing,1,9,32400.0,308.0,0.19480519480519481,0.1525974025974026,0.04220779220779221,0.8961038961038961,0.16883116883116883,0.025974025974025976,0.9772727272727273,32.0,15.0,12.0,0.0
no_cache_sharing,1,10,36000.0,328.0,0.20426829268292682,0.10365853658536585,0.10060975609756098,0.9390243902439024,0.2774390243902439,0.0701219512195122,0.975609756097561,21.0,13.0,33.0,0.0
no_cache_sharing,1,11,39600.0,345.0,0.34202898550724636,0.1246376811594203,0.21739130434782608,0.9130434782608695,0.5739130434782609,0.1536231884057971,0.936231884057971,27.0,16.0,75.0,0.0
no_cache_sharing,1,12,43200.0,336.0,0.44047619047619047,0.2767857142857143,0.1636904761904762,0.7559523809523809,0.5803571428571429,0.125,0.875,45.0,48.0,55.0,0.0
no_cache_sharing,1,13,46800.0,338.0,0.3668639053254438,0.1804733727810651,0.1863905325443787,0.8550295857988166,0.6686390532544378,0.15680473372781065,0.849112426035503,21.0,40.0,63.0,0.0
no_cache_sharing,1,14,50400.0,316.0,0.3575949367088608,0.18354430379746836,0.17405063291139242,0.8291139240506329,0.6392405063291139,0.12658227848101267,0.8417721518987342,45.0,13.0,55.0,0.0
no_cache_sharing,1,15,54000.0,352.0,0.3039772727272727,0.17613636363636365,0.1278409090909091,0.8693181818181818,0.7045454545454546,0.10795454545454546,0.7755681818181818,45.0,17.0,45.0,0.0
no_cache_sharing,1,16,57600.0,352.0,0.2784090909090909,0.15056818181818182,0.1278409090909091,0.8693181818181818,0.6619318181818182,0.10795454545454546,0.7954545454545454,36.0,17.0,45.0,0.0
no_cache_sharing,1,17,61200.0,292.0,0.3184931506849315,0.16095890410958905,0.15753424657534246,0.8595890410958904,0.6267123287671232,0.1232876712328767,0.8321917808219178,28.0,19.0,46.0,0.0
no_cache_sharing,1,18,64800.0,273.0,0.3443223443223443,0.20146520146520147,0.14285714285714285,0.8534798534798534,0.5604395604395604,0.11721611721611722,0.8571428571428571,34.0,21.0,39.0,0.0
no_cache_sharing,1,19,68400.0,290.0,0.27241379310344827,0.1413793103448276,0.1310344827586207,0.8827586206896552,0.6275862068965518,0.10344827586206896,0.8655172413793103,27.0,14.0,38.0,0.0
no_cache_sharing,1,20,72000.0,284.0,0.25704225352112675,0.15492957746478872,0.10211267605633803,0.8767605633802817,0.5563380281690141,0.07746478873239436,0.9119718309859155,24.0,20.0,29.0,0.0
no_cache_sharing,1,21,75600.0,272.0,0.2426470588235294,0.1323529411764706,0.11029411764705882,0.9044117647058824,0.5,0.08088235294117647,0.9227941176470589,28.0,8.0,30.0,0.0
no_cache_sharing,1,22,79200.0,219.0,0.2465753424657534,0.1324200913242009,0.1141552511415525,0.9041095890410958,0.4840182648401826,0.0958904109589041,0.9315068493150684,16.0,13.0,25.0,0.0
no_cache_sharing,1,23,82800.0,183.0,0.22404371584699453,0.16393442622950818,0.060109289617486336,0.8961748633879781,0.4371584699453552,0.04918032786885246,0.9289617486338798,15.0,15.0,11.0,0.0
no_cache_sharing,2,0,0.0,179.0,0.4134078212290503,0.4134078212290503,0.0,0.6201117318435754,0.0,0.0,1.0,56.0,18.0,0.0,0.0
no_cache_sharing,2,1,3600.0,126.0,0.20634920634920634,0.1746031746031746,0.031746031746031744,0.8571428571428571,0.047619047619047616,0.031746031746031744,0.9841269841269841,13.0,9.0,4.0,0.0
no_cache_sharing,2,2,7200.0,127.0,0.14960629921259844,0.12598425196850394,0.023622047244094488,0.9291338582677166,0.07874015748031496,0.023622047244094488,0.9606299212598425,8.0,8.0,3.0,0.0
no_cache_sharing,2,3,10800.0,102.0,0.17647058823529413,0.1568627450980392,0.0196078431372549,0.8627450980392157,0.11764705882352941,0.00980392156862745,0.9509803921568627,13.0,3.0,1.0,0.0
no_cache_sharing,2,4,14400.0,104.0,0.11538461538461539,0.10576923076923077,0.009615384615384616,0.9134615384615384,0.0673076923076923,0.0,0.9807692307692307,6.0,5.0,0.0,0.0
no_cache_sharing,2,5,18000.0,134.0,0.15671641791044777,0.1417910447761194,0.014925373134328358,0.917910447761194,0.06716417910447761,0.014925373134328358,0.9701492537313433,12.0,7.0,2.0,0.0
no_cache_sharing,2,6,21600.0,213.0,0.14084507042253522,0.14084507042253522,0.0,0.9014084507042254,0.046948356807511735,0.0,0.9671361502347418,19.0,11.0,0.0,0.0
no_cache_sharing,2,7,25200.0,283.0,0.10600706713780919,0.0989399293286219,0.007067137809187279,0.9363957597173145,0.0706713780918728,0.0035335689045936395,0.9752650176678446,14.0,14.0,1.0,0.0
no_cache_sharing,2,8,28800.0,296.0,0.18243243243243243,0.14864864864864866,0.033783783783783786,0.8952702702702703,0.10135135135135136,0.006756756756756757,0.972972972972973,27.0,17.0,9.0,0.0
no_cache_sharing,2,9,32400.0,301.0,0.19601328903654486,0.11960132890365449,0.07641196013289037,0.8970099667774086,0.18272425249169436,0.03986710963455149,0.9700996677740864,27.0,9.0,22.0,0.0
no_cache_sharing,2,10,36000.0,323.0,0.22291021671826625,0.1238390092879257,0.09907120743034056,0.9009287925696594,0.35294117647058826,0.06501547987616099,0.9318885448916409,26.0,14.0,32.0,0.0
no_cache_sharing,2,11,39600.0,337.0,0.32344213649851633,0.11275964391691394,0.21068249258160238,0.9109792284866469,0.5370919881305638,0.1543026706231454,0.9436201780415431,27.0,11.0,71.0,0.0
no_cache_sharing,2,12,43200.0,362.0,0.40607734806629836,0.23480662983425415,0.1712707182320442,0.7817679558011049,0.643646408839779,0.13812154696132597,0.850828729281768,47.0,38.0,62.0,0.0
no_cache_sharing,2,13,46800.0,301.0,0.292358803986711,0.1461794019933555,0.1461794019933555,0.8704318936877077,0.5647840531561462,0.09966777408637874,0.9003322259136213,20.0,24.0,44.0,0.0
no_cache_sharing,2,14,50400.0,322.0,0.30434782608695654,0.16459627329192547,0.13975155279503104,0.8571428571428571,0.6863354037267081,0.10559006211180125,0.8198757763975155,37.0,16.0,45.0,0.0
no_cache_sharing,2,15,54000.0,327.0,0.3241590214067278,0.20489296636085627,0.11926605504587157,0.8134556574923547,0.5504587155963303,0.09174311926605505,0.8868501529051988,53.0,14.0,39.0,0.0
no_cache_sharing,2,16,57600.0,311.0,0.2829581993569132,0.1832797427652733,0.09967845659163987,0.8553054662379421,0.5884244372990354,0.08360128617363344,0.8360128617363344,39.0,18.0,31.0,0.0
no_cache_sharing,2,17,61200.0,316.0,0.27531645569620256,0.1518987341772152,0.12341772151898735,0.8607594936708861,0.6170886075949367,0.08544303797468354,0.810126582278481,27.0,21.0,39.0,0.0
no_cache_sharing,2,18,64800.0,306.0,0.33986928104575165,0.21241830065359477,0.12745098039215685,0.8398692810457516,0.6045751633986928,0.09477124183006536,0.8202614379084967,43.0,22.0,39.0,0.0
no_cache_sharing,2,19,68400.0,291.0,0.2508591065292096,0.13402061855670103,0.11683848797250859,0.8934707903780069,0.570446735395189,0.09621993127147767,0.8178694158075601,23.0,16.0,34.0,0.0
no_cache_sharing,2,20,72000.0,258.0,0.3023255813953488,0.17054263565891473,0.13178294573643412,0.875968992248062,0.6550387596899225,0.11627906976744186,0.7790697674418605,29.0,15.0,34.0,0.0
no_cache_sharing,2,21,75600.0,259.0,0.2471042471042471,0.11583011583011583,0.13127413127413126,0.915057915057915,0.6447876447876448,0.10810810810810811,0.8146718146718147,17.0,13.0,34.0,0.0
no_cache_sharing,2,22,79200.0,220.0,0.23636363636363636,0.14545454545454545,0.09090909090909091,0.8727272727272727,0.5454545454545454,0.08636363636363636,0.8545454545454545,15.0,17.0,20.0,0.0
no_cache_sharing,2,23,82800.0,202.0,0.18316831683168316,0.09900990099009901,0.08415841584158416,0.9306930693069307,0.5198019801980198,0.07425742574257425,0.8663366336633663,12.0,8.0,17.0,0.0
no_cache_sharing,3,0,0.0,141.0,0.48226950354609927,0.48226950354609927,0.0,0.5390070921985816,0.0,0.0,1.0,60.0,8.0,0.0,0.0
no_cache_sharing,3,1,3600.0,130.0,0.2153846153846154,0.2076923076923077,0.007692307692307693,0.8538461538461538,0.007692307692307693,0.0,0.9923076923076923,14.0,13.0,1.0,0.0
no_cache_sharing,3,2,7200.0,130.0,0.15384615384615385,0.13846153846153847,0.015384615384615385,0.8846153846153846,0.038461538461538464,0.015384615384615385,0.9846153846153847,11.0,7.0,2.0,0.0
no_cache_sharing,3,3,10800.0,117.0,0.17094017094017094,0.1623931623931624,0.008547008547008548,0.8803418803418803,0.03418803418803419,0.008547008547008548,0.9829059829059829,13.0,6.0,1.0,0.0
no_cache_sharing,3,4,14400.0,112.0,0.11607142857142858,0.11607142857142858,0.0,0.9107142857142857,0.008928571428571428,0.0,0.9910714285714286,10.0,3.0,0.0,0.0
no_cache_sharing,3,5,18000.0,133.0,0.16541353383458646,0.13533834586466165,0.03007518796992481,0.9097744360902256,0.03759398496240601,0.015037593984962405,0.9924812030075187,9.0,9.0,4.0,0.0
no_cache_sharing,3,6,21600.0,216.0,0.1388888888888889,0.1111111111111111,0.027777777777777776,0.9166666666666666,0.125,0.018518518518518517,0.9675925925925926,15.0,9.0,4.0,0.0
no_cache_sharing,3,7,25200.0,264.0,0.16287878787878787,0.13636363636363635,0.026515151515151516,0.9090909090909091,0.10984848484848485,0.01893939393939394,0.9659090909090909,26.0,10.0,6.0,0.0
no_cache_sharing,3,8,28800.0,335.0,0.1880597014925373,0.1373134328358209,0.050746268656716415,0.9223880597014925,0.14925373134328357,0.011940298507462687,0.9761194029850746,28.0,18.0,15.0,0.0
no_cache_sharing,3,9,32400.0,345.0,0.2811594202898551,0.10144927536231885,0.17971014492753623,0.9188405797101449,0.37681159420289856,0.12173913043478261,0.9565217391304348,26.0,9.0,62.0,0.0
no_cache_sharing,3,10,36000.0,312.0,0.3076923076923077,0.15064102564102563,0.15705128205128205,0.8942307692307693,0.49038461538461536,0.11217948717948718,0.9262820512820513,30.0,17.0,49.0,0.0
no_cache_sharing,3,11,39600.0,300.0,0.3433333333333333,0.16,0.18333333333333332,0.8933333333333333,0.5366666666666666,0.13333333333333333,0.9033333333333333,35.0,13.0,55.0,0.0
no_cache_sharing,3,12,43200.0,326.0,0.3220858895705521,0.22699386503067484,0.0950920245398773,0.7791411042944786,0.558282208588957,0.0705521472392638,0.8803680981595092,40.0,34.0,31.0,0.0
no_cache_sharing,3,13,46800.0,334.0,0.30538922155688625,0.18263473053892215,0.12275449101796407,0.8353293413173652,0.5149700598802395,0.07784431137724551,0.9461077844311377,22.0,39.0,41.0,0.0
no_cache_sharing,3,14,50400.0,324.0,0.3117283950617284,0.19444444444444445,0.11728395061728394,0.8302469135802469,0.5123456790123457,0.07716049382716049,0.9197530864197531,42.0,21.0,38.0,0.0
no_cache_sharing,3,15,54000.0,333.0,0.35135135135135137,0.1891891891891892,0.16216216216216217,0.8558558558558559,0.5765765765765766,0.12012012012012012,0.8738738738738738,47.0,16.0,54.0,0.0
no_cache_sharing,3,16,57600.0,338.0,0.34911242603550297,0.16272189349112426,0.1863905325443787,0.8757396449704142,0.7248520710059172,0.15680473372781065,0.7840236686390533,38.0,17.0,63.0,0.0
no_cache_sharing,3,17,61200.0,317.0,0.38485804416403785,0.167192429022082,0.21766561514195584,0.8675078864353313,0.7034700315457413,0.14511041009463724,0.8170347003154574,31.0,22.0,69.0,0.0
no_cache_sharing,3,18,64800.0,288.0,0.2743055555555556,0.1701388888888889,0.10416666666666667,0.8506944444444444,0.5902777777777778,0.0798611111111111,0.8055555555555556,28.0,21.0,30.0,0.0
no_cache_sharing,3,19,68400.0,282.0,0.24468085106382978,0.12056737588652482,0.12411347517730496,0.9078014184397163,0.6631205673758865,0.09929078014184398,0.7446808510638298,19.0,15.0,35.0,0.0
no_cache_sharing,3,20,72000.0,259.0,0.2702702702702703,0.15444015444015444,0.11583011583011583,0.8841698841698842,0.637065637065637,0.0888030888030888,0.806949806949807,22.0,18.0,30.0,0.0
no_cache_sharing,3,21,75600.0,247.0,0.21052631578947367,0.14979757085020243,0.06072874493927125,0.8866396761133604,0.4534412955465587,0.06072874493927125,0.8785425101214575,22.0,15.0,15.0,0.0
no_cache_sharing,3,22,79200.0,207.0,0.12077294685990338,0.0966183574879227,0.024154589371980676,0.9178743961352657,0.4492753623188406,0.01932367149758454,0.8840579710144928,10.0,10.0,5.0,0.0
no_cache_sharing,3,23,82800.0,210.0,0.20952380952380953,0.14285714285714285,0.06666666666666667,0.8857142857142857,0.43333333333333335,0.05238095238095238,0.919047619047619,10.0,20.0,14.0,0.0
no_cache_sharing,4,0,0.0,157.0,0.43312101910828027,0.4267515923566879,0.006369426751592357,0.5859872611464968,0.006369426751592357,0.0,0.9936305732484076,53.0,14.0,1.0,0.0
no_cache_sharing,4,1,3600.0,129.0,0.20930232558139536,0.20155038759689922,0.007751937984496124,0.8682170542635659,0.015503875968992248,0.007751937984496124,1.0,18.0,8.0,1.0,0.0
no_cache_sharing,4,2,7200.0,127.0,0.15748031496062992,0.14960629921259844,0.007874015748031496,0.8976377952755905,0.06299212598425197,0.007874015748031496,0.9448818897637795,8.0,11.0,1.0,0.0
no_cache_sharing,4,3,10800.0,108.0,0.12962962962962962,0.12037037037037036,0.009259259259259259,0.9074074074074074,0.046296296296296294,0.0,0.9629629629629629,9.0,4.0,1.0,0.0
no_cache_sharing,4,4,14400.0,122.0,0.18032786885245902,0.1721311475409836,0.00819672131147541,0.8770491803278688,0.00819672131147541,0.0,0.9918032786885246,14.0,7.0,1.0,0.0
no_cache_sharing,4,5,18000.0,127.0,0.08661417322834646,0.08661417322834646,0.0,0.9448818897637795,0.06299212598425197,0.0,0.984251968503937,6.0,5.0,0.0,0.0
no_cache_sharing,4,6,21600.0,214.0,0.14018691588785046,0.11214953271028037,0.028037383177570093,0.9205607476635514,0.04672897196261682,0.009345794392523364,0.9906542056074766,14.0,10.0,4.0,0.0
no_cache_sharing,4,7,25200.0,264.0,0.14393939393939395,0.12121212121212122,0.022727272727272728,0.9204545454545454,0.0946969696969697,0.007575757575757576,0.9659090909090909,14.0,18.0,5.0,0.0
no_cache_sharing,4,8,28800.0,316.0,0.17721518987341772,0.14873417721518986,0.028481012658227847,0.8892405063291139,0.15822784810126583,0.006329113924050633,0.9588607594936709,29.0,18.0,9.0,0.0
no_cache_sharing,4,9,32400.0,321.0,0.19937694704049844,0.11838006230529595,0.08099688473520249,0.9283489096573209,0.2585669781931464,0.059190031152647975,0.9626168224299065,28.0,10.0,26.0,0.0
no_cache_sharing,4,10,36000.0,301.0,0.22591362126245848,0.12624584717607973,0.09966777408637874,0.9069767441860465,0.3222591362126246,0.0664451827242525,0.9767441860465116,24.0,14.0,30.0,0.0
no_cache_sharing,4,11,39600.0,328.0,0.2896341463414634,0.14939024390243902,0.1402439024390244,0.8810975609756098,0.47560975609756095,0.08536585365853659,0.9115853658536586,40.0,9.0,46.0,0.0
no_cache_sharing,4,12,43200.0,334.0,0.36826347305389223,0.23053892215568864,0.1377245508982036,0.7994011976047904,0.5658682634730539,0.08982035928143713,0.8892215568862275,41.0,36.0,46.0,0.0
no_cache_sharing,4,13,46800.0,331.0,0.283987915407855,0.16314199395770393,0.12084592145015106,0.8731117824773413,0.5468277945619335,0.08761329305135952,0.8882175226586103,21.0,33.0,40.0,0.0
no_cache_sharing,4,14,50400.0,320.0,0.29375,0.1875,0.10625,0.8375,0.484375,0.0625,0.9375,42.0,18.0,34.0,0.0
no_cache_sharing,4,15,54000.0,320.0,0.290625,0.175,0.115625,0.871875,0.596875,0.09375,0.875,48.0,8.0,37.0,0.0
no_cache_sharing,4,16,57600.0,291.0,0.2542955326460481,0.18900343642611683,0.06529209621993128,0.8419243986254296,0.35738831615120276,0.061855670103092786,0.9621993127147767,32.0,23.0,19.0,0.0
no_cache_sharing,4,17,61200.0,308.0,0.2532467532467532,0.15584415584415584,0.09740259740259741,0.8701298701298701,0.4253246753246753,0.06168831168831169,0.9188311688311688,26.0,22.0,30.0,0.0
no_cache_sharing,4,18,64800.0,326.0,0.31901840490797545,0.15950920245398773,0.15950920245398773,0.8588957055214724,0.5797546012269938,0.13190184049079753,0.8711656441717791,34.0,18.0,52.0,0.0
no_cache_sharing,4,19,68400.0,320.0,0.33125,0.19375,0.1375,0.8625,0.59375,0.109375,0.871875,33.0,29.0,44.0,0.0
no_cache_sharing,4,20,72000.0,262.0,0.22137404580152673,0.12595419847328243,0.09541984732824428,0.8854961832061069,0.44274809160305345,0.08015267175572519,0.9541984732824428,17.0,16.0,25.0,0.0
no_cache_sharing,4,21,75600.0,269.0,0.2527881040892193,0.14869888475836432,0.10408921933085502,0.8884758364312267,0.5427509293680297,0.07806691449814127,0.9368029739776952,28.0,12.0,28.0,0.0
no_cache_sharing,4,22,79200.0,228.0,0.15789473684210525,0.12280701754385964,0.03508771929824561,0.9078947368421053,0.27631578947368424,0.03070175438596491,0.9429824561403509,17.0,11.0,8.0,0.0
no_cache_sharing,4,23,82800.0,177.0,0.15254237288135594,0.11864406779661017,0.03389830508474576,0.8983050847457628,0.20903954802259886,0.03389830508474576,0.9830508474576272,7.0,14.0,6.0,0.0
no_preempt_degrade,0,0,0.0,148.0,0.10810810810810811,0.10810810810810811,0.0,0.918918918918919,0.0,0.0,1.0,16.0,0.0,0.0,0.0
no_preempt_degrade,0,1,3600.0,141.0,0.02127659574468085,0.02127659574468085,0.0,1.0,0.014184397163120567,0.0,0.9858156028368794,3.0,0.0,0.0,0.0
no_preempt_degrade,0,2,7200.0,107.0,0.037383177570093455,0.037383177570093455,0.0,1.0,0.0,0.0,1.0,4.0,0.0,0.0,0.0
no_preempt_degrade,0,3,10800.0,136.0,0.051470588235294115,0.051470588235294115,0.0,0.9705882352941176,0.051470588235294115,0.0,0.9485294117647058,7.0,0.0,0.0,0.0
no_preempt_degrade,0,4,14400.0,105.0,0.0380952380952381,0.0380952380952381,0.0,0.9904761904761905,0.0380952380952381,0.0,0.9619047619047619,4.0,0.0,0.0,0.0
no_preempt_degrade,0,5,18000.0,136.0,0.014705882352941176,0.014705882352941176,0.0,1.0,0.07352941176470588,0.0,0.9485294117647058,0.0,2.0,0.0,0.0
no_preempt_degrade,0,6,21600.0,221.0,0.03619909502262444,0.03167420814479638,0.004524886877828055,0.9909502262443439,0.09954751131221719,0.0,0.9502262443438914,6.0,1.0,0.0,0.0
no_preempt_degrade,0,7,25200.0,282.0,0.06028368794326241,0.05319148936170213,0.0070921985815602835,0.9822695035460993,0.12411347517730496,0.0,0.9539007092198581,15.0,0.0,0.0,0.0
no_preempt_degrade,0,8,28800.0,284.0,0.045774647887323945,0.045774647887323945,0.0,0.9788732394366197,0.10915492957746478,0.0,0.9471830985915493,13.0,0.0,0.0,0.0
no_preempt_degrade,0,9,32400.0,320.0,0.028125,0.028125,0.0,0.9875,0.146875,0.0,0.921875,7.0,2.0,0.0,0.0
no_preempt_degrade,0,10,36000.0,315.0,0.015873015873015872,0.012698412698412698,0.0031746031746031746,0.9936507936507937,0.1873015873015873,0.0,0.8984126984126984,4.0,0.0,0.0,0.0
no_preempt_degrade,0,11,39600.0,347.0,0.0345821325648415,0.0345821325648415,0.0,0.9798270893371758,0.2564841498559078,0.0,0.861671469740634,11.0,1.0,0.0,0.0
no_preempt_degrade,0,12,43200.0,331.0,0.06948640483383686,0.06948640483383686,0.0,0.9425981873111783,0.3323262839879154,0.0,0.8066465256797583,23.0,0.0,0.0,0.0
no_preempt_degrade,0,13,46800.0,320.0,0.025,0.025,0.0,0.99375,0.415625,0.0,0.765625,8.0,0.0,0.0,0.0
no_preempt_degrade,0,14,50400.0,310.0,0.041935483870967745,0.041935483870967745,0.0,0.9774193548387097,0.3967741935483871,0.0,0.7548387096774194,13.0,0.0,0.0,0.0
no_preempt_degrade,0,15,54000.0,332.0,0.060240963855421686,0.060240963855421686,0.0,0.9668674698795181,0.46686746987951805,0.0,0.7018072289156626,18.0,2.0,0.0,0.0
no_preempt_degrade,0,16,57600.0,310.0,0.025806451612903226,0.025806451612903226,0.0,0.9838709677419355,0.5096774193548387,0.0,0.6548387096774193,8.0,0.0,0.0,0.0
no_preempt_degrade,0,17,61200.0,319.0,0.025078369905956112,0.025078369905956112,0.0,0.9843260188087775,0.4827586206896552,0.0,0.664576802507837,8.0,0.0,0.0,0.0
no_preempt_degrade,0,18,64800.0,284.0,0.04225352112676056,0.04225352112676056,0.0,0.9823943661971831,0.3908450704225352,0.0,0.7394366197183099,12.0,0.0,0.0,0.0
no_preempt_degrade,0,19,68400.0,293.0,0.040955631399317405,0.040955631399317405,0.0,0.9965870307167235,0.44368600682593856,0.0,0.7133105802047781,12.0,0.0,0.0,0.0
no_preempt_degrade,0,20,72000.0,278.0,0.04316546762589928,0.04316546762589928,0.0,0.9784172661870504,0.39928057553956836,0.0,0.7266187050359713,11.0,1.0,0.0,0.0
no_preempt_degrade,0,21,75600.0,256.0,0.02734375,0.02734375,0.0,0.98828125,0.34765625,0.0,0.79296875,5.0,2.0,0.0,0.0
no_preempt_degrade,0,22,79200.0,248.0,0.028225806451612902,0.028225806451612902,0.0,0.9959677419354839,0.3911290322580645,0.0,0.7137096774193549,7.0,0.0,0.0,0.0
no_preempt_degrade,0,23,82800.0,177.0,0.03389830508474576,0.03389830508474576,0.0,0.9774011299435028,0.3898305084745763,0.0,0.751412429378531,6.0,0.0,0.0,0.0
no_preempt_degrade,1,0,0.0,180.0,0.11666666666666667,0.11666666666666667,0.0,0.9166666666666666,0.0,0.0,1.0,21.0,0.0,0.0,0.0
no_preempt_degrade,1,1,3600.0,139.0,0.02877697841726619,0.02877697841726619,0.0,1.0,0.02158273381294964,0.0,0.9784172661870504,4.0,0.0,0.0,0.0
no_preempt_degrade,1,2,7200.0,111.0,0.04504504504504504,0.04504504504504504,0.0,1.0,0.02702702702702703,0.0,0.972972972972973,4.0,1.0,0.0,0.0
no_preempt_degrade,1,3,10800.0,109.0,0.06422018348623854,0.06422018348623854,0.0,0.963302752293578,0.01834862385321101,0.0,0.981651376146789,7.0,0.0,0.0,0.0
no_preempt_degrade,1,4,14400.0,95.0,0.021052631578947368,0.021052631578947368,0.0,1.0,0.031578947368421054,0.0,0.9789473684210527,2.0,0.0,0.0,0.0
no_preempt_degrade,1,5,18000.0,114.0,0.03508771929824561,0.03508771929824561,0.0,1.0,0.02631578947368421,0.0,0.9736842105263158,4.0,0.0,0.0,0.0
no_preempt_degrade,1,6,21600.0,207.0,0.03864734299516908,0.03864734299516908,0.0,0.9903381642512077,0.024154589371980676,0.0,0.9806763285024155,7.0,1.0,0.0,0.0
no_preempt_degrade,1,7,25200.0,269.0,0.03717472118959108,0.03717472118959108,0.0,0.9814126394052045,0.05947955390334572,0.0,0.9553903345724907,9.0,1.0,0.0,0.0
no_preempt_degrade,1,8,28800.0,288.0,0.041666666666666664,0.03819444444444445,0.003472222222222222,0.9861111111111112,0.08680555555555555,0.0,0.9583333333333334,10.0,1.0,0.0,0.0
no_preempt_degrade,1,9,32400.0,308.0,0.032467532467532464,0.025974025974025976,0.006493506493506494,0.9967532467532467,0.1590909090909091,0.0,0.961038961038961,8.0,0.0,0.0,0.0
no_preempt_degrade,1,10,36000.0,328.0,0.039634146341463415,0.039634146341463415,0.0,0.9878048780487805,0.17378048780487804,0.0,0.926829268292683,12.0,1.0,0.0,0.0
no_preempt_degrade,1,11,39600.0,345.0,0.04057971014492753,0.03768115942028986,0.002898550724637681,0.9855072463768116,0.3884057971014493,0.0,0.7623188405797101,13.0,0.0,0.0,0.0
no_preempt_degrade,1,12,43200.0,336.0,0.08035714285714286,0.08035714285714286,0.0,0.9464285714285714,0.45535714285714285,0.0,0.7113095238095238,27.0,0.0,0.0,0.0
no_preempt_degrade,1,13,46800.0,338.0,0.026627218934911243,0.026627218934911243,0.0,0.9911242603550295,0.5118343195266272,0.0,0.6420118343195266,9.0,0.0,0.0,0.0
no_preempt_degrade,1,14,50400.0,316.0,0.03164556962025317,0.03164556962025317,0.0,0.9778481012658228,0.4873417721518987,0.0,0.6613924050632911,9.0,1.0,0.0,0.0
no_preempt_degrade,1,15,54000.0,352.0,0.03977272727272727,0.03977272727272727,0.0,0.9857954545454546,0.5113636363636364,0.0,0.5880681818181818,14.0,0.0,0.0,0.0
no_preempt_degrade,1,16,57600.0,352.0,0.045454545454545456,0.045454545454545456,0.0,0.9801136363636364,0.4971590909090909,0.0,0.6107954545454546,15.0,1.0,0.0,0.0
no_preempt_degrade,1,17,61200.0,292.0,0.0410958904109589,0.0410958904109589,0.0,0.9794520547945206,0.4280821917808219,0.0,0.7397260273972602,12.0,0.0,0.0,0.0
no_preempt_degrade,1,18,64800.0,273.0,0.02564102564102564,0.02564102564102564,0.0,0.989010989010989,0.3992673992673993,0.0,0.7472527472527473,7.0,0.0,0.0,0.0
no_preempt_degrade,1,19,68400.0,290.0,0.020689655172413793,0.020689655172413793,0.0,0.993103448275862,0.5,0.0,0.6344827586206897,5.0,1.0,0.0,0.0
no_preempt_degrade,1,20,72000.0,284.0,0.03169014084507042,0.03169014084507042,0.0,0.9859154929577465,0.43309859154929575,0.0,0.6830985915492958,9.0,0.0,0.0,0.0
no_preempt_degrade,1,21,75600.0,272.0,0.04779411764705882,0.04779411764705882,0.0,0.9816176470588235,0.36764705882352944,0.0,0.7647058823529411,13.0,0.0,0.0,0.0
no_preempt_degrade,1,22,79200.0,219.0,0.0410958904109589,0.0410958904109589,0.0,0.9817351598173516,0.4063926940639269,0.0,0.7031963470319634,9.0,0.0,0.0,0.0
no_preempt_degrade,1,23,82800.0,183.0,0.04371584699453552,0.04371584699453552,0.0,0.9890710382513661,0.3551912568306011,0.0,0.7704918032786885,7.0,1.0,0.0,0.0
no_preempt_degrade,2,0,0.0,179.0,0.12290502793296089,0.12290502793296089,0.0,0.9217877094972067,0.0,0.0,1.0,21.0,1.0,0.0,0.0
no_preempt_degrade,2,1,3600.0,126.0,0.03968253968253968,0.03968253968253968,0.0,1.0,0.03968253968253968,0.0,0.9603174603174603,5.0,0.0,0.0,0.0
no_preempt_degrade,2,2,7200.0,127.0,0.0,0.0,0.0,1.0,0.05511811023622047,0.0,0.9448818897637795,0.0,0.0,0.0,0.0
no_preempt_degrade,2,3,10800.0,102.0,0.0392156862745098,0.0392156862745098,0.0,0.9705882352941176,0.08823529411764706,0.0,0.9117647058823529,4.0,0.0,0.0,0.0
no_preempt_degrade,2,4,14400.0,104.0,0.038461538461538464,0.038461538461538464,0.0,1.0,0.028846153846153848,0.0,0.9711538461538461,4.0,0.0,0.0,0.0
no_preempt_degrade,2,5,18000.0,134.0,0.029850746268656716,0.029850746268656716,0.0,1.0,0.04477611940298507,0.0,0.9626865671641791,4.0,0.0,0.0,0.0
no_preempt_degrade,2,6,21600.0,213.0,0.028169014084507043,0.028169014084507043,0.0,0.9906103286384976,0.028169014084507043,0.0,0.971830985915493,6.0,0.0,0.0,0.0
no_preempt_degrade,2,7,25200.0,283.0,0.038869257950530034,0.0353356890459364,0.0035335689045936395,0.9787985865724381,0.05653710247349823,0.0,0.9717314487632509,10.0,0.0,0.0,0.0
no_preempt_degrade,2,8,28800.0,296.0,0.037162162162162164,0.033783783783783786,0.0033783783783783786,0.9797297297297297,0.07432432432432433,0.0,0.9695945945945946,10.0,0.0,0.0,0.0
no_preempt_degrade,2,9,32400.0,301.0,0.029900332225913623,0.023255813953488372,0.006644518272425249,0.9900332225913622,0.16611295681063123,0.0,0.9368770764119602,7.0,0.0,0.0,0.0
no_preempt_degrade,2,10,36000.0,323.0,0.02476780185758514,0.02476780185758514,0.0,0.9938080495356038,0.29102167182662536,0.0,0.8421052631578947,8.0,0.0,0.0,0.0
no_preempt_degrade,2,11,39600.0,337.0,0.02967359050445104,0.02967359050445104,0.0,0.9821958456973294,0.4124629080118694,0.0,0.7626112759643917,10.0,0.0,0.0,0.0
no_preempt_degrade,2,12,43200.0,362.0,0.06906077348066299,0.06906077348066299,0.0,0.9475138121546961,0.5386740331491713,0.0,0.5994475138121547,25.0,0.0,0.0,0.0
no_preempt_degrade,2,13,46800.0,301.0,0.029900332225913623,0.029900332225913623,0.0,0.9867109634551495,0.4219269102990033,0.0,0.6877076411960132,8.0,1.0,0.0,0.0
no_preempt_degrade,2,14,50400.0,322.0,0.034161490683229816,0.034161490683229816,0.0,0.984472049689441,0.562111801242236,0.0,0.65527950310559,10.0,1.0,0.0,0.0
no_preempt_degrade,2,15,54000.0,327.0,0.03363914373088685,0.03363914373088685,0.0,0.9877675840978594,0.41590214067278286,0.0,0.764525993883792,11.0,0.0,0.0,0.0
no_preempt_degrade,2,16,57600.0,311.0,0.05144694533762058,0.05144694533762058,0.0,0.9710610932475884,0.44694533762057875,0.0,0.6559485530546624,16.0,0.0,0.0,0.0
no_preempt_degrade,2,17,61200.0,316.0,0.05063291139240506,0.05063291139240506,0.0,0.9778481012658228,0.47468354430379744,0.0,0.6835443037974683,16.0,0.0,0.0,0.0
no_preempt_degrade,2,18,64800.0,306.0,0.03594771241830065,0.03594771241830065,0.0,0.9836601307189542,0.45751633986928103,0.0,0.673202614379085,10.0,1.0,0.0,0.0
no_preempt_degrade,2,19,68400.0,291.0,0.020618556701030927,0.020618556701030927,0.0,0.993127147766323,0.3642611683848797,0.0,0.7525773195876289,6.0,0.0,0.0,0.0
no_preempt_degrade,2,20,72000.0,258.0,0.050387596899224806,0.050387596899224806,0.0,0.9806201550387597,0.4728682170542636,0.0,0.6666666666666666,13.0,0.0,0.0,0.0
no_preempt_degrade,2,21,75600.0,259.0,0.023166023166023165,0.023166023166023165,0.0,0.9922779922779923,0.4594594594594595,0.0,0.6833976833976834,5.0,1.0,0.0,0.0
no_preempt_degrade,2,22,79200.0,220.0,0.05,0.05,0.0,0.9818181818181818,0.4090909090909091,0.0,0.759090909090909,10.0,1.0,0.0,0.0
no_preempt_degrade,2,23,82800.0,202.0,0.019801980198019802,0.019801980198019802,0.0,0.995049504950495,0.44554455445544555,0.0,0.7277227722772277,4.0,0.0,0.0,0.0
no_preempt_degrade,3,0,0.0,141.0,0.11347517730496454,0.11347517730496454,0.0,0.9148936170212766,0.0,0.0,1.0,16.0,0.0,0.0,0.0
no_preempt_degrade,3,1,3600.0,130.0,0.05384615384615385,0.05384615384615385,0.0,1.0,0.007692307692307693,0.0,0.9923076923076923,6.0,1.0,0.0,0.0
no_preempt_degrade,3,2,7200.0,130.0,0.046153846153846156,0.046153846153846156,0.0,1.0,0.038461538461538464,0.0,0.9615384615384616,5.0,1.0,0.0,0.0
no_preempt_degrade,3,3,10800.0,117.0,0.05128205128205128,0.05128205128205128,0.0,0.9658119658119658,0.02564102564102564,0.0,0.9743589743589743,6.0,0.0,0.0,0.0
no_preempt_degrade,3,4,14400.0,112.0,0.026785714285714284,0.026785714285714284,0.0,1.0,0.008928571428571428,0.0,0.9910714285714286,2.0,1.0,0.0,0.0
no_preempt_degrade,3,5,18000.0,133.0,0.022556390977443608,0.022556390977443608,0.0,0.9924812030075187,0.022556390977443608,0.0,0.9774436090225563,3.0,0.0,0.0,0.0
no_preempt_degrade,3,6,21600.0,216.0,0.013888888888888888,0.013888888888888888,0.0,0.9953703703703703,0.06018518518518518,0.0,0.9675925925925926,2.0,1.0,0.0,0.0
no_preempt_degrade,3,7,25200.0,264.0,0.04924242424242424,0.045454545454545456,0.003787878787878788,0.9848484848484849,0.0946969696969697,0.0,0.9545454545454546,11.0,1.0,0.0,0.0
no_preempt_degrade,3,8,28800.0,335.0,0.03880597014925373,0.03582089552238806,0.0029850746268656717,0.9791044776119403,0.15223880597014924,0.0,0.9432835820895522,12.0,0.0,0.0,0.0
no_preempt_degrade,3,9,32400.0,345.0,0.02608695652173913,0.02608695652173913,0.0,0.991304347826087,0.30434782608695654,0.0,0.8231884057971014,8.0,1.0,0.0,0.0
no_preempt_degrade,3,10,36000.0,312.0,0.03205128205128205,0.03205128205128205,0.0,0.9935897435897436,0.3333333333333333,0.0,0.7980769230769231,10.0,0.0,0.0,0.0
no_preempt_degrade,3,11,39600.0,300.0,0.04,0.04,0.0,0.9733333333333334,0.31666666666666665,0.0,0.7666666666666667,12.0,0.0,0.0,0.0
no_preempt_degrade,3,12,43200.0,326.0,0.0705521472392638,0.0705521472392638,0.0,0.941717791411043,0.3987730061349693,0.0,0.6932515337423313,22.0,1.0,0.0,0.0
no_preempt_degrade,3,13,46800.0,334.0,0.029940119760479042,0.029940119760479042,0.0,0.9850299401197605,0.4161676646706587,0.0,0.7514970059880239,10.0,0.0,0.0,0.0
no_preempt_degrade,3,14,50400.0,324.0,0.04938271604938271,0.04938271604938271,0.0,0.9845679012345679,0.36728395061728397,0.0,0.8148148148148148,15.0,1.0,0.0,0.0
no_preempt_degrade,3,15,54000.0,333.0,0.04504504504504504,0.042042042042042045,0.003003003003003003,0.9819819819819819,0.3963963963963964,0.0,0.7387387387387387,13.0,1.0,0.0,0.0
no_preempt_degrade,3,16,57600.0,338.0,0.05621301775147929,0.05621301775147929,0.0,0.9763313609467456,0.5739644970414202,0.0,0.5769230769230769,19.0,0.0,0.0,0.0
no_preempt_degrade,3,17,61200.0,317.0,0.022082018927444796,0.022082018927444796,0.0,0.9842271293375394,0.5520504731861199,0.0,0.5962145110410094,7.0,0.0,0.0,0.0
no_preempt_degrade,3,18,64800.0,288.0,0.034722222222222224,0.034722222222222224,0.0,0.9826388888888888,0.4861111111111111,0.0,0.6736111111111112,10.0,0.0,0.0,0.0
no_preempt_degrade,3,19,68400.0,282.0,0.028368794326241134,0.028368794326241134,0.0,0.9964539007092199,0.5141843971631206,0.0,0.6418439716312057,8.0,0.0,0.0,0.0
no_preempt_degrade,3,20,72000.0,259.0,0.023166023166023165,0.023166023166023165,0.0,0.9806949806949807,0.5135135135135135,0.0,0.6293436293436293,6.0,0.0,0.0,0.0
no_preempt_degrade,3,21,75600.0,247.0,0.02834008097165992,0.02834008097165992,0.0,0.9959514170040485,0.4291497975708502,0.0,0.6639676113360324,7.0,0.0,0.0,0.0
no_preempt_degrade,3,22,79200.0,207.0,0.033816425120772944,0.033816425120772944,0.0,0.9855072463768116,0.41545893719806765,0.0,0.7342995169082126,7.0,0.0,0.0,0.0
no_preempt_degrade,3,23,82800.0,210.0,0.0380952380952381,0.0380952380952381,0.0,0.9857142857142858,0.3380952380952381,0.0,0.7666666666666667,7.0,1.0,0.0,0.0
no_preempt_degrade,4,0,0.0,157.0,0.12738853503184713,0.12738853503184713,0.0,0.9235668789808917,0.006369426751592357,0.0,0.9936305732484076,20.0,0.0,0.0,0.0
no_preempt_degrade,4,1,3600.0,129.0,0.023255813953488372,0.023255813953488372,0.0,1.0,0.031007751937984496,0.0,0.9689922480620154,3.0,0.0,0.0,0.0
no_preempt_degrade,4,2,7200.0,127.0,0.031496062992125984,0.031496062992125984,0.0,1.0,0.05511811023622047,0.0,0.9448818897637795,4.0,0.0,0.0,0.0
no_preempt_degrade,4,3,10800.0,108.0,0.037037037037037035,0.037037037037037035,0.0,0.9722222222222222,0.027777777777777776,0.0,0.9722222222222222,4.0,0.0,0.0,0.0
no_preempt_degrade,4,4,14400.0,122.0,0.03278688524590164,0.03278688524590164,0.0,0.9918032786885246,0.0,0.0,1.0,4.0,0.0,0.0,0.0
no_preempt_degrade,4,5,18000.0,127.0,0.031496062992125984,0.031496062992125984,0.0,0.9921259842519685,0.031496062992125984,0.0,0.9763779527559056,3.0,1.0,0.0,0.0
no_preempt_degrade,4,6,21600.0,214.0,0.03271028037383177,0.03271028037383177,0.0,0.9906542056074766,0.02336448598130841,0.0,0.9813084112149533,7.0,0.0,0.0,0.0
no_preempt_degrade,4,7,25200.0,264.0,0.05303030303030303,0.045454545454545456,0.007575757575757576,0.9810606060606061,0.07575757575757576,0.0,0.9659090909090909,12.0,0.0,0.0,0.0
no_preempt_degrade,4,8,28800.0,316.0,0.0379746835443038,0.0379746835443038,0.0,0.9841772151898734,0.1518987341772152,0.0,0.939873417721519,11.0,1.0,0.0,0.0
no_preempt_degrade,4,9,32400.0,321.0,0.04984423676012461,0.04361370716510903,0.006230529595015576,0.9875389408099688,0.2336448598130841,0.0,0.8785046728971962,14.0,0.0,0.0,0.0
no_preempt_degrade,4,10,36000.0,301.0,0.026578073089700997,0.026578073089700997,0.0,0.9933554817275747,0.2757475083056478,0.0,0.8870431893687708,7.0,1.0,0.0,0.0
no_preempt_degrade,4,11,39600.0,328.0,0.0701219512195122,0.0701219512195122,0.0,0.9695121951219512,0.40853658536585363,0.0,0.7926829268292683,20.0,3.0,0.0,0.0
no_preempt_degrade,4,12,43200.0,334.0,0.05089820359281437,0.05089820359281437,0.0,0.9550898203592815,0.4101796407185629,0.0,0.7694610778443114,17.0,0.0,0.0,0.0
no_preempt_degrade,4,13,46800.0,331.0,0.03927492447129909,0.03927492447129909,0.0,0.9848942598187311,0.4984894259818731,0.0,0.7220543806646526,13.0,0.0,0.0,0.0
no_preempt_degrade,4,14,50400.0,320.0,0.01875,0.01875,0.0,0.984375,0.35,0.0,0.7875,6.0,0.0,0.0,0.0
no_preempt_degrade,4,15,54000.0,320.0,0.04375,0.04375,0.0,0.984375,0.515625,0.0,0.684375,14.0,0.0,0.0,0.0
no_preempt_degrade,4,16,57600.0,291.0,0.05154639175257732,0.05154639175257732,0.0,0.979381443298969,0.2646048109965636,0.0,0.845360824742268,14.0,1.0,0.0,0.0
no_preempt_degrade,4,17,61200.0,308.0,0.02922077922077922,0.02922077922077922,0.0,0.9837662337662337,0.3474025974025974,0.0,0.7824675324675324,9.0,0.0,0.0,0.0
no_preempt_degrade,4,18,64800.0,326.0,0.024539877300613498,0.024539877300613498,0.0,0.9846625766871165,0.3895705521472393,0.0,0.7423312883435583,8.0,0.0,0.0,0.0
no_preempt_degrade,4,19,68400.0,320.0,0.021875,0.021875,0.0,0.9875,0.396875,0.0,0.75625,7.0,0.0,0.0,0.0
no_preempt_degrade,4,20,72000.0,262.0,0.026717557251908396,0.026717557251908396,0.0,0.9847328244274809,0.25190839694656486,0.0,0.8587786259541985,6.0,1.0,0.0,0.0
no_preempt_degrade,4,21,75600.0,269.0,0.026022304832713755,0.026022304832713755,0.0,0.9851301115241635,0.30855018587360594,0.0,0.8104089219330854,7.0,0.0,0.0,0.0
no_preempt_degrade,4,22,79200.0,228.0,0.03070175438596491,0.03070175438596491,0.0,0.9824561403508771,0.2236842105263158,0.0,0.8903508771929824,7.0,0.0,0.0,0.0
no_preempt_degrade,4,23,82800.0,177.0,0.022598870056497175,0.022598870056497175,0.0,0.9943502824858758,0.1638418079096045,0.0,0.9096045197740112,4.0,0.0,0.0,0.0
no_zone_tier,0,0,0.0,148.0,0.12837837837837837,0.11486486486486487,0.013513513513513514,0.918918918918919,1.0,0.0,1.0,17.0,0.0,0.0,0.0
no_zone_tier,0,1,3600.0,141.0,0.03546099290780142,0.028368794326241134,0.0070921985815602835,1.0,1.0,0.0,0.9858156028368794,4.0,0.0,1.0,0.0
no_zone_tier,0,2,7200.0,107.0,0.028037383177570093,0.028037383177570093,0.0,1.0,1.0,0.0,1.0,3.0,0.0,0.0,0.0
no_zone_tier,0,3,10800.0,136.0,0.0661764705882353,0.051470588235294115,0.014705882352941176,0.9705882352941176,1.0,0.014705882352941176,0.9485294117647058,7.0,0.0,2.0,0.0
no_zone_tier,0,4,14400.0,105.0,0.05714285714285714,0.047619047619047616,0.009523809523809525,0.9904761904761905,1.0,0.009523809523809525,0.9714285714285714,5.0,0.0,1.0,0.0
no_zone_tier,0,5,18000.0,136.0,0.04411764705882353,0.029411764705882353,0.014705882352941176,1.0,1.0,0.014705882352941176,0.9705882352941176,4.0,0.0,2.0,0.0
no_zone_tier,0,6,21600.0,221.0,0.058823529411764705,0.04072398190045249,0.01809954751131222,0.9909502262443439,1.0,0.0,0.9547511312217195,8.0,1.0,4.0,0.0
no_zone_tier,0,7,25200.0,282.0,0.04609929078014184,0.028368794326241134,0.01773049645390071,0.9822695035460993,1.0,0.010638297872340425,0.9787234042553191,8.0,0.0,4.0,0.0
no_zone_tier,0,8,28800.0,284.0,0.07042253521126761,0.035211267605633804,0.035211267605633804,0.9788732394366197,1.0,0.02464788732394366,0.954225352112676,10.0,0.0,10.0,0.0
no_zone_tier,0,9,32400.0,320.0,0.115625,0.046875,0.06875,0.9875,1.0,0.040625,0.975,14.0,1.0,22.0,0.0
no_zone_tier,0,10,36000.0,315.0,0.09523809523809523,0.025396825396825397,0.06984126984126984,0.9936507936507937,1.0,0.03492063492063492,0.9523809523809523,7.0,1.0,22.0,0.0
no_zone_tier,0,11,39600.0,347.0,0.23054755043227665,0.04899135446685879,0.18155619596541786,0.9798270893371758,1.0,0.12968299711815562,0.9164265129682997,16.0,1.0,63.0,0.0
no_zone_tier,0,12,43200.0,331.0,0.3021148036253776,0.0755287009063444,0.22658610271903323,0.9425981873111783,1.0,0.18731117824773413,0.9214501510574018,24.0,1.0,75.0,0.0
no_zone_tier,0,13,46800.0,320.0,0.246875,0.01875,0.228125,0.99375,1.0,0.165625,0.88125,6.0,0.0,73.0,0.0
no_zone_tier,0,14,50400.0,310.0,0.23225806451612904,0.041935483870967745,0.19032258064516128,0.9774193548387097,1.0,0.15161290322580645,0.8387096774193549,13.0,0.0,59.0,0.0
no_zone_tier,0,15,54000.0,332.0,0.2289156626506024,0.0572289156626506,0.1716867469879518,0.9668674698795181,1.0,0.12650602409638553,0.8493975903614458,19.0,0.0,57.0,0.0
no_zone_tier,0,16,57600.0,310.0,0.1935483870967742,0.03870967741935484,0.15483870967741936,0.9838709677419355,1.0,0.12903225806451613,0.7741935483870968,11.0,1.0,48.0,0.0
no_zone_tier,0,17,61200.0,319.0,0.15673981191222572,0.02821316614420063,0.12852664576802508,0.9843260188087775,1.0,0.109717868338558,0.7711598746081505,9.0,0.0,41.0,0.0
no_zone_tier,0,18,64800.0,284.0,0.19014084507042253,0.035211267605633804,0.15492957746478872,0.9823943661971831,1.0,0.09859154929577464,0.8661971830985915,9.0,1.0,44.0,0.0
no_zone_tier,0,19,68400.0,293.0,0.20136518771331058,0.03754266211604096,0.16382252559726962,0.9965870307167235,1.0,0.11604095563139932,0.8839590443686007,11.0,0.0,48.0,0.0
no_zone_tier,0,20,72000.0,278.0,0.17985611510791366,0.03597122302158273,0.14388489208633093,0.9784172661870504,1.0,0.11870503597122302,0.920863309352518,9.0,1.0,40.0,0.0
no_zone_tier,0,21,75600.0,256.0,0.19140625,0.04296875,0.1484375,0.98828125,1.0,0.0859375,0.9140625,10.0,1.0,38.0,0.0
no_zone_tier,0,22,79200.0,248.0,0.1693548387096774,0.020161290322580645,0.14919354838709678,0.9959677419354839,1.0,0.0967741935483871,0.875,5.0,0.0,37.0,0.0
no_zone_tier,0,23,82800.0,177.0,0.10734463276836158,0.02824858757062147,0.07909604519774012,0.9774011299435028,1.0,0.07344632768361582,0.8757062146892656,5.0,0.0,14.0,0.0
no_zone_tier,1,0,0.0,180.0,0.14444444444444443,0.13333333333333333,0.011111111111111112,0.9166666666666666,1.0,0.0,1.0,24.0,0.0,0.0,0.0
no_zone_tier,1,1,3600.0,139.0,0.04316546762589928,0.04316546762589928,0.0,1.0,1.0,0.0,0.9784172661870504,6.0,0.0,0.0,0.0
no_zone_tier,1,2,7200.0,111.0,0.06306306306306306,0.04504504504504504,0.018018018018018018,1.0,1.0,0.018018018018018018,0.9819819819819819,5.0,0.0,2.0,0.0
no_zone_tier,1,3,10800.0,109.0,0.06422018348623854,0.045871559633027525,0.01834862385321101,0.963302752293578,1.0,0.01834862385321101,0.981651376146789,5.0,0.0,2.0,0.0
no_zone_tier,1,4,14400.0,95.0,0.031578947368421054,0.031578947368421054,0.0,1.0,1.0,0.0,0.9789473684210527,3.0,0.0,0.0,0.0
no_zone_tier,1,5,18000.0,114.0,0.017543859649122806,0.017543859649122806,0.0,1.0,1.0,0.0,0.9736842105263158,1.0,1.0,0.0,0.0
no_zone_tier,1,6,21600.0,207.0,0.04830917874396135,0.043478260869565216,0.004830917874396135,0.9903381642512077,1.0,0.004830917874396135,0.9806763285024155,8.0,1.0,1.0,0.0
no_zone_tier,1,7,25200.0,269.0,0.07063197026022305,0.04460966542750929,0.026022304832713755,0.9814126394052045,1.0,0.0037174721189591076,0.9814126394052045,11.0,1.0,6.0,0.0
no_zone_tier,1,8,28800.0,288.0,0.06944444444444445,0.024305555555555556,0.04513888888888889,0.9861111111111112,1.0,0.020833333333333332,0.9861111111111112,7.0,0.0,13.0,0.0
no_zone_tier,1,9,32400.0,308.0,0.06168831168831169,0.025974025974025976,0.03571428571428571,0.9967532467532467,1.0,0.00974025974025974,1.0,8.0,0.0,11.0,0.0
no_zone_tier,1,10,36000.0,328.0,0.12195121951219512,0.03048780487804878,0.09146341463414634,0.9878048780487805,1.0,0.054878048780487805,0.9786585365853658,9.0,1.0,29.0,0.0
no_zone_tier,1,11,39600.0,345.0,0.2608695652173913,0.034782608695652174,0.22608695652173913,0.9855072463768116,1.0,0.17101449275362318,0.9130434782608695,12.0,0.0,78.0,0.0
no_zone_tier,1,12,43200.0,336.0,0.29464285714285715,0.06547619047619048,0.22916666666666666,0.9464285714285714,1.0,0.17559523809523808,0.8660714285714286,22.0,0.0,77.0,0.0
no_zone_tier,1,13,46800.0,338.0,0.21597633136094674,0.020710059171597635,0.1952662721893491,0.9911242603550295,1.0,0.15384615384615385,0.8461538461538461,6.0,1.0,66.0,0.0
no_zone_tier,1,14,50400.0,316.0,0.17721518987341772,0.02531645569620253,0.1518987341772152,0.9778481012658228,1.0,0.12658227848101267,0.819620253164557,8.0,0.0,48.0,0.0
no_zone_tier,1,15,54000.0,352.0,0.16193181818181818,0.03125,0.13068181818181818,0.9857954545454546,1.0,0.11647727272727272,0.7443181818181818,11.0,0.0,46.0,0.0
no_zone_tier,1,16,57600.0,352.0,0.20170454545454544,0.03409090909090909,0.16761363636363635,0.9801136363636364,1.0,0.13068181818181818,0.7869318181818182,12.0,0.0,59.0,0.0
no_zone_tier,1,17,61200.0,292.0,0.1815068493150685,0.04794520547945205,0.13356164383561644,0.9794520547945206,1.0,0.11301369863013698,0.8493150684931506,14.0,0.0,39.0,0.0
no_zone_tier,1,18,64800.0,273.0,0.1684981684981685,0.02197802197802198,0.14652014652014653,0.989010989010989,1.0,0.12454212454212454,0.8498168498168498,6.0,0.0,39.0,0.0
no_zone_tier,1,19,68400.0,290.0,0.16896551724137931,0.03103448275862069,0.13793103448275862,0.993103448275862,1.0,0.1,0.8827586206896552,9.0,0.0,40.0,0.0
no_zone_tier,1,20,72000.0,284.0,0.25,0.028169014084507043,0.22183098591549297,0.9859154929577465,1.0,0.18661971830985916,0.9049295774647887,8.0,0.0,63.0,0.0
no_zone_tier,1,21,75600.0,272.0,0.16544117647058823,0.04779411764705882,0.11764705882352941,0.9816176470588235,1.0,0.08455882352941177,0.8970588235294118,12.0,1.0,32.0,0.0
no_zone_tier,1,22,79200.0,219.0,0.2009132420091324,0.0365296803652968,0.1643835616438356,0.9817351598173516,1.0,0.136986301369863,0.8904109589041096,8.0,0.0,36.0,0.0
no_zone_tier,1,23,82800.0,183.0,0.19672131147540983,0.04918032786885246,0.14754098360655737,0.9890710382513661,1.0,0.10382513661202186,0.9344262295081968,9.0,0.0,27.0,0.0
no_zone_tier,2,0,0.0,179.0,0.09497206703910614,0.08379888268156424,0.0111731843575419,0.9273743016759777,1.0,0.0,1.0,15.0,0.0,0.0,0.0
no_zone_tier,2,1,3600.0,126.0,0.047619047619047616,0.023809523809523808,0.023809523809523808,1.0,1.0,0.023809523809523808,0.9841269841269841,3.0,0.0,3.0,0.0
no_zone_tier,2,2,7200.0,127.0,0.05511811023622047,0.047244094488188976,0.007874015748031496,1.0,1.0,0.007874015748031496,0.984251968503937,6.0,0.0,1.0,0.0
no_zone_tier,2,3,10800.0,102.0,0.0784313725490196,0.049019607843137254,0.029411764705882353,0.9607843137254902,1.0,0.029411764705882353,0.9411764705882353,5.0,0.0,3.0,0.0
no_zone_tier,2,4,14400.0,104.0,0.057692307692307696,0.038461538461538464,0.019230769230769232,1.0,1.0,0.009615384615384616,0.9615384615384616,4.0,0.0,2.0,0.0
no_zone_tier,2,5,18000.0,134.0,0.08208955223880597,0.05970149253731343,0.022388059701492536,1.0,1.0,0.022388059701492536,0.9552238805970149,8.0,0.0,3.0,0.0
no_zone_tier,2,6,21600.0,213.0,0.051643192488262914,0.03286384976525822,0.018779342723004695,0.9906103286384976,1.0,0.014084507042253521,0.9671361502347418,7.0,0.0,3.0,0.0
no_zone_tier,2,7,25200.0,283.0,0.05653710247349823,0.045936395759717315,0.01060070671378092,0.9787985865724381,1.0,0.0,0.9752650176678446,12.0,1.0,3.0,0.0
no_zone_tier,2,8,28800.0,296.0,0.09121621621621621,0.04391891891891892,0.0472972972972973,0.9797297297297297,1.0,0.02027027027027027,0.9763513513513513,13.0,0.0,14.0,0.0
no_zone_tier,2,9,32400.0,301.0,0.10631229235880399,0.03986710963455149,0.0664451827242525,0.9900332225913622,1.0,0.026578073089700997,0.9800664451827242,11.0,1.0,20.0,0.0
no_zone_tier,2,10,36000.0,323.0,0.23219814241486067,0.04643962848297214,0.18575851393188855,0.9938080495356038,1.0,0.1238390092879257,0.9287925696594427,15.0,0.0,60.0,0.0
no_zone_tier,2,11,39600.0,337.0,0.2878338278931751,0.032640949554896145,0.2551928783382789,0.9821958456973294,1.0,0.18991097922848665,0.8931750741839762,10.0,1.0,86.0,0.0
no_zone_tier,2,12,43200.0,362.0,0.2569060773480663,0.06077348066298342,0.19613259668508287,0.9475138121546961,1.0,0.1685082872928177,0.8287292817679558,21.0,1.0,71.0,0.0
no_zone_tier,2,13,46800.0,301.0,0.19933554817275748,0.036544850498338874,0.16279069767441862,0.9867109634551495,1.0,0.12624584717607973,0.8704318936877077,11.0,0.0,49.0,0.0
no_zone_tier,2,14,50400.0,322.0,0.19875776397515527,0.034161490683229816,0.16459627329192547,0.984472049689441,1.0,0.14285714285714285,0.8322981366459627,11.0,0.0,53.0,0.0
no_zone_tier,2,15,54000.0,327.0,0.20489296636085627,0.045871559633027525,0.15902140672782875,0.9877675840978594,1.0,0.11009174311926606,0.8685015290519877,15.0,0.0,52.0,0.0
no_zone_tier,2,16,57600.0,311.0,0.2090032154340836,0.04823151125401929,0.1607717041800643,0.9710610932475884,1.0,0.11254019292604502,0.8617363344051447,14.0,1.0,50.0,0.0
no_zone_tier,2,17,61200.0,316.0,0.18670886075949367,0.05063291139240506,0.1360759493670886,0.9778481012658228,1.0,0.0949367088607595,0.870253164556962,16.0,0.0,43.0,0.0
no_zone_tier,2,18,64800.0,306.0,0.19607843137254902,0.03594771241830065,0.16013071895424835,0.9836601307189542,1.0,0.13071895424836602,0.8496732026143791,10.0,1.0,49.0,0.0
no_zone_tier,2,19,68400.0,291.0,0.18556701030927836,0.03436426116838488,0.15120274914089346,0.993127147766323,1.0,0.12027491408934708,0.852233676975945,10.0,0.0,44.0,0.0
no_zone_tier,2,20,72000.0,258.0,0.24806201550387597,0.046511627906976744,0.20155038759689922,0.9806201550387597,1.0,0.16666666666666666,0.8798449612403101,12.0,0.0,52.0,0.0
no_zone_tier,2,21,75600.0,259.0,0.18532818532818532,0.019305019305019305,0.16602316602316602,0.9922779922779923,1.0,0.13513513513513514,0.8494208494208494,5.0,0.0,43.0,0.0
no_zone_tier,2,22,79200.0,220.0,0.19545454545454546,0.05454545454545454,0.1409090909090909,0.9818181818181818,1.0,0.11818181818181818,0.85,12.0,0.0,31.0,0.0
no_zone_tier,2,23,82800.0,202.0,0.15841584158415842,0.009900990099009901,0.1485148514851485,0.995049504950495,1.0,0.12376237623762376,0.8811881188118812,2.0,0.0,30.0,0.0
no_zone_tier,3,0,0.0,141.0,0.1347517730496454,0.12056737588652482,0.014184397163120567,0.9148936170212766,1.0,0.0,1.0,17.0,0.0,0.0,0.0
no_zone_tier,3,1,3600.0,130.0,0.06153846153846154,0.05384615384615385,0.007692307692307693,1.0,1.0,0.0,0.9923076923076923,7.0,0.0,1.0,0.0
no_zone_tier,3,2,7200.0,130.0,0.06153846153846154,0.05384615384615385,0.007692307692307693,1.0,1.0,0.007692307692307693,0.9615384615384616,7.0,0.0,1.0,0.0
no_zone_tier,3,3,10800.0,117.0,0.05982905982905983,0.05128205128205128,0.008547008547008548,0.9658119658119658,1.0,0.008547008547008548,0.9829059829059829,6.0,0.0,1.0,0.0
no_zone_tier,3,4,14400.0,112.0,0.044642857142857144,0.044642857142857144,0.0,1.0,1.0,0.0,0.9821428571428571,4.0,1.0,0.0,0.0
no_zone_tier,3,5,18000.0,133.0,0.08270676691729323,0.045112781954887216,0.03759398496240601,0.9924812030075187,1.0,0.007518796992481203,0.9924812030075187,6.0,0.0,5.0,0.0
no_zone_tier,3,6,21600.0,216.0,0.046296296296296294,0.009259259259259259,0.037037037037037035,0.9953703703703703,1.0,0.032407407407407406,0.9490740740740741,2.0,0.0,7.0,0.0
no_zone_tier,3,7,25200.0,264.0,0.05303030303030303,0.03409090909090909,0.01893939393939394,0.9848484848484849,1.0,0.003787878787878788,0.9507575757575758,8.0,1.0,5.0,0.0
no_zone_tier,3,8,28800.0,335.0,0.09850746268656717,0.03283582089552239,0.06567164179104477,0.9791044776119403,1.0,0.03582089552238806,0.9850746268656716,11.0,0.0,22.0,0.0
no_zone_tier,3,9,32400.0,345.0,0.2463768115942029,0.020289855072463767,0.22608695652173913,0.991304347826087,1.0,0.13333333333333333,0.9420289855072463,7.0,0.0,78.0,0.0
no_zone_tier,3,10,36000.0,312.0,0.21794871794871795,0.03205128205128205,0.1858974358974359,0.9935897435897436,1.0,0.14102564102564102,0.9294871794871795,10.0,0.0,58.0,0.0
no_zone_tier,3,11,39600.0,300.0,0.2866666666666667,0.06333333333333334,0.22333333333333333,0.9733333333333334,1.0,0.19,0.9,17.0,2.0,67.0,0.0
no_zone_tier,3,12,43200.0,326.0,0.25153374233128833,0.0705521472392638,0.18098159509202455,0.941717791411043,1.0,0.1411042944785276,0.8680981595092024,22.0,1.0,59.0,0.0
no_zone_tier,3,13,46800.0,334.0,0.15269461077844312,0.023952095808383235,0.12874251497005987,0.9850299401197605,1.0,0.09880239520958084,0.9191616766467066,8.0,0.0,43.0,0.0
no_zone_tier,3,14,50400.0,324.0,0.14506172839506173,0.033950617283950615,0.1111111111111111,0.9845679012345679,1.0,0.08333333333333333,0.9197530864197531,11.0,0.0,36.0,0.0
no_zone_tier,3,15,54000.0,333.0,0.2132132132132132,0.03303303303303303,0.18018018018018017,0.9819819819819819,1.0,0.13813813813813813,0.8408408408408409,11.0,0.0,60.0,0.0
no_zone_tier,3,16,57600.0,338.0,0.27218934911242604,0.05029585798816568,0.22189349112426035,0.9763313609467456,1.0,0.16863905325443787,0.7751479289940828,17.0,0.0,75.0,0.0
no_zone_tier,3,17,61200.0,317.0,0.3028391167192429,0.028391167192429023,0.2744479495268139,0.9842271293375394,1.0,0.20504731861198738,0.8233438485804416,9.0,0.0,87.0,0.0
no_zone_tier,3,18,64800.0,288.0,0.1840277777777778,0.03125,0.1527777777777778,0.9826388888888888,1.0,0.1076388888888889,0.8194444444444444,9.0,0.0,44.0,0.0
no_zone_tier,3,19,68400.0,282.0,0.1524822695035461,0.01773049645390071,0.1347517730496454,0.9964539007092199,1.0,0.09929078014184398,0.7730496453900709,5.0,0.0,38.0,0.0
no_zone_tier,3,20,72000.0,259.0,0.20463320463320464,0.03474903474903475,0.16988416988416988,0.9806949806949807,1.0,0.1583011583011583,0.8532818532818532,8.0,1.0,44.0,0.0
no_zone_tier,3,21,75600.0,247.0,0.13360323886639677,0.02834008097165992,0.10526315789473684,0.9959514170040485,1.0,0.09716599190283401,0.9109311740890689,6.0,1.0,26.0,0.0
no_zone_tier,3,22,79200.0,207.0,0.10628019323671498,0.014492753623188406,0.09178743961352658,0.9855072463768116,1.0,0.07246376811594203,0.9130434782608695,3.0,0.0,19.0,0.0
no_zone_tier,3,23,82800.0,210.0,0.16666666666666666,0.047619047619047616,0.11904761904761904,0.9857142857142858,1.0,0.1,0.9047619047619048,9.0,1.0,25.0,0.0
no_zone_tier,4,0,0.0,157.0,0.1337579617834395,0.11464968152866242,0.01910828025477707,0.9235668789808917,1.0,0.006369426751592357,0.9872611464968153,18.0,0.0,1.0,0.0
no_zone_tier,4,1,3600.0,129.0,0.031007751937984496,0.031007751937984496,0.0,1.0,1.0,0.0,0.9767441860465116,4.0,0.0,0.0,0.0
no_zone_tier,4,2,7200.0,127.0,0.03937007874015748,0.031496062992125984,0.007874015748031496,1.0,1.0,0.007874015748031496,0.952755905511811,3.0,1.0,1.0,0.0
no_zone_tier,4,3,10800.0,108.0,0.05555555555555555,0.046296296296296294,0.009259259259259259,0.9722222222222222,1.0,0.009259259259259259,0.9722222222222222,5.0,0.0,1.0,0.0
no_zone_tier,4,4,14400.0,122.0,0.05737704918032787,0.03278688524590164,0.02459016393442623,0.9918032786885246,1.0,0.00819672131147541,1.0,4.0,0.0,3.0,0.0
no_zone_tier,4,5,18000.0,127.0,0.047244094488188976,0.023622047244094488,0.023622047244094488,0.9921259842519685,1.0,0.015748031496062992,0.9921259842519685,3.0,0.0,3.0,0.0
no_zone_tier,4,6,21600.0,214.0,0.037383177570093455,0.028037383177570093,0.009345794392523364,0.9906542056074766,1.0,0.0,0.9953271028037384,5.0,1.0,1.0,0.0
no_zone_tier,4,7,25200.0,264.0,0.04924242424242424,0.03787878787878788,0.011363636363636364,0.9810606060606061,1.0,0.003787878787878788,0.9734848484848485,10.0,0.0,3.0,0.0
no_zone_tier,4,8,28800.0,316.0,0.10443037974683544,0.03481012658227848,0.06962025316455696,0.9841772151898734,1.0,0.028481012658227847,0.9493670886075949,11.0,0.0,21.0,0.0
no_zone_tier,4,9,32400.0,321.0,0.1308411214953271,0.056074766355140186,0.07476635514018691,0.9875389408099688,1.0,0.06230529595015576,0.9470404984423676,17.0,1.0,24.0,0.0
no_zone_tier,4,10,36000.0,301.0,0.1362126245847176,0.029900332225913623,0.10631229235880399,0.9933554817275747,1.0,0.06976744186046512,0.9667774086378738,9.0,0.0,32.0,0.0
no_zone_tier,4,11,39600.0,328.0,0.24695121951219512,0.051829268292682924,0.1951219512195122,0.9725609756097561,1.0,0.15548780487804878,0.9298780487804879,17.0,0.0,64.0,0.0
no_zone_tier,4,12,43200.0,334.0,0.18263473053892215,0.06287425149700598,0.11976047904191617,0.9550898203592815,1.0,0.08982035928143713,0.9221556886227545,20.0,1.0,40.0,0.0
no_zone_tier,4,13,46800.0,331.0,0.19637462235649547,0.045317220543806644,0.1510574018126888,0.9848942598187311,1.0,0.10574018126888217,0.9093655589123867,13.0,2.0,50.0,0.0
no_zone_tier,4,14,50400.0,320.0,0.190625,0.053125,0.1375,0.984375,1.0,0.090625,0.921875,17.0,0.0,44.0,0.0
no_zone_tier,4,15,54000.0,320.0,0.246875,0.034375,0.2125,0.984375,1.0,0.165625,0.86875,11.0,0.0,68.0,0.0
no_zone_tier,4,16,57600.0,291.0,0.18900343642611683,0.03436426116838488,0.15463917525773196,0.979381443298969,1.0,0.12371134020618557,0.9415807560137457,10.0,0.0,45.0,0.0
no_zone_tier,4,17,61200.0,308.0,0.20454545454545456,0.03571428571428571,0.16883116883116883,0.9837662337662337,1.0,0.12012987012987013,0.935064935064935,10.0,1.0,52.0,0.0
no_zone_tier,4,18,64800.0,326.0,0.23006134969325154,0.03067484662576687,0.19938650306748465,0.9846625766871165,1.0,0.15950920245398773,0.8987730061349694,10.0,0.0,65.0,0.0
no_zone_tier,4,19,68400.0,320.0,0.2,0.01875,0.18125,0.9875,1.0,0.159375,0.8875,6.0,0.0,58.0,0.0
no_zone_tier,4,20,72000.0,262.0,0.14885496183206107,0.04961832061068702,0.09923664122137404,0.9847328244274809,1.0,0.09541984732824428,0.9274809160305344,13.0,0.0,26.0,0.0
no_zone_tier,4,21,75600.0,269.0,0.22676579925650558,0.03345724907063197,0.19330855018587362,0.9851301115241635,1.0,0.15985130111524162,0.9330855018587361,9.0,0.0,52.0,0.0
no_zone_tier,4,22,79200.0,228.0,0.07017543859649122,0.03070175438596491,0.039473684210526314,0.9824561403508771,1.0,0.039473684210526314,0.9517543859649122,7.0,0.0,9.0,0.0
no_zone_tier,4,23,82800.0,177.0,0.096045197740113,0.062146892655367235,0.03389830508474576,0.9943502824858758,1.0,0.03389830508474576,0.9661016949152542,11.0,0.0,6.0,0.0
no_cross_zone,0,0,0.0,148.0,0.10810810810810811,0.10810810810810811,0.0,0.918918918918919,0.0,0.0,1.0,16.0,0.0,0.0,0.0
no_cross_zone,0,1,3600.0,141.0,0.02127659574468085,0.02127659574468085,0.0,1.0,0.014184397163120567,0.0,0.9858156028368794,3.0,0.0,0.0,0.0
no_cross_zone,0,2,7200.0,107.0,0.037383177570093455,0.037383177570093455,0.0,1.0,0.0,0.0,1.0,4.0,0.0,0.0,0.0
no_cross_zone,0,3,10800.0,136.0,0.07352941176470588,0.051470588235294115,0.022058823529411766,0.9705882352941176,0.08823529411764706,0.022058823529411766,0.9338235294117647,7.0,0.0,3.0,0.0
no_cross_zone,0,4,14400.0,105.0,0.0380952380952381,0.0380952380952381,0.0,0.9904761904761905,0.047619047619047616,0.0,0.9619047619047619,4.0,0.0,0.0,0.0
no_cross_zone,0,5,18000.0,136.0,0.04411764705882353,0.014705882352941176,0.029411764705882353,1.0,0.09558823529411764,0.029411764705882353,0.9485294117647058,0.0,2.0,4.0,0.0
no_cross_zone,0,6,21600.0,221.0,0.04524886877828054,0.03167420814479638,0.013574660633484163,0.9909502262443439,0.08597285067873303,0.00904977375565611,0.9411764705882353,6.0,1.0,3.0,0.0
no_cross_zone,0,7,25200.0,282.0,0.08865248226950355,0.05319148936170213,0.03546099290780142,0.9822695035460993,0.13829787234042554,0.031914893617021274,0.9184397163120568,15.0,0.0,9.0,0.0
no_cross_zone,0,8,28800.0,284.0,0.09859154929577464,0.045774647887323945,0.0528169014084507,0.9788732394366197,0.13380281690140844,0.04225352112676056,0.9154929577464789,13.0,0.0,14.0,0.0
no_cross_zone,0,9,32400.0,320.0,0.090625,0.028125,0.0625,0.9875,0.140625,0.046875,0.95,7.0,2.0,20.0,0.0
no_cross_zone,0,10,36000.0,315.0,0.06666666666666667,0.012698412698412698,0.05396825396825397,0.9936507936507937,0.18095238095238095,0.047619047619047616,0.9174603174603174,4.0,0.0,17.0,0.0
no_cross_zone,0,11,39600.0,347.0,0.0893371757925072,0.0345821325648415,0.05475504322766571,0.9798270893371758,0.24495677233429394,0.04899135446685879,0.8847262247838616,11.0,1.0,19.0,0.0
no_cross_zone,0,12,43200.0,331.0,0.12084592145015106,0.06948640483383686,0.0513595166163142,0.9425981873111783,0.2326283987915408,0.045317220543806644,0.9123867069486404,23.0,0.0,16.0,0.0
no_cross_zone,0,13,46800.0,320.0,0.090625,0.025,0.065625,0.99375,0.396875,0.046875,0.790625,8.0,0.0,21.0,0.0
no_cross_zone,0,14,50400.0,310.0,0.0935483870967742,0.041935483870967745,0.05161290322580645,0.9774193548387097,0.38064516129032255,0.041935483870967745,0.7935483870967742,13.0,0.0,16.0,0.0
no_cross_zone,0,15,54000.0,332.0,0.13855421686746988,0.060240963855421686,0.0783132530120482,0.9668674698795181,0.46686746987951805,0.06927710843373494,0.7379518072289156,18.0,2.0,26.0,0.0
no_cross_zone,0,16,57600.0,310.0,0.1,0.025806451612903226,0.07419354838709677,0.9838709677419355,0.4483870967741935,0.07096774193548387,0.7612903225806451,8.0,0.0,23.0,0.0
no_cross_zone,0,17,61200.0,319.0,0.09404388714733543,0.025078369905956112,0.06896551724137931,0.9843260188087775,0.49216300940438873,0.06269592476489028,0.7335423197492164,8.0,0.0,22.0,0.0
no_cross_zone,0,18,64800.0,284.0,0.09859154929577464,0.04225352112676056,0.056338028169014086,0.9823943661971831,0.35563380281690143,0.04225352112676056,0.8345070422535211,12.0,0.0,16.0,0.0
no_cross_zone,0,19,68400.0,293.0,0.07849829351535836,0.040955631399317405,0.03754266211604096,0.9965870307167235,0.35494880546075086,0.03754266211604096,0.8054607508532423,12.0,0.0,11.0,0.0
no_cross_zone,0,20,72000.0,278.0,0.09712230215827339,0.04316546762589928,0.0539568345323741,0.9784172661870504,0.3381294964028777,0.050359712230215826,0.8489208633093526,11.0,1.0,15.0,0.0
no_cross_zone,0,21,75600.0,256.0,0.0703125,0.02734375,0.04296875,0.98828125,0.27734375,0.0390625,0.87109375,5.0,2.0,11.0,0.0
no_cross_zone,0,22,79200.0,248.0,0.07258064516129033,0.028225806451612902,0.04435483870967742,0.9959677419354839,0.36693548387096775,0.04435483870967742,0.8548387096774194,7.0,0.0,11.0,0.0
no_cross_zone,0,23,82800.0,177.0,0.11299435028248588,0.03389830508474576,0.07909604519774012,0.9774011299435028,0.423728813559322,0.07909604519774012,0.8305084745762712,6.0,0.0,14.0,0.0
no_cross_zone,1,0,0.0,180.0,0.11666666666666667,0.11666666666666667,0.0,0.9166666666666666,0.0,0.0,1.0,21.0,0.0,0.0,0.0
no_cross_zone,1,1,3600.0,139.0,0.050359712230215826,0.02877697841726619,0.02158273381294964,1.0,0.02158273381294964,0.02158273381294964,1.0,4.0,0.0,3.0,0.0
no_cross_zone,1,2,7200.0,111.0,0.06306306306306306,0.04504504504504504,0.018018018018018018,1.0,0.036036036036036036,0.018018018018018018,0.9819819819819819,4.0,1.0,2.0,0.0
no_cross_zone,1,3,10800.0,109.0,0.08256880733944955,0.06422018348623854,0.01834862385321101,0.963302752293578,0.027522935779816515,0.01834862385321101,0.9908256880733946,7.0,0.0,2.0,0.0
no_cross_zone,1,4,14400.0,95.0,0.042105263157894736,0.021052631578947368,0.021052631578947368,1.0,0.031578947368421054,0.010526315789473684,0.9789473684210527,2.0,0.0,2.0,0.0
no_cross_zone,1,5,18000.0,114.0,0.043859649122807015,0.03508771929824561,0.008771929824561403,1.0,0.03508771929824561,0.008771929824561403,0.9824561403508771,4.0,0.0,1.0,0.0
no_cross_zone,1,6,21600.0,207.0,0.06280193236714976,0.03864734299516908,0.024154589371980676,0.9903381642512077,0.05314009661835749,0.024154589371980676,0.9806763285024155,7.0,1.0,5.0,0.0
no_cross_zone,1,7,25200.0,269.0,0.06691449814126393,0.03717472118959108,0.02973977695167286,0.9814126394052045,0.08921933085501858,0.02973977695167286,0.9479553903345725,9.0,1.0,8.0,0.0
no_cross_zone,1,8,28800.0,288.0,0.05555555555555555,0.03819444444444445,0.017361111111111112,0.9861111111111112,0.09375,0.017361111111111112,0.9340277777777778,10.0,1.0,5.0,0.0
no_cross_zone,1,9,32400.0,308.0,0.09740259740259741,0.025974025974025976,0.07142857142857142,0.9967532467532467,0.17857142857142858,0.05844155844155844,0.9448051948051948,8.0,0.0,22.0,0.0
no_cross_zone,1,10,36000.0,328.0,0.13414634146341464,0.039634146341463415,0.09451219512195122,0.9878048780487805,0.27134146341463417,0.08536585365853659,0.9115853658536586,12.0,1.0,30.0,0.0
no_cross_zone,1,11,39600.0,345.0,0.12173913043478261,0.03768115942028986,0.08405797101449275,0.9855072463768116,0.3536231884057971,0.06956521739130435,0.8521739130434782,13.0,0.0,29.0,0.0
no_cross_zone,1,12,43200.0,336.0,0.12797619047619047,0.08035714285714286,0.047619047619047616,0.9464285714285714,0.4017857142857143,0.047619047619047616,0.7976190476190477,27.0,0.0,16.0,0.0
no_cross_zone,1,13,46800.0,338.0,0.09171597633136094,0.026627218934911243,0.0650887573964497,0.9911242603550295,0.3757396449704142,0.05621301775147929,0.8402366863905325,9.0,0.0,22.0,0.0
no_cross_zone,1,14,50400.0,316.0,0.13924050632911392,0.03164556962025317,0.10759493670886076,0.9778481012658228,0.45569620253164556,0.10126582278481013,0.8386075949367089,9.0,1.0,34.0,0.0
no_cross_zone,1,15,54000.0,352.0,0.10511363636363637,0.03977272727272727,0.06534090909090909,0.9857954545454546,0.42329545454545453,0.05965909090909091,0.7926136363636364,14.0,0.0,23.0,0.0
no_cross_zone,1,16,57600.0,352.0,0.125,0.045454545454545456,0.07954545454545454,0.9801136363636364,0.48011363636363635,0.07386363636363637,0.7642045454545454,15.0,1.0,28.0,0.0
no_cross_zone,1,17,61200.0,292.0,0.0958904109589041,0.0410958904109589,0.0547945205479452,0.9794520547945206,0.4417808219178082,0.0547945205479452,0.7671232876712328,12.0,0.0,16.0,0.0
no_cross_zone,1,18,64800.0,273.0,0.047619047619047616,0.02564102564102564,0.02197802197802198,0.989010989010989,0.3956043956043956,0.02197802197802198,0.7728937728937729,7.0,0.0,6.0,0.0
no_cross_zone,1,19,68400.0,290.0,0.07241379310344828,0.020689655172413793,0.05172413793103448,0.993103448275862,0.35172413793103446,0.041379310344827586,0.8620689655172413,5.0,1.0,15.0,0.0
no_cross_zone,1,20,72000.0,284.0,0.07394366197183098,0.03169014084507042,0.04225352112676056,0.9859154929577465,0.3415492957746479,0.04225352112676056,0.8908450704225352,9.0,0.0,12.0,0.0
no_cross_zone,1,21,75600.0,272.0,0.07720588235294118,0.04779411764705882,0.029411764705882353,0.9816176470588235,0.29044117647058826,0.025735294117647058,0.8713235294117647,13.0,0.0,8.0,0.0
no_cross_zone,1,22,79200.0,219.0,0.0776255707762557,0.0410958904109589,0.0365296803652968,0.9817351598173516,0.3059360730593607,0.0365296803652968,0.8767123287671232,9.0,0.0,8.0,0.0
no_cross_zone,1,23,82800.0,183.0,0.07650273224043716,0.04371584699453552,0.03278688524590164,0.9890710382513661,0.31693989071038253,0.03278688524590164,0.9016393442622951,7.0,1.0,6.0,0.0
no_cross_zone,2,0,0.0,179.0,0.12849162011173185,0.12290502793296089,0.00558659217877095,0.9217877094972067,0.0,0.0,1.0,21.0,1.0,1.0,0.0
no_cross_zone,2,1,3600.0,126.0,0.07142857142857142,0.03968253968253968,0.031746031746031744,1.0,0.05555555555555555,0.031746031746031744,0.9841269841269841,5.0,0.0,4.0,0.0
no_cross_zone,2,2,7200.0,127.0,0.015748031496062992,0.0,0.015748031496062992,1.0,0.07086614173228346,0.015748031496062992,0.952755905511811,0.0,0.0,2.0,0.0
no_cross_zone,2,3,10800.0,102.0,0.08823529411764706,0.0392156862745098,0.049019607843137254,0.9705882352941176,0.10784313725490197,0.0392156862745098,0.9313725490196079,4.0,0.0,5.0,0.0
no_cross_zone,2,4,14400.0,104.0,0.0673076923076923,0.038461538461538464,0.028846153846153848,1.0,0.07692307692307693,0.019230769230769232,0.9519230769230769,4.0,0.0,3.0,0.0
no_cross_zone,2,5,18000.0,134.0,0.04477611940298507,0.029850746268656716,0.014925373134328358,1.0,0.07462686567164178,0.014925373134328358,0.9552238805970149,4.0,0.0,2.0,0.0
no_cross_zone,2,6,21600.0,213.0,0.051643192488262914,0.028169014084507043,0.023474178403755867,0.9906103286384976,0.06572769953051644,0.018779342723004695,0.971830985915493,6.0,0.0,4.0,0.0
no_cross_zone,2,7,25200.0,283.0,0.04946996466431095,0.0353356890459364,0.014134275618374558,0.9787985865724381,0.0812720848056537,0.01060070671378092,0.9540636042402827,10.0,0.0,3.0,0.0
no_cross_zone,2,8,28800.0,296.0,0.060810810810810814,0.033783783783783786,0.02702702702702703,0.9797297297297297,0.12162162162162163,0.02364864864864865,0.9324324324324325,10.0,0.0,8.0,0.0
no_cross_zone,2,9,32400.0,301.0,0.09966777408637874,0.023255813953488372,0.07641196013289037,0.9900332225913622,0.20930232558139536,0.06976744186046512,0.893687707641196,7.0,0.0,22.0,0.0
no_cross_zone,2,10,36000.0,323.0,0.10526315789473684,0.02476780185758514,0.0804953560371517,0.9938080495356038,0.25077399380804954,0.07430340557275542,0.8668730650154799,8.0,0.0,26.0,0.0
no_cross_zone,2,11,39600.0,337.0,0.10682492581602374,0.02967359050445104,0.0771513353115727,0.9821958456973294,0.3115727002967359,0.0712166172106825,0.8397626112759644,10.0,0.0,26.0,0.0
no_cross_zone,2,12,43200.0,362.0,0.1850828729281768,0.06906077348066299,0.11602209944751381,0.9475138121546961,0.42265193370165743,0.10773480662983426,0.8149171270718232,25.0,0.0,42.0,0.0
no_cross_zone,2,13,46800.0,301.0,0.08305647840531562,0.029900332225913623,0.053156146179401995,0.9867109634551495,0.3222591362126246,0.04318936877076412,0.8538205980066446,8.0,1.0,16.0,0.0
no_cross_zone,2,14,50400.0,322.0,0.07763975155279502,0.034161490683229816,0.043478260869565216,0.984472049689441,0.4409937888198758,0.034161490683229816,0.7795031055900621,10.0,1.0,14.0,0.0
no_cross_zone,2,15,54000.0,327.0,0.09174311926605505,0.03363914373088685,0.0581039755351682,0.9877675840978594,0.42201834862385323,0.0581039755351682,0.7859327217125383,11.0,0.0,19.0,0.0
no_cross_zone,2,16,57600.0,311.0,0.10932475884244373,0.05144694533762058,0.05787781350482315,0.9710610932475884,0.40514469453376206,0.05144694533762058,0.8070739549839229,16.0,0.0,18.0,0.0
no_cross_zone,2,17,61200.0,316.0,0.08544303797468354,0.05063291139240506,0.03481012658227848,0.9778481012658228,0.4272151898734177,0.03481012658227848,0.7784810126582279,16.0,0.0,11.0,0.0
no_cross_zone,2,18,64800.0,306.0,0.08496732026143791,0.03594771241830065,0.049019607843137254,0.9836601307189542,0.434640522875817,0.0457516339869281,0.7973856209150327,10.0,1.0,15.0,0.0
no_cross_zone,2,19,68400.0,291.0,0.08934707903780069,0.020618556701030927,0.06872852233676977,0.993127147766323,0.44329896907216493,0.06529209621993128,0.7731958762886598,6.0,0.0,20.0,0.0
no_cross_zone,2,20,72000.0,258.0,0.08139534883720931,0.050387596899224806,0.031007751937984496,0.9806201550387597,0.38372093023255816,0.031007751937984496,0.7751937984496124,13.0,0.0,8.0,0.0
no_cross_zone,2,21,75600.0,259.0,0.05019305019305019,0.023166023166023165,0.02702702702702703,0.9922779922779923,0.38223938223938225,0.02702702702702703,0.7876447876447876,5.0,1.0,7.0,0.0
no_cross_zone,2,22,79200.0,220.0,0.10454545454545454,0.05,0.05454545454545454,0.9818181818181818,0.37727272727272726,0.05454545454545454,0.7954545454545454,10.0,1.0,12.0,0.0
no_cross_zone,2,23,82800.0,202.0,0.04455445544554455,0.019801980198019802,0.024752475247524754,0.995049504950495,0.35148514851485146,0.024752475247524754,0.806930693069307,4.0,0.0,5.0,0.0
no_cross_zone,3,0,0.0,141.0,0.12056737588652482,0.11347517730496454,0.0070921985815602835,0.9148936170212766,0.0,0.0,1.0,16.0,0.0,1.0,0.0
no_cross_zone,3,1,3600.0,130.0,0.05384615384615385,0.05384615384615385,0.0,1.0,0.007692307692307693,0.0,0.9923076923076923,6.0,1.0,0.0,0.0
no_cross_zone,3,2,7200.0,130.0,0.06153846153846154,0.046153846153846156,0.015384615384615385,1.0,0.038461538461538464,0.015384615384615385,0.9769230769230769,5.0,1.0,2.0,0.0
no_cross_zone,3,3,10800.0,117.0,0.05982905982905983,0.05128205128205128,0.008547008547008548,0.9658119658119658,0.02564102564102564,0.008547008547008548,0.9829059829059829,6.0,0.0,1.0,0.0
no_cross_zone,3,4,14400.0,112.0,0.03571428571428571,0.026785714285714284,0.008928571428571428,1.0,0.008928571428571428,0.0,0.9910714285714286,2.0,1.0,1.0,0.0
no_cross_zone,3,5,18000.0,133.0,0.07518796992481203,0.022556390977443608,0.05263157894736842,0.9924812030075187,0.06015037593984962,0.03759398496240601,0.9774436090225563,3.0,0.0,7.0,0.0
no_cross_zone,3,6,21600.0,216.0,0.05555555555555555,0.013888888888888888,0.041666666666666664,0.9953703703703703,0.08796296296296297,0.027777777777777776,0.9583333333333334,2.0,1.0,9.0,0.0
no_cross_zone,3,7,25200.0,264.0,0.07196969696969698,0.045454545454545456,0.026515151515151516,0.9848484848484849,0.11742424242424243,0.022727272727272728,0.9583333333333334,11.0,1.0,6.0,0.0
no_cross_zone,3,8,28800.0,335.0,0.10746268656716418,0.03582089552238806,0.07164179104477612,0.9791044776119403,0.16119402985074627,0.04776119402985075,0.9373134328358209,12.0,0.0,23.0,0.0
no_cross_zone,3,9,32400.0,345.0,0.11304347826086956,0.02608695652173913,0.08695652173913043,0.991304347826087,0.2956521739130435,0.07246376811594203,0.881159420289855,8.0,1.0,30.0,0.0
no_cross_zone,3,10,36000.0,312.0,0.10576923076923077,0.03205128205128205,0.07371794871794872,0.9935897435897436,0.27884615384615385,0.060897435897435896,0.8846153846153846,10.0,0.0,23.0,0.0
no_cross_zone,3,11,39600.0,300.0,0.12,0.04,0.08,0.9733333333333334,0.31666666666666665,0.07333333333333333,0.89,12.0,0.0,24.0,0.0
no_cross_zone,3,12,43200.0,326.0,0.1411042944785276,0.0705521472392638,0.0705521472392638,0.941717791411043,0.31901840490797545,0.06748466257668712,0.8742331288343558,22.0,1.0,23.0,0.0
no_cross_zone,3,13,46800.0,334.0,0.12574850299401197,0.029940119760479042,0.09580838323353294,0.9850299401197605,0.37425149700598803,0.0718562874251497,0.8682634730538922,10.0,0.0,32.0,0.0
no_cross_zone,3,14,50400.0,324.0,0.09876543209876543,0.04938271604938271,0.04938271604938271,0.9845679012345679,0.3487654320987654,0.046296296296296294,0.8425925925925926,15.0,1.0,16.0,0.0
no_cross_zone,3,15,54000.0,333.0,0.0990990990990991,0.042042042042042045,0.057057057057057055,0.9819819819819819,0.3993993993993994,0.042042042042042045,0.7657657657657657,13.0,1.0,19.0,0.0
no_cross_zone,3,16,57600.0,338.0,0.14497041420118342,0.05621301775147929,0.08875739644970414,0.9763313609467456,0.46745562130177515,0.07692307692307693,0.7692307692307693,19.0,0.0,30.0,0.0
no_cross_zone,3,17,61200.0,317.0,0.11987381703470032,0.022082018927444796,0.09779179810725552,0.9842271293375394,0.4889589905362776,0.0946372239747634,0.8107255520504731,7.0,0.0,31.0,0.0
no_cross_zone,3,18,64800.0,288.0,0.1076388888888889,0.034722222222222224,0.07291666666666667,0.9826388888888888,0.4722222222222222,0.06597222222222222,0.7777777777777778,10.0,0.0,21.0,0.0
no_cross_zone,3,19,68400.0,282.0,0.10283687943262411,0.028368794326241134,0.07446808510638298,0.9964539007092199,0.5106382978723404,0.07092198581560284,0.723404255319149,8.0,0.0,21.0,0.0
no_cross_zone,3,20,72000.0,259.0,0.05405405405405406,0.023166023166023165,0.03088803088803089,0.9806949806949807,0.40540540540540543,0.019305019305019305,0.7335907335907336,6.0,0.0,8.0,0.0
no_cross_zone,3,21,75600.0,247.0,0.07692307692307693,0.02834008097165992,0.048582995951417005,0.9959514170040485,0.32388663967611336,0.04048582995951417,0.8299595141700404,7.0,0.0,12.0,0.0
no_cross_zone,3,22,79200.0,207.0,0.06280193236714976,0.033816425120772944,0.028985507246376812,0.9855072463768116,0.357487922705314,0.028985507246376812,0.8260869565217391,7.0,0.0,6.0,0.0
no_cross_zone,3,23,82800.0,210.0,0.0761904761904762,0.0380952380952381,0.0380952380952381,0.9857142857142858,0.319047619047619,0.02857142857142857,0.819047619047619,7.0,1.0,8.0,0.0
no_cross_zone,4,0,0.0,157.0,0.14012738853503184,0.12738853503184713,0.012738853503184714,0.9235668789808917,0.006369426751592357,0.0,0.9936305732484076,20.0,0.0,2.0,0.0
no_cross_zone,4,1,3600.0,129.0,0.03875968992248062,0.023255813953488372,0.015503875968992248,1.0,0.015503875968992248,0.007751937984496124,0.9922480620155039,3.0,0.0,2.0,0.0
no_cross_zone,4,2,7200.0,127.0,0.03937007874015748,0.031496062992125984,0.007874015748031496,1.0,0.06299212598425197,0.007874015748031496,0.9448818897637795,4.0,0.0,1.0,0.0
no_cross_zone,4,3,10800.0,108.0,0.037037037037037035,0.037037037037037035,0.0,0.9722222222222222,0.05555555555555555,0.0,0.9444444444444444,4.0,0.0,0.0,0.0
no_cross_zone,4,4,14400.0,122.0,0.040983606557377046,0.03278688524590164,0.00819672131147541,0.9918032786885246,0.01639344262295082,0.0,0.9836065573770492,4.0,0.0,1.0,0.0
no_cross_zone,4,5,18000.0,127.0,0.03937007874015748,0.031496062992125984,0.007874015748031496,0.9921259842519685,0.03937007874015748,0.007874015748031496,0.984251968503937,3.0,1.0,1.0,0.0
no_cross_zone,4,6,21600.0,214.0,0.07476635514018691,0.03271028037383177,0.04205607476635514,0.9906542056074766,0.04672897196261682,0.018691588785046728,0.9906542056074766,7.0,0.0,9.0,0.0
no_cross_zone,4,7,25200.0,264.0,0.07954545454545454,0.045454545454545456,0.03409090909090909,0.9810606060606061,0.11363636363636363,0.01893939393939394,0.928030303030303,12.0,0.0,8.0,0.0
no_cross_zone,4,8,28800.0,316.0,0.07911392405063292,0.0379746835443038,0.04113924050632911,0.9841772151898734,0.17088607594936708,0.03164556962025317,0.8860759493670886,11.0,1.0,13.0,0.0
no_cross_zone,4,9,32400.0,321.0,0.12149532710280374,0.04361370716510903,0.0778816199376947,0.9875389408099688,0.20249221183800623,0.06853582554517133,0.8909657320872274,14.0,0.0,25.0,0.0
no_cross_zone,4,10,36000.0,301.0,0.10631229235880399,0.026578073089700997,0.07973421926910298,0.9933554817275747,0.26578073089701,0.06976744186046512,0.8803986710963455,7.0,1.0,24.0,0.0
no_cross_zone,4,11,39600.0,328.0,0.125,0.0701219512195122,0.054878048780487805,0.9695121951219512,0.32926829268292684,0.042682926829268296,0.823170731707317,20.0,3.0,18.0,0.0
no_cross_zone,4,12,43200.0,334.0,0.11676646706586827,0.05089820359281437,0.0658682634730539,0.9550898203592815,0.38023952095808383,0.04491017964071856,0.7844311377245509,17.0,0.0,22.0,0.0
no_cross_zone,4,13,46800.0,331.0,0.1027190332326284,0.03927492447129909,0.0634441087613293,0.9848942598187311,0.36555891238670696,0.045317220543806644,0.7945619335347432,13.0,0.0,21.0,0.0
no_cross_zone,4,14,50400.0,320.0,0.103125,0.01875,0.084375,0.984375,0.209375,0.065625,0.91875,6.0,0.0,27.0,0.0
no_cross_zone,4,15,54000.0,320.0,0.090625,0.04375,0.046875,0.984375,0.321875,0.040625,0.8625,14.0,0.0,15.0,0.0
no_cross_zone,4,16,57600.0,291.0,0.08934707903780069,0.05154639175257732,0.037800687285223365,0.979381443298969,0.27491408934707906,0.037800687285223365,0.8762886597938144,14.0,1.0,11.0,0.0
no_cross_zone,4,17,61200.0,308.0,0.06818181818181818,0.02922077922077922,0.03896103896103896,0.9837662337662337,0.2922077922077922,0.032467532467532464,0.8603896103896104,9.0,0.0,12.0,0.0
no_cross_zone,4,18,64800.0,326.0,0.08588957055214724,0.024539877300613498,0.06134969325153374,0.9846625766871165,0.34662576687116564,0.05828220858895705,0.8282208588957055,8.0,0.0,20.0,0.0
no_cross_zone,4,19,68400.0,320.0,0.05,0.021875,0.028125,0.9875,0.365625,0.028125,0.778125,7.0,0.0,9.0,0.0
no_cross_zone,4,20,72000.0,262.0,0.05725190839694656,0.026717557251908396,0.030534351145038167,0.9847328244274809,0.29770992366412213,0.026717557251908396,0.8396946564885496,6.0,1.0,8.0,0.0
no_cross_zone,4,21,75600.0,269.0,0.07806691449814127,0.026022304832713755,0.05204460966542751,0.9851301115241635,0.35687732342007433,0.05204460966542751,0.828996282527881,7.0,0.0,14.0,0.0
no_cross_zone,4,22,79200.0,228.0,0.06140350877192982,0.03070175438596491,0.03070175438596491,0.9824561403508771,0.22807017543859648,0.03070175438596491,0.9342105263157895,7.0,0.0,7.0,0.0
no_cross_zone,4,23,82800.0,177.0,0.03389830508474576,0.022598870056497175,0.011299435028248588,0.9943502824858758,0.14689265536723164,0.011299435028248588,0.9378531073446328,4.0,0.0,2.0,0.0
greedy_oracle,0,0,0.0,148.0,0.0,0.0,0.0,0.0,0.831081081081081,0.0,1.0,0.0,0.0,0.0,0.0
greedy_oracle,0,1,3600.0,141.0,0.0,0.0,0.0,0.0,0.8156028368794326,0.0,1.0,0.0,0.0,0.0,0.0
greedy_oracle,0,2,7200.0,107.0,0.0,0.0,0.0,0.0,0.9252336448598131,0.0,1.0,0.0,0.0,0.0,0.0
greedy_oracle,0,3,10800.0,136.0,0.0,0.0,0.0,0.0,0.8308823529411765,0.0,1.0,0.0,0.0,0.0,0.0
greedy_oracle,0,4,14400.0,105.0,0.0,0.0,0.0,0.0,0.8571428571428571,0.0,1.0,0.0,0.0,0.0,0.0
greedy_oracle,0,5,18000.0,136.0,0.0,0.0,0.0,0.0,0.9191176470588235,0.0,1.0,0.0,0.0,0.0,0.0
greedy_oracle,0,6,21600.0,221.0,0.0,0.0,0.0,0.0,0.8778280542986425,0.0,1.0,0.0,0.0,0.0,0.0
greedy_oracle,0,7,25200.0,282.0,0.0,0.0,0.0,0.0,0.8404255319148937,0.0,0.9929078014184397,0.0,0.0,0.0,0.0
greedy_oracle,0,8,28800.0,284.0,0.0,0.0,0.0,0.0,0.8345070422535211,0.0,0.9823943661971831,0.0,0.0,0.0,0.0
greedy_oracle,0,9,32400.0,320.0,0.0,0.0,0.0,0.0,0.85625,0.0,0.95625,0.0,0.0,0.0,0.0
greedy_oracle,0,10,36000.0,315.0,0.0,0.0,0.0,0.0,0.8571428571428571,0.0,0.9555555555555556,0.0,0.0,0.0,0.0
greedy_oracle,0,11,39600.0,347.0,0.0,0.0,0.0,0.0,0.9250720461095101,0.0,0.8386167146974063,0.0,0.0,0.0,0.0
greedy_oracle,0,12,43200.0,331.0,0.0,0.0,0.0,0.0,0.879154078549849,0.0,0.7854984894259819,0.0,0.0,0.0,0.0
greedy_oracle,0,13,46800.0,320.0,0.0,0.0,0.0,0.0,0.875,0.0,0.778125,0.0,0.0,0.0,0.0
greedy_oracle,0,14,50400.0,310.0,0.0,0.0,0.0,0.0,0.8483870967741935,0.0,0.8096774193548387,0.0,0.0,0.0,0.0
greedy_oracle,0,15,54000.0,332.0,0.0,0.0,0.0,0.0,0.9036144578313253,0.0,0.7228915662650602,0.0,0.0,0.0,0.0
greedy_oracle,0,16,57600.0,310.0,0.0,0.0,0.0,0.0,0.8806451612903226,0.0,0.7032258064516129,0.0,0.0,0.0,0.0
greedy_oracle,0,17,61200.0,319.0,0.0,0.0,0.0,0.0,0.9028213166144201,0.0,0.7147335423197492,0.0,0.0,0.0,0.0
greedy_oracle,0,18,64800.0,284.0,0.0,0.0,0.0,0.0,0.9119718309859155,0.0,0.7922535211267606,0.0,0.0,0.0,0.0
greedy_oracle,0,19,68400.0,293.0,0.0,0.0,0.0,0.0,0.8805460750853242,0.0,0.7986348122866894,0.0,0.0,0.0,0.0
greedy_oracle,0,20,72000.0,278.0,0.0,0.0,0.0,0.0,0.8776978417266187,0.0,0.8057553956834532,0.0,0.0,0.0,0.0
greedy_oracle,0,21,75600.0,256.0,0.0,0.0,0.0,0.0,0.8671875,0.0,0.83203125,0.0,0.0,0.0,0.0
greedy_oracle,0,22,79200.0,248.0,0.0,0.0,0.0,0.0,0.8669354838709677,0.0,0.8145161290322581,0.0,0.0,0.0,0.0
greedy_oracle,0,23,82800.0,177.0,0.0,0.0,0.0,0.0,0.847457627118644,0.0,0.8135593220338984,0.0,0.0,0.0,0.0
greedy_oracle,1,0,0.0,180.0,0.0,0.0,0.0,0.0,0.9055555555555556,0.0,1.0,0.0,0.0,0.0,0.0
greedy_oracle,1,1,3600.0,139.0,0.0,0.0,0.0,0.0,0.8489208633093526,0.0,1.0,0.0,0.0,0.0,0.0
greedy_oracle,1,2,7200.0,111.0,0.0,0.0,0.0,0.0,0.8378378378378378,0.0,1.0,0.0,0.0,0.0,0.0
greedy_oracle,1,3,10800.0,109.0,0.0,0.0,0.0,0.0,0.8440366972477065,0.0,1.0,0.0,0.0,0.0,0.0
greedy_oracle,1,4,14400.0,95.0,0.0,0.0,0.0,0.0,0.8421052631578947,0.0,1.0,0.0,0.0,0.0,0.0
greedy_oracle,1,5,18000.0,114.0,0.0,0.0,0.0,0.0,0.8333333333333334,0.0,1.0,0.0,0.0,0.0,0.0
greedy_oracle,1,6,21600.0,207.0,0.0,0.0,0.0,0.0,0.893719806763285,0.0,1.0,0.0,0.0,0.0,0.0
greedy_oracle,1,7,25200.0,269.0,0.0,0.0,0.0,0.0,0.8550185873605948,0.0,0.9962825278810409,0.0,0.0,0.0,0.0
greedy_oracle,1,8,28800.0,288.0,0.0,0.0,0.0,0.0,0.8541666666666666,0.0,0.9861111111111112,0.0,0.0,0.0,0.0
greedy_oracle,1,9,32400.0,308.0,0.0,0.0,0.0,0.0,0.8766233766233766,0.0,0.9935064935064936,0.0,0.0,0.0,0.0
greedy_oracle,1,10,36000.0,328.0,0.0,0.0,0.0,0.0,0.8597560975609756,0.0,0.9329268292682927,0.0,0.0,0.0,0.0
greedy_oracle,1,11,39600.0,345.0,0.0,0.0,0.0,0.0,0.8666666666666667,0.0,0.8405797101449275,0.0,0.0,0.0,0.0
greedy_oracle,1,12,43200.0,336.0,0.0,0.0,0.0,0.0,0.8988095238095238,0.0,0.7738095238095238,0.0,0.0,0.0,0.0
greedy_oracle,1,13,46800.0,338.0,0.0,0.0,0.0,0.0,0.9201183431952663,0.0,0.7396449704142012,0.0,0.0,0.0,0.0
greedy_oracle,1,14,50400.0,316.0,0.0,0.0,0.0,0.0,0.9082278481012658,0.0,0.6708860759493671,0.0,0.0,0.0,0.0
greedy_oracle,1,15,54000.0,352.0,0.0,0.0,0.0,0.0,0.9289772727272727,0.0,0.6363636363636364,0.0,0.0,0.0,0.0
greedy_oracle,1,16,57600.0,352.0,0.0,0.0,0.0,0.0,0.8948863636363636,0.0,0.6988636363636364,0.0,0.0,0.0,0.0
greedy_oracle,1,17,61200.0,292.0,0.0,0.0,0.0,0.0,0.8561643835616438,0.0,0.726027397260274,0.0,0.0,0.0,0.0
greedy_oracle,1,18,64800.0,273.0,0.0,0.0,0.0,0.0,0.9047619047619048,0.0,0.7619047619047619,0.0,0.0,0.0,0.0
greedy_oracle,1,19,68400.0,290.0,0.0,0.0,0.0,0.0,0.8724137931034482,0.0,0.7724137931034483,0.0,0.0,0.0,0.0
greedy_oracle,1,20,72000.0,284.0,0.0,0.0,0.0,0.0,0.9049295774647887,0.0,0.795774647887324,0.0,0.0,0.0,0.0
greedy_oracle,1,21,75600.0,272.0,0.0,0.0,0.0,0.0,0.8860294117647058,0.0,0.8308823529411765,0.0,0.0,0.0,0.0
greedy_oracle,1,22,79200.0,219.0,0.0,0.0,0.0,0.0,0.8904109589041096,0.0,0.867579908675799,0.0,0.0,0.0,0.0
greedy_oracle,1,23,82800.0,183.0,0.0,0.0,0.0,0.0,0.8961748633879781,0.0,0.912568306010929,0.0,0.0,0.0,0.0
greedy_oracle,2,0,0.0,179.0,0.0,0.0,0.0,0.0,0.8491620111731844,0.0,1.0,0.0,0.0,0.0,0.0
greedy_oracle,2,1,3600.0,126.0,0.0,0.0,0.0,0.0,0.8253968253968254,0.0,1.0,0.0,0.0,0.0,0.0
greedy_oracle,2,2,7200.0,127.0,0.0,0.0,0.0,0.0,0.84251968503937,0.0,1.0,0.0,0.0,0.0,0.0
greedy_oracle,2,3,10800.0,102.0,0.0,0.0,0.0,0.0,0.8921568627450981,0.0,1.0,0.0,0.0,0.0,0.0
greedy_oracle,2,4,14400.0,104.0,0.0,0.0,0.0,0.0,0.8461538461538461,0.0,1.0,0.0,0.0,0.0,0.0
greedy_oracle,2,5,18000.0,134.0,0.0,0.0,0.0,0.0,0.7686567164179104,0.0,1.0,0.0,0.0,0.0,0.0
greedy_oracle,2,6,21600.0,213.0,0.0,0.0,0.0,0.0,0.8450704225352113,0.0,1.0,0.0,0.0,0.0,0.0
greedy_oracle,2,7,25200.0,283.0,0.0,0.0,0.0,0.0,0.8692579505300353,0.0,0.9964664310954063,0.0,0.0,0.0,0.0
greedy_oracle,2,8,28800.0,296.0,0.0,0.0,0.0,0.0,0.8918918918918919,0.0,0.9932432432432432,0.0,0.0,0.0,0.0
greedy_oracle,2,9,32400.0,301.0,0.0,0.0,0.0,0.0,0.840531561461794,0.0,0.9667774086378738,0.0,0.0,0.0,0.0
greedy_oracle,2,10,36000.0,323.0,0.0,0.0,0.0,0.0,0.8668730650154799,0.0,0.8328173374613003,0.0,0.0,0.0,0.0
greedy_oracle,2,11,39600.0,337.0,0.0,0.0,0.0,0.0,0.8902077151335311,0.0,0.7863501483679525,0.0,0.0,0.0,0.0
greedy_oracle,2,12,43200.0,362.0,0.0,0.0,0.0,0.0,0.8812154696132597,0.0,0.6685082872928176,0.0,0.0,0.0,0.0
greedy_oracle,2,13,46800.0,301.0,0.0,0.0,0.0,0.0,0.840531561461794,0.0,0.7906976744186046,0.0,0.0,0.0,0.0
greedy_oracle,2,14,50400.0,322.0,0.0,0.0,0.0,0.0,0.8881987577639752,0.0,0.7049689440993789,0.0,0.0,0.0,0.0
greedy_oracle,2,15,54000.0,327.0,0.0,0.0,0.0,0.0,0.8470948012232415,0.0,0.8042813455657493,0.0,0.0,0.0,0.0
greedy_oracle,2,16,57600.0,311.0,0.0,0.0,0.0,0.0,0.9131832797427653,0.0,0.7845659163987139,0.0,0.0,0.0,0.0
greedy_oracle,2,17,61200.0,316.0,0.0,0.0,0.0,0.0,0.8924050632911392,0.0,0.8037974683544303,0.0,0.0,0.0,0.0
greedy_oracle,2,18,64800.0,306.0,0.0,0.0,0.0,0.0,0.8954248366013072,0.0,0.7875816993464052,0.0,0.0,0.0,0.0
greedy_oracle,2,19,68400.0,291.0,0.0,0.0,0.0,0.0,0.9037800687285223,0.0,0.7903780068728522,0.0,0.0,0.0,0.0
greedy_oracle,2,20,72000.0,258.0,0.0,0.0,0.0,0.0,0.9341085271317829,0.0,0.7558139534883721,0.0,0.0,0.0,0.0
greedy_oracle,2,21,75600.0,259.0,0.0,0.0,0.0,0.0,0.8957528957528957,0.0,0.752895752895753,0.0,0.0,0.0,0.0
greedy_oracle,2,22,79200.0,220.0,0.0,0.0,0.0,0.0,0.9272727272727272,0.0,0.7727272727272727,0.0,0.0,0.0,0.0
greedy_oracle,2,23,82800.0,202.0,0.0,0.0,0.0,0.0,0.9207920792079208,0.0,0.8118811881188119,0.0,0.0,0.0,0.0
greedy_oracle,3,0,0.0,141.0,0.0,0.0,0.0,0.0,0.7943262411347518,0.0,1.0,0.0,0.0,0.0,0.0
greedy_oracle,3,1,3600.0,130.0,0.0,0.0,0.0,0.0,0.8692307692307693,0.0,1.0,0.0,0.0,0.0,0.0
greedy_oracle,3,2,7200.0,130.0,0.0,0.0,0.0,0.0,0.8923076923076924,0.0,1.0,0.0,0.0,0.0,0.0
greedy_oracle,3,3,10800.0,117.0,0.0,0.0,0.0,0.0,0.7777777777777778,0.0,1.0,0.0,0.0,0.0,0.0
greedy_oracle,3,4,14400.0,112.0,0.0,0.0,0.0,0.0,0.8125,0.0,1.0,0.0,0.0,0.0,0.0
greedy_oracle,3,5,18000.0,133.0,0.0,0.0,0.0,0.0,0.8947368421052632,0.0,1.0,0.0,0.0,0.0,0.0
greedy_oracle,3,6,21600.0,216.0,0.0,0.0,0.0,0.0,0.8657407407407407,0.0,0.9953703703703703,0.0,0.0,0.0,0.0
greedy_oracle,3,7,25200.0,264.0,0.0,0.0,0.0,0.0,0.8787878787878788,0.0,0.9924242424242424,0.0,0.0,0.0,0.0
greedy_oracle,3,8,28800.0,335.0,0.0,0.0,0.0,0.0,0.8805970149253731,0.0,0.9552238805970149,0.0,0.0,0.0,0.0
greedy_oracle,3,9,32400.0,345.0,0.0,0.0,0.0,0.0,0.8173913043478261,0.0,0.8724637681159421,0.0,0.0,0.0,0.0
greedy_oracle,3,10,36000.0,312.0,0.0,0.0,0.0,0.0,0.8846153846153846,0.0,0.8589743589743589,0.0,0.0,0.0,0.0
greedy_oracle,3,11,39600.0,300.0,0.0,0.0,0.0,0.0,0.8866666666666667,0.0,0.75,0.0,0.0,0.0,0.0
greedy_oracle,3,12,43200.0,326.0,0.0,0.0,0.0,0.0,0.8895705521472392,0.0,0.7668711656441718,0.0,0.0,0.0,0.0
greedy_oracle,3,13,46800.0,334.0,0.0,0.0,0.0,0.0,0.8772455089820359,0.0,0.8892215568862275,0.0,0.0,0.0,0.0
greedy_oracle,3,14,50400.0,324.0,0.0,0.0,0.0,0.0,0.8858024691358025,0.0,0.9074074074074074,0.0,0.0,0.0,0.0
greedy_oracle,3,15,54000.0,333.0,0.0,0.0,0.0,0.0,0.9009009009009009,0.0,0.8138138138138138,0.0,0.0,0.0,0.0
greedy_oracle,3,16,57600.0,338.0,0.0,0.0,0.0,0.0,0.9142011834319527,0.0,0.6094674556213018,0.0,0.0,0.0,0.0
greedy_oracle,3,17,61200.0,317.0,0.0,0.0,0.0,0.0,0.886435331230284,0.0,0.6750788643533123,0.0,0.0,0.0,0.0
greedy_oracle,3,18,64800.0,288.0,0.0,0.0,0.0,0.0,0.9027777777777778,0.0,0.75,0.0,0.0,0.0,0.0
greedy_oracle,3,19,68400.0,282.0,0.0,0.0,0.0,0.0,0.900709219858156,0.0,0.6808510638297872,0.0,0.0,0.0,0.0
greedy_oracle,3,20,72000.0,259.0,0.0,0.0,0.0,0.0,0.9305019305019305,0.0,0.61003861003861,0.0,0.0,0.0,0.0
greedy_oracle,3,21,75600.0,247.0,0.0,0.0,0.0,0.0,0.8744939271255061,0.0,0.7368421052631579,0.0,0.0,0.0,0.0
greedy_oracle,3,22,79200.0,207.0,0.0,0.0,0.0,0.0,0.9033816425120773,0.0,0.7777777777777778,0.0,0.0,0.0,0.0
greedy_oracle,3,23,82800.0,210.0,0.0,0.0,0.0,0.0,0.8809523809523809,0.0,0.861904761904762,0.0,0.0,0.0,0.0
greedy_oracle,4,0,0.0,157.0,0.0,0.0,0.0,0.0,0.8152866242038217,0.0,1.0,0.0,0.0,0.0,0.0
greedy_oracle,4,1,3600.0,129.0,0.0,0.0,0.0,0.0,0.8527131782945736,0.0,1.0,0.0,0.0,0.0,0.0
greedy_oracle,4,2,7200.0,127.0,0.0,0.0,0.0,0.0,0.8110236220472441,0.0,1.0,0.0,0.0,0.0,0.0
greedy_oracle,4,3,10800.0,108.0,0.0,0.0,0.0,0.0,0.8611111111111112,0.0,1.0,0.0,0.0,0.0,0.0
greedy_oracle,4,4,14400.0,122.0,0.0,0.0,0.0,0.0,0.8442622950819673,0.0,1.0,0.0,0.0,0.0,0.0
greedy_oracle,4,5,18000.0,127.0,0.0,0.0,0.0,0.0,0.8582677165354331,0.0,1.0,0.0,0.0,0.0,0.0
greedy_oracle,4,6,21600.0,214.0,0.0,0.0,0.0,0.0,0.883177570093458,0.0,1.0,0.0,0.0,0.0,0.0
greedy_oracle,4,7,25200.0,264.0,0.0,0.0,0.0,0.0,0.8143939393939394,0.0,1.0,0.0,0.0,0.0,0.0
greedy_oracle,4,8,28800.0,316.0,0.0,0.0,0.0,0.0,0.879746835443038,0.0,0.9873417721518988,0.0,0.0,0.0,0.0
greedy_oracle,4,9,32400.0,321.0,0.0,0.0,0.0,0.0,0.8660436137071651,0.0,0.9844236760124611,0.0,0.0,0.0,0.0
greedy_oracle,4,10,36000.0,301.0,0.0,0.0,0.0,0.0,0.8770764119601329,0.0,0.9169435215946844,0.0,0.0,0.0,0.0
greedy_oracle,4,11,39600.0,328.0,0.0,0.0,0.0,0.0,0.8414634146341463,0.0,0.899390243902439,0.0,0.0,0.0,0.0
greedy_oracle,4,12,43200.0,334.0,0.0,0.0,0.0,0.0,0.8982035928143712,0.0,0.874251497005988,0.0,0.0,0.0,0.0
greedy_oracle,4,13,46800.0,331.0,0.0,0.0,0.0,0.0,0.8670694864048338,0.0,0.8761329305135952,0.0,0.0,0.0,0.0
greedy_oracle,4,14,50400.0,320.0,0.0,0.0,0.0,0.0,0.8625,0.0,0.8625,0.0,0.0,0.0,0.0
greedy_oracle,4,15,54000.0,320.0,0.0,0.0,0.0,0.0,0.915625,0.0,0.728125,0.0,0.0,0.0,0.0
greedy_oracle,4,16,57600.0,291.0,0.0,0.0,0.0,0.0,0.8694158075601375,0.0,0.9209621993127147,0.0,0.0,0.0,0.0
greedy_oracle,4,17,61200.0,308.0,0.0,0.0,0.0,0.0,0.8701298701298701,0.0,0.8474025974025974,0.0,0.0,0.0,0.0
greedy_oracle,4,18,64800.0,326.0,0.0,0.0,0.0,0.0,0.9171779141104295,0.0,0.7760736196319018,0.0,0.0,0.0,0.0
greedy_oracle,4,19,68400.0,320.0,0.0,0.0,0.0,0.0,0.896875,0.0,0.765625,0.0,0.0,0.0,0.0
greedy_oracle,4,20,72000.0,262.0,0.0,0.0,0.0,0.0,0.851145038167939,0.0,0.8625954198473282,0.0,0.0,0.0,0.0
greedy_oracle,4,21,75600.0,269.0,0.0,0.0,0.0,0.0,0.9144981412639405,0.0,0.8178438661710037,0.0,0.0,0.0,0.0
greedy_oracle,4,22,79200.0,228.0,0.0,0.0,0.0,0.0,0.9035087719298246,0.0,0.9210526315789473,0.0,0.0,0.0,0.0
greedy_oracle,4,23,82800.0,177.0,0.0,0.0,0.0,0.0,0.8418079096045198,0.0,0.9661016949152542,0.0,0.0,0.0,0.0
rule_based,0,0,0.0,148.0,0.0,0.0,0.0,0.0,0.0,0.0,1.0,0.0,0.0,0.0,0.0
rule_based,0,1,3600.0,141.0,0.0,0.0,0.0,0.0,0.014184397163120567,0.0,0.9858156028368794,0.0,0.0,0.0,0.0
rule_based,0,2,7200.0,107.0,0.0,0.0,0.0,0.0,0.0,0.0,1.0,0.0,0.0,0.0,0.0
rule_based,0,3,10800.0,136.0,0.0,0.0,0.0,0.0,0.051470588235294115,0.0,0.9485294117647058,0.0,0.0,0.0,0.0
rule_based,0,4,14400.0,105.0,0.0,0.0,0.0,0.0,0.0380952380952381,0.0,0.9619047619047619,0.0,0.0,0.0,0.0
rule_based,0,5,18000.0,136.0,0.0,0.0,0.0,0.0,0.058823529411764705,0.0,0.9632352941176471,0.0,0.0,0.0,0.0
rule_based,0,6,21600.0,221.0,0.0,0.0,0.0,0.0,0.10407239819004525,0.0,0.9457013574660633,0.0,0.0,0.0,0.0
rule_based,0,7,25200.0,282.0,0.0,0.0,0.0,0.0,0.11702127659574468,0.0,0.9574468085106383,0.0,0.0,0.0,0.0
rule_based,0,8,28800.0,284.0,0.0,0.0,0.0,0.0,0.10915492957746478,0.0,0.9471830985915493,0.0,0.0,0.0,0.0
rule_based,0,9,32400.0,320.0,0.0,0.0,0.0,0.0,0.153125,0.0,0.934375,0.0,0.0,0.0,0.0
rule_based,0,10,36000.0,315.0,0.0,0.0,0.0,0.0,0.19365079365079366,0.0,0.9047619047619048,0.0,0.0,0.0,0.0
rule_based,0,11,39600.0,347.0,0.0,0.0,0.0,0.0,0.2420749279538905,0.0,0.8703170028818443,0.0,0.0,0.0,0.0
rule_based,0,12,43200.0,331.0,0.0,0.0,0.0,0.0,0.44410876132930516,0.0,0.6706948640483383,0.0,0.0,0.0,0.0
rule_based,0,13,46800.0,320.0,0.0,0.0,0.0,0.0,0.5375,0.0,0.640625,0.0,0.0,0.0,0.0
rule_based,0,14,50400.0,310.0,0.0,0.0,0.0,0.0,0.5096774193548387,0.0,0.6,0.0,0.0,0.0,0.0
rule_based,0,15,54000.0,332.0,0.0,0.0,0.0,0.0,0.46987951807228917,0.0,0.6024096385542169,0.0,0.0,0.0,0.0
rule_based,0,16,57600.0,310.0,0.0,0.0,0.0,0.0,0.567741935483871,0.0,0.5258064516129032,0.0,0.0,0.0,0.0
rule_based,0,17,61200.0,319.0,0.0,0.0,0.0,0.0,0.5015673981191222,0.0,0.5768025078369906,0.0,0.0,0.0,0.0
rule_based,0,18,64800.0,284.0,0.0,0.0,0.0,0.0,0.4894366197183099,0.0,0.5915492957746479,0.0,0.0,0.0,0.0
rule_based,0,19,68400.0,293.0,0.0,0.0,0.0,0.0,0.5597269624573379,0.0,0.5358361774744027,0.0,0.0,0.0,0.0
rule_based,0,20,72000.0,278.0,0.0,0.0,0.0,0.0,0.5143884892086331,0.0,0.5503597122302158,0.0,0.0,0.0,0.0
rule_based,0,21,75600.0,256.0,0.0,0.0,0.0,0.0,0.48828125,0.0,0.58203125,0.0,0.0,0.0,0.0
rule_based,0,22,79200.0,248.0,0.0,0.0,0.0,0.0,0.46774193548387094,0.0,0.5967741935483871,0.0,0.0,0.0,0.0
rule_based,0,23,82800.0,177.0,0.0,0.0,0.0,0.0,0.5706214689265536,0.0,0.5254237288135594,0.0,0.0,0.0,0.0
rule_based,1,0,0.0,180.0,0.0,0.0,0.0,0.0,0.0,0.0,1.0,0.0,0.0,0.0,0.0
rule_based,1,1,3600.0,139.0,0.0,0.0,0.0,0.0,0.02158273381294964,0.0,0.9784172661870504,0.0,0.0,0.0,0.0
rule_based,1,2,7200.0,111.0,0.0,0.0,0.0,0.0,0.02702702702702703,0.0,0.972972972972973,0.0,0.0,0.0,0.0
rule_based,1,3,10800.0,109.0,0.0,0.0,0.0,0.0,0.01834862385321101,0.0,0.981651376146789,0.0,0.0,0.0,0.0
rule_based,1,4,14400.0,95.0,0.0,0.0,0.0,0.0,0.031578947368421054,0.0,0.9789473684210527,0.0,0.0,0.0,0.0
rule_based,1,5,18000.0,114.0,0.0,0.0,0.0,0.0,0.02631578947368421,0.0,0.9736842105263158,0.0,0.0,0.0,0.0
rule_based,1,6,21600.0,207.0,0.0,0.0,0.0,0.0,0.024154589371980676,0.0,0.9806763285024155,0.0,0.0,0.0,0.0
rule_based,1,7,25200.0,269.0,0.0,0.0,0.0,0.0,0.07063197026022305,0.0,0.9553903345724907,0.0,0.0,0.0,0.0
rule_based,1,8,28800.0,288.0,0.0,0.0,0.0,0.0,0.0798611111111111,0.0,0.9652777777777778,0.0,0.0,0.0,0.0
rule_based,1,9,32400.0,308.0,0.0,0.0,0.0,0.0,0.1266233766233766,0.0,0.961038961038961,0.0,0.0,0.0,0.0
rule_based,1,10,36000.0,328.0,0.0,0.0,0.0,0.0,0.2225609756097561,0.0,0.899390243902439,0.0,0.0,0.0,0.0
rule_based,1,11,39600.0,345.0,0.0,0.0,0.0,0.0,0.4289855072463768,0.0,0.7594202898550725,0.0,0.0,0.0,0.0
rule_based,1,12,43200.0,336.0,0.0,0.0,0.0,0.0,0.5238095238095238,0.0,0.6279761904761905,0.0,0.0,0.0,0.0
rule_based,1,13,46800.0,338.0,0.0,0.0,0.0,0.0,0.5414201183431953,0.0,0.5769230769230769,0.0,0.0,0.0,0.0
rule_based,1,14,50400.0,316.0,0.0,0.0,0.0,0.0,0.569620253164557,0.0,0.5443037974683544,0.0,0.0,0.0,0.0
rule_based,1,15,54000.0,352.0,0.0,0.0,0.0,0.0,0.5823863636363636,0.0,0.48863636363636365,0.0,0.0,0.0,0.0
rule_based,1,16,57600.0,352.0,0.0,0.0,0.0,0.0,0.4744318181818182,0.0,0.5965909090909091,0.0,0.0,0.0,0.0
rule_based,1,17,61200.0,292.0,0.0,0.0,0.0,0.0,0.4794520547945205,0.0,0.6027397260273972,0.0,0.0,0.0,0.0
rule_based,1,18,64800.0,273.0,0.0,0.0,0.0,0.0,0.4945054945054945,0.0,0.5714285714285714,0.0,0.0,0.0,0.0
rule_based,1,19,68400.0,290.0,0.0,0.0,0.0,0.0,0.5275862068965518,0.0,0.5862068965517241,0.0,0.0,0.0,0.0
rule_based,1,20,72000.0,284.0,0.0,0.0,0.0,0.0,0.573943661971831,0.0,0.5211267605633803,0.0,0.0,0.0,0.0
rule_based,1,21,75600.0,272.0,0.0,0.0,0.0,0.0,0.45955882352941174,0.0,0.6213235294117647,0.0,0.0,0.0,0.0
rule_based,1,22,79200.0,219.0,0.0,0.0,0.0,0.0,0.4931506849315068,0.0,0.5753424657534246,0.0,0.0,0.0,0.0
rule_based,1,23,82800.0,183.0,0.0,0.0,0.0,0.0,0.46994535519125685,0.0,0.6065573770491803,0.0,0.0,0.0,0.0
rule_based,2,0,0.0,179.0,0.0,0.0,0.0,0.0,0.0,0.0,1.0,0.0,0.0,0.0,0.0
rule_based,2,1,3600.0,126.0,0.0,0.0,0.0,0.0,0.03968253968253968,0.0,0.9603174603174603,0.0,0.0,0.0,0.0
rule_based,2,2,7200.0,127.0,0.0,0.0,0.0,0.0,0.05511811023622047,0.0,0.9448818897637795,0.0,0.0,0.0,0.0
rule_based,2,3,10800.0,102.0,0.0,0.0,0.0,0.0,0.08823529411764706,0.0,0.9117647058823529,0.0,0.0,0.0,0.0
rule_based,2,4,14400.0,104.0,0.0,0.0,0.0,0.0,0.028846153846153848,0.0,0.9711538461538461,0.0,0.0,0.0,0.0
rule_based,2,5,18000.0,134.0,0.0,0.0,0.0,0.0,0.04477611940298507,0.0,0.9626865671641791,0.0,0.0,0.0,0.0
rule_based,2,6,21600.0,213.0,0.0,0.0,0.0,0.0,0.028169014084507043,0.0,0.971830985915493,0.0,0.0,0.0,0.0
rule_based,2,7,25200.0,283.0,0.0,0.0,0.0,0.0,0.05653710247349823,0.0,0.9717314487632509,0.0,0.0,0.0,0.0
rule_based,2,8,28800.0,296.0,0.0,0.0,0.0,0.0,0.06756756756756757,0.0,0.972972972972973,0.0,0.0,0.0,0.0
rule_based,2,9,32400.0,301.0,0.0,0.0,0.0,0.0,0.16943521594684385,0.0,0.946843853820598,0.0,0.0,0.0,0.0
rule_based,2,10,36000.0,323.0,0.0,0.0,0.0,0.0,0.29721362229102166,0.0,0.8699690402476781,0.0,0.0,0.0,0.0
rule_based,2,11,39600.0,337.0,0.0,0.0,0.0,0.0,0.4094955489614243,0.0,0.7744807121661721,0.0,0.0,0.0,0.0
rule_based,2,12,43200.0,362.0,0.0,0.0,0.0,0.0,0.5552486187845304,0.0,0.5607734806629834,0.0,0.0,0.0,0.0
rule_based,2,13,46800.0,301.0,0.0,0.0,0.0,0.0,0.4584717607973422,0.0,0.6578073089700996,0.0,0.0,0.0,0.0
rule_based,2,14,50400.0,322.0,0.0,0.0,0.0,0.0,0.515527950310559,0.0,0.593167701863354,0.0,0.0,0.0,0.0
rule_based,2,15,54000.0,327.0,0.0,0.0,0.0,0.0,0.4923547400611621,0.0,0.6146788990825688,0.0,0.0,0.0,0.0
rule_based,2,16,57600.0,311.0,0.0,0.0,0.0,0.0,0.5466237942122186,0.0,0.5241157556270096,0.0,0.0,0.0,0.0
rule_based,2,17,61200.0,316.0,0.0,0.0,0.0,0.0,0.5031645569620253,0.0,0.5886075949367089,0.0,0.0,0.0,0.0
rule_based,2,18,64800.0,306.0,0.0,0.0,0.0,0.0,0.49019607843137253,0.0,0.5686274509803921,0.0,0.0,0.0,0.0
rule_based,2,19,68400.0,291.0,0.0,0.0,0.0,0.0,0.5051546391752577,0.0,0.5567010309278351,0.0,0.0,0.0,0.0
rule_based,2,20,72000.0,258.0,0.0,0.0,0.0,0.0,0.4883720930232558,0.0,0.5736434108527132,0.0,0.0,0.0,0.0
rule_based,2,21,75600.0,259.0,0.0,0.0,0.0,0.0,0.5482625482625483,0.0,0.5482625482625483,0.0,0.0,0.0,0.0
rule_based,2,22,79200.0,220.0,0.0,0.0,0.0,0.0,0.45,0.0,0.6,0.0,0.0,0.0,0.0
rule_based,2,23,82800.0,202.0,0.0,0.0,0.0,0.0,0.4603960396039604,0.0,0.6336633663366337,0.0,0.0,0.0,0.0
rule_based,3,0,0.0,141.0,0.0,0.0,0.0,0.0,0.0,0.0,1.0,0.0,0.0,0.0,0.0
rule_based,3,1,3600.0,130.0,0.0,0.0,0.0,0.0,0.007692307692307693,0.0,0.9923076923076923,0.0,0.0,0.0,0.0
rule_based,3,2,7200.0,130.0,0.0,0.0,0.0,0.0,0.03076923076923077,0.0,0.9692307692307692,0.0,0.0,0.0,0.0
rule_based,3,3,10800.0,117.0,0.0,0.0,0.0,0.0,0.008547008547008548,0.0,0.9914529914529915,0.0,0.0,0.0,0.0
rule_based,3,4,14400.0,112.0,0.0,0.0,0.0,0.0,0.008928571428571428,0.0,0.9910714285714286,0.0,0.0,0.0,0.0
rule_based,3,5,18000.0,133.0,0.0,0.0,0.0,0.0,0.022556390977443608,0.0,0.9774436090225563,0.0,0.0,0.0,0.0
rule_based,3,6,21600.0,216.0,0.0,0.0,0.0,0.0,0.046296296296296294,0.0,0.9768518518518519,0.0,0.0,0.0,0.0
rule_based,3,7,25200.0,264.0,0.0,0.0,0.0,0.0,0.0946969696969697,0.0,0.946969696969697,0.0,0.0,0.0,0.0
rule_based,3,8,28800.0,335.0,0.0,0.0,0.0,0.0,0.14925373134328357,0.0,0.9373134328358209,0.0,0.0,0.0,0.0
rule_based,3,9,32400.0,345.0,0.0,0.0,0.0,0.0,0.30144927536231886,0.0,0.8492753623188406,0.0,0.0,0.0,0.0
rule_based,3,10,36000.0,312.0,0.0,0.0,0.0,0.0,0.32051282051282054,0.0,0.8333333333333334,0.0,0.0,0.0,0.0
rule_based,3,11,39600.0,300.0,0.0,0.0,0.0,0.0,0.3933333333333333,0.0,0.6966666666666667,0.0,0.0,0.0,0.0
rule_based,3,12,43200.0,326.0,0.0,0.0,0.0,0.0,0.49693251533742333,0.0,0.5858895705521472,0.0,0.0,0.0,0.0
rule_based,3,13,46800.0,334.0,0.0,0.0,0.0,0.0,0.48502994011976047,0.0,0.6407185628742516,0.0,0.0,0.0,0.0
rule_based,3,14,50400.0,324.0,0.0,0.0,0.0,0.0,0.5370370370370371,0.0,0.5987654320987654,0.0,0.0,0.0,0.0
rule_based,3,15,54000.0,333.0,0.0,0.0,0.0,0.0,0.5285285285285285,0.0,0.5825825825825826,0.0,0.0,0.0,0.0
rule_based,3,16,57600.0,338.0,0.0,0.0,0.0,0.0,0.6153846153846154,0.0,0.5029585798816568,0.0,0.0,0.0,0.0
rule_based,3,17,61200.0,317.0,0.0,0.0,0.0,0.0,0.580441640378549,0.0,0.5047318611987381,0.0,0.0,0.0,0.0
rule_based,3,18,64800.0,288.0,0.0,0.0,0.0,0.0,0.4826388888888889,0.0,0.5798611111111112,0.0,0.0,0.0,0.0
rule_based,3,19,68400.0,282.0,0.0,0.0,0.0,0.0,0.5425531914893617,0.0,0.5177304964539007,0.0,0.0,0.0,0.0
rule_based,3,20,72000.0,259.0,0.0,0.0,0.0,0.0,0.5482625482625483,0.0,0.5212355212355212,0.0,0.0,0.0,0.0
rule_based,3,21,75600.0,247.0,0.0,0.0,0.0,0.0,0.48582995951417,0.0,0.5748987854251012,0.0,0.0,0.0,0.0
rule_based,3,22,79200.0,207.0,0.0,0.0,0.0,0.0,0.5024154589371981,0.0,0.5700483091787439,0.0,0.0,0.0,0.0
rule_based,3,23,82800.0,210.0,0.0,0.0,0.0,0.0,0.46190476190476193,0.0,0.6047619047619047,0.0,0.0,0.0,0.0
rule_based,4,0,0.0,157.0,0.0,0.0,0.0,0.0,0.006369426751592357,0.0,0.9936305732484076,0.0,0.0,0.0,0.0
rule_based,4,1,3600.0,129.0,0.0,0.0,0.0,0.0,0.031007751937984496,0.0,0.9689922480620154,0.0,0.0,0.0,0.0
rule_based,4,2,7200.0,127.0,0.0,0.0,0.0,0.0,0.05511811023622047,0.0,0.9448818897637795,0.0,0.0,0.0,0.0
rule_based,4,3,10800.0,108.0,0.0,0.0,0.0,0.0,0.027777777777777776,0.0,0.9722222222222222,0.0,0.0,0.0,0.0
rule_based,4,4,14400.0,122.0,0.0,0.0,0.0,0.0,0.0,0.0,1.0,0.0,0.0,0.0,0.0
rule_based,4,5,18000.0,127.0,0.0,0.0,0.0,0.0,0.023622047244094488,0.0,0.984251968503937,0.0,0.0,0.0,0.0
rule_based,4,6,21600.0,214.0,0.0,0.0,0.0,0.0,0.037383177570093455,0.0,0.985981308411215,0.0,0.0,0.0,0.0
rule_based,4,7,25200.0,264.0,0.0,0.0,0.0,0.0,0.07954545454545454,0.0,0.9621212121212122,0.0,0.0,0.0,0.0
rule_based,4,8,28800.0,316.0,0.0,0.0,0.0,0.0,0.16772151898734178,0.0,0.939873417721519,0.0,0.0,0.0,0.0
rule_based,4,9,32400.0,321.0,0.0,0.0,0.0,0.0,0.1588785046728972,0.0,0.940809968847352,0.0,0.0,0.0,0.0
rule_based,4,10,36000.0,301.0,0.0,0.0,0.0,0.0,0.24916943521594684,0.0,0.9069767441860465,0.0,0.0,0.0,0.0
rule_based,4,11,39600.0,328.0,0.0,0.0,0.0,0.0,0.4176829268292683,0.0,0.7865853658536586,0.0,0.0,0.0,0.0
rule_based,4,12,43200.0,334.0,0.0,0.0,0.0,0.0,0.49101796407185627,0.0,0.6736526946107785,0.0,0.0,0.0,0.0
rule_based,4,13,46800.0,331.0,0.0,0.0,0.0,0.0,0.5317220543806647,0.0,0.6042296072507553,0.0,0.0,0.0,0.0
rule_based,4,14,50400.0,320.0,0.0,0.0,0.0,0.0,0.378125,0.0,0.69375,0.0,0.0,0.0,0.0
rule_based,4,15,54000.0,320.0,0.0,0.0,0.0,0.0,0.546875,0.0,0.603125,0.0,0.0,0.0,0.0
rule_based,4,16,57600.0,291.0,0.0,0.0,0.0,0.0,0.4054982817869416,0.0,0.6735395189003437,0.0,0.0,0.0,0.0
rule_based,4,17,61200.0,308.0,0.0,0.0,0.0,0.0,0.42857142857142855,0.0,0.6331168831168831,0.0,0.0,0.0,0.0
rule_based,4,18,64800.0,326.0,0.0,0.0,0.0,0.0,0.4601226993865031,0.0,0.6226993865030674,0.0,0.0,0.0,0.0
rule_based,4,19,68400.0,320.0,0.0,0.0,0.0,0.0,0.55,0.0,0.559375,0.0,0.0,0.0,0.0
rule_based,4,20,72000.0,262.0,0.0,0.0,0.0,0.0,0.4389312977099237,0.0,0.6412213740458015,0.0,0.0,0.0,0.0
rule_based,4,21,75600.0,269.0,0.0,0.0,0.0,0.0,0.4312267657992565,0.0,0.6245353159851301,0.0,0.0,0.0,0.0
rule_based,4,22,79200.0,228.0,0.0,0.0,0.0,0.0,0.41228070175438597,0.0,0.6271929824561403,0.0,0.0,0.0,0.0
rule_based,4,23,82800.0,177.0,0.0,0.0,0.0,0.0,0.4124293785310734,0.0,0.6271186440677966,0.0,0.0,0.0,0.0
core,0,0,0.0,148.0,1.0,1.0,0.0,0.0,0.0,0.0,1.0,99.0,49.0,0.0,0.0
core,0,1,3600.0,141.0,1.0,1.0,0.0,0.0,0.0070921985815602835,0.0,0.9929078014184397,30.0,111.0,0.0,0.0
core,0,2,7200.0,107.0,1.0186915887850467,1.0186915887850467,0.0,0.0,0.0,0.0,1.0,12.0,97.0,0.0,0.0
core,0,3,10800.0,136.0,1.036764705882353,1.0220588235294117,0.014705882352941176,0.0,0.07352941176470588,0.03676470588235294,0.9632352941176471,23.0,116.0,2.0,0.0
core,0,4,14400.0,105.0,1.0380952380952382,1.0285714285714285,0.009523809523809525,0.0,0.047619047619047616,0.01904761904761905,0.9714285714285714,22.0,86.0,1.0,0.0
core,0,5,18000.0,136.0,1.0514705882352942,1.036764705882353,0.014705882352941176,0.0,0.08088235294117647,0.03676470588235294,0.9558823529411765,13.0,128.0,2.0,0.0
core,0,6,21600.0,221.0,1.0950226244343892,1.0723981900452488,0.02262443438914027,0.0,0.1085972850678733,0.06787330316742081,0.9592760180995475,29.0,208.0,5.0,0.0
core,0,7,25200.0,282.0,1.127659574468085,1.0886524822695036,0.03900709219858156,0.0,0.13829787234042554,0.09929078014184398,0.9609929078014184,71.0,236.0,11.0,0.0
core,0,8,28800.0,284.0,1.1408450704225352,1.0950704225352113,0.045774647887323945,0.0,0.11267605633802817,0.06690140845070422,0.954225352112676,78.0,233.0,13.0,0.0
core,0,9,32400.0,320.0,1.278125,1.184375,0.09375,0.0,0.184375,0.159375,0.975,111.0,268.0,30.0,0.0
core,0,10,36000.0,315.0,1.2571428571428571,1.1682539682539683,0.08888888888888889,0.0,0.19047619047619047,0.15555555555555556,0.9650793650793651,104.0,264.0,28.0,0.0
core,0,11,39600.0,347.0,1.3948126801152738,1.2478386167146973,0.14697406340057637,0.0,0.3515850144092219,0.2881844380403458,0.9365994236311239,150.0,283.0,51.0,0.0
core,0,12,43200.0,331.0,1.5498489425981874,1.2235649546827794,0.32628398791540786,0.0,0.513595166163142,0.4229607250755287,0.9093655589123867,157.0,248.0,108.0,0.0
core,0,13,46800.0,320.0,1.703125,1.271875,0.43125,0.0,0.625,0.5,0.875,131.0,276.0,138.0,0.0
core,0,14,50400.0,310.0,1.6483870967741936,1.1935483870967742,0.45483870967741935,0.0,0.6129032258064516,0.49032258064516127,0.8774193548387097,220.0,150.0,141.0,0.0
core,0,15,54000.0,332.0,1.6475903614457832,1.2259036144578312,0.42168674698795183,0.0,0.7439759036144579,0.5451807228915663,0.8012048192771084,266.0,141.0,140.0,0.0
core,0,16,57600.0,310.0,1.5935483870967742,1.1612903225806452,0.432258064516129,0.0,0.6870967741935484,0.4612903225806452,0.7741935483870968,162.0,198.0,134.0,0.0
core,0,17,61200.0,319.0,1.6112852664576802,1.2163009404388714,0.3949843260188088,0.0,0.6739811912225705,0.47335423197492166,0.799373040752351,181.0,207.0,126.0,0.0
core,0,18,64800.0,284.0,1.5598591549295775,1.193661971830986,0.36619718309859156,0.0,0.5809859154929577,0.44014084507042256,0.8591549295774648,138.0,201.0,104.0,0.0
core,0,19,68400.0,293.0,1.5938566552901023,1.2389078498293515,0.35494880546075086,0.0,0.5767918088737202,0.447098976109215,0.8703071672354948,155.0,208.0,104.0,0.0
core,0,20,72000.0,278.0,1.5071942446043165,1.1798561151079137,0.3273381294964029,0.0,0.5323741007194245,0.39568345323741005,0.8597122302158273,130.0,198.0,91.0,0.0
core,0,21,75600.0,256.0,1.53125,1.1875,0.34375,0.0,0.53125,0.42578125,0.89453125,110.0,194.0,88.0,0.0
core,0,22,79200.0,248.0,1.5080645161290323,1.1370967741935485,0.3709677419354839,0.0,0.5806451612903226,0.4435483870967742,0.8629032258064516,82.0,200.0,92.0,0.0
core,0,23,82800.0,177.0,1.536723163841808,1.1581920903954803,0.3785310734463277,0.0,0.5988700564971752,0.4915254237288136,0.8926553672316384,59.0,146.0,67.0,0.0
core,1,0,0.0,180.0,1.011111111111111,1.0,0.011111111111111112,0.0,0.0,0.0,1.0,102.0,78.0,2.0,0.0
core,1,1,3600.0,139.0,1.0287769784172662,1.0,0.02877697841726619,0.0,0.02158273381294964,0.02158273381294964,1.0,37.0,102.0,4.0,0.0
core,1,2,7200.0,111.0,1.045045045045045,1.018018018018018,0.02702702702702703,0.0,0.036036036036036036,0.018018018018018018,0.9819819819819819,11.0,102.0,3.0,0.0
core,1,3,10800.0,109.0,1.0458715596330275,1.0275229357798166,0.01834862385321101,0.0,0.027522935779816515,0.01834862385321101,0.9908256880733946,23.0,89.0,2.0,0.0
core,1,4,14400.0,95.0,1.0315789473684212,1.0210526315789474,0.010526315789473684,0.0,0.031578947368421054,0.010526315789473684,0.9789473684210527,13.0,84.0,1.0,0.0
core,1,5,18000.0,114.0,1.0263157894736843,1.0087719298245614,0.017543859649122806,0.0,0.03508771929824561,0.017543859649122806,0.9824561403508771,10.0,105.0,2.0,0.0
core,1,6,21600.0,207.0,1.0483091787439613,1.0241545893719808,0.024154589371980676,0.0,0.03864734299516908,0.028985507246376812,0.9903381642512077,19.0,193.0,5.0,0.0
core,1,7,25200.0,269.0,1.1226765799256506,1.0743494423791822,0.048327137546468404,0.0,0.09293680297397769,0.07063197026022305,0.9776951672862454,64.0,225.0,13.0,0.0
core,1,8,28800.0,288.0,1.1006944444444444,1.0694444444444444,0.03125,0.0,0.07291666666666667,0.04861111111111111,0.9756944444444444,67.0,241.0,9.0,0.0
core,1,9,32400.0,308.0,1.275974025974026,1.1883116883116882,0.08766233766233766,0.0,0.15584415584415584,0.1461038961038961,0.9902597402597403,116.0,250.0,27.0,0.0
core,1,10,36000.0,328.0,1.3445121951219512,1.2164634146341464,0.12804878048780488,0.0,0.25609756097560976,0.23170731707317074,0.975609756097561,119.0,280.0,42.0,0.0
core,1,11,39600.0,345.0,1.6202898550724638,1.2434782608695651,0.37681159420289856,0.0,0.5478260869565217,0.45217391304347826,0.9043478260869565,153.0,276.0,130.0,0.0
core,1,12,43200.0,336.0,1.619047619047619,1.2410714285714286,0.37797619047619047,0.0,0.6071428571428571,0.49404761904761907,0.8869047619047619,141.0,276.0,127.0,0.0
core,1,13,46800.0,338.0,1.7041420118343196,1.2514792899408285,0.4526627218934911,0.0,0.6597633136094675,0.514792899408284,0.8550295857988166,133.0,290.0,153.0,0.0
core,1,14,50400.0,316.0,1.6075949367088607,1.2278481012658229,0.379746835443038,0.0,0.6740506329113924,0.5158227848101266,0.8417721518987342,230.0,158.0,120.0,0.0
core,1,15,54000.0,352.0,1.5511363636363635,1.1761363636363635,0.375,0.0,0.6704545454545454,0.4460227272727273,0.7755681818181818,245.0,169.0,132.0,0.0
core,1,16,57600.0,352.0,1.6534090909090908,1.2272727272727273,0.42613636363636365,0.0,0.7045454545454546,0.5142045454545454,0.8096590909090909,231.0,201.0,150.0,0.0
core,1,17,61200.0,292.0,1.606164383561644,1.1952054794520548,0.410958904109589,0.0,0.684931506849315,0.5136986301369864,0.8287671232876712,155.0,194.0,120.0,0.0
core,1,18,64800.0,273.0,1.4395604395604396,1.1794871794871795,0.2600732600732601,0.0,0.47985347985347987,0.3553113553113553,0.8754578754578755,134.0,188.0,71.0,0.0
core,1,19,68400.0,290.0,1.6241379310344828,1.2551724137931035,0.3689655172413793,0.0,0.5793103448275863,0.45517241379310347,0.8758620689655172,143.0,221.0,107.0,0.0
core,1,20,72000.0,284.0,1.6161971830985915,1.1866197183098592,0.4295774647887324,0.0,0.5809859154929577,0.5035211267605634,0.9225352112676056,123.0,214.0,122.0,0.0
core,1,21,75600.0,272.0,1.4669117647058822,1.2095588235294117,0.25735294117647056,0.0,0.46691176470588236,0.38235294117647056,0.9154411764705882,124.0,205.0,70.0,0.0
core,1,22,79200.0,219.0,1.4840182648401827,1.1232876712328768,0.3607305936073059,0.0,0.502283105022831,0.4292237442922374,0.9269406392694064,69.0,177.0,79.0,0.0
core,1,23,82800.0,183.0,1.3879781420765027,1.1366120218579234,0.25136612021857924,0.0,0.40437158469945356,0.34972677595628415,0.9453551912568307,57.0,151.0,46.0,0.0
core,2,0,0.0,179.0,1.0223463687150838,1.0167597765363128,0.00558659217877095,0.0,0.0,0.0,1.0,103.0,79.0,1.0,0.0
core,2,1,3600.0,126.0,1.0396825396825398,1.007936507936508,0.031746031746031744,0.0,0.047619047619047616,0.031746031746031744,0.9841269841269841,29.0,98.0,4.0,0.0
core,2,2,7200.0,127.0,1.0393700787401574,1.0078740157480315,0.031496062992125984,0.0,0.07874015748031496,0.03937007874015748,0.9606299212598425,16.0,112.0,4.0,0.0
core,2,3,10800.0,102.0,1.0686274509803921,1.0490196078431373,0.0196078431372549,0.0,0.11764705882352941,0.06862745098039216,0.9509803921568627,29.0,78.0,2.0,0.0
core,2,4,14400.0,104.0,1.0769230769230769,1.0576923076923077,0.019230769230769232,0.0,0.0673076923076923,0.038461538461538464,0.9711538461538461,19.0,91.0,2.0,0.0
core,2,5,18000.0,134.0,1.0671641791044777,1.0522388059701493,0.014925373134328358,0.0,0.06716417910447761,0.03731343283582089,0.9701492537313433,16.0,125.0,2.0,0.0
core,2,6,21600.0,213.0,1.0469483568075117,1.028169014084507,0.018779342723004695,0.0,0.06103286384976526,0.028169014084507043,0.9671361502347418,22.0,197.0,4.0,0.0
core,2,7,25200.0,283.0,1.1095406360424027,1.0742049469964665,0.0353356890459364,0.0,0.0812720848056537,0.0636042402826855,0.9823321554770318,59.0,245.0,10.0,0.0
core,2,8,28800.0,296.0,1.1283783783783783,1.0844594594594594,0.04391891891891892,0.0,0.10810810810810811,0.08108108108108109,0.972972972972973,74.0,247.0,13.0,0.0
core,2,9,32400.0,301.0,1.2990033222591362,1.212624584717608,0.08637873754152824,0.0,0.22591362126245848,0.19601328903654486,0.9700996677740864,117.0,248.0,26.0,0.0
core,2,10,36000.0,323.0,1.4458204334365325,1.2538699690402477,0.19195046439628483,0.0,0.3219814241486068,0.25696594427244585,0.934984520123839,126.0,279.0,62.0,0.0
core,2,11,39600.0,337.0,1.6528189910979227,1.2166172106824926,0.4362017804154303,0.0,0.599406528189911,0.5252225519287834,0.9258160237388724,138.0,272.0,147.0,0.0
core,2,12,43200.0,362.0,1.6795580110497237,1.212707182320442,0.46685082872928174,0.0,0.643646408839779,0.5138121546961326,0.8701657458563536,162.0,277.0,169.0,0.0
core,2,13,46800.0,301.0,1.6744186046511629,1.2425249169435215,0.4318936877076412,0.0,0.6013289036544851,0.5016611295681063,0.9003322259136213,113.0,261.0,130.0,0.0
core,2,14,50400.0,322.0,1.5993788819875776,1.2453416149068324,0.35403726708074534,0.0,0.6708074534161491,0.4968944099378882,0.8260869565217391,246.0,155.0,114.0,0.0
core,2,15,54000.0,327.0,1.5749235474006116,1.269113149847095,0.3058103975535168,0.0,0.5657492354740061,0.43730886850152906,0.8685015290519877,269.0,146.0,100.0,0.0
core,2,16,57600.0,311.0,1.594855305466238,1.2090032154340835,0.3858520900321543,0.0,0.6141479099678456,0.4630225080385852,0.8488745980707395,179.0,197.0,120.0,0.0
core,2,17,61200.0,316.0,1.5917721518987342,1.2373417721518987,0.35443037974683544,0.0,0.6424050632911392,0.49050632911392406,0.8481012658227848,190.0,201.0,112.0,0.0
core,2,18,64800.0,306.0,1.5294117647058822,1.1928104575163399,0.3366013071895425,0.0,0.6013071895424836,0.4215686274509804,0.8202614379084967,148.0,217.0,103.0,0.0
core,2,19,68400.0,291.0,1.5120274914089347,1.175257731958763,0.33676975945017185,0.0,0.5326460481099656,0.3951890034364261,0.8625429553264605,137.0,205.0,98.0,0.0
core,2,20,72000.0,258.0,1.554263565891473,1.182170542635659,0.37209302325581395,0.0,0.6162790697674418,0.46511627906976744,0.8488372093023255,112.0,193.0,96.0,0.0
core,2,21,75600.0,259.0,1.5675675675675675,1.1814671814671815,0.3861003861003861,0.0,0.61003861003861,0.4555984555984556,0.8455598455598455,112.0,194.0,100.0,0.0
core,2,22,79200.0,220.0,1.6227272727272728,1.2227272727272727,0.4,0.0,0.6090909090909091,0.5,0.8863636363636364,107.0,162.0,88.0,0.0
core,2,23,82800.0,202.0,1.5445544554455446,1.183168316831683,0.3613861386138614,0.0,0.594059405940594,0.48514851485148514,0.8861386138613861,81.0,158.0,73.0,0.0
core,3,0,0.0,141.0,1.0283687943262412,1.0,0.028368794326241134,0.0,0.0,0.0,1.0,90.0,51.0,4.0,0.0
core,3,1,3600.0,130.0,1.0,1.0,0.0,0.0,0.007692307692307693,0.0,0.9923076923076923,36.0,94.0,0.0,0.0
core,3,2,7200.0,130.0,1.023076923076923,1.0,0.023076923076923078,0.0,0.038461538461538464,0.023076923076923078,0.9846153846153847,20.0,110.0,3.0,0.0
core,3,3,10800.0,117.0,1.0256410256410255,1.017094017094017,0.008547008547008548,0.0,0.017094017094017096,0.008547008547008548,0.9914529914529915,22.0,97.0,1.0,0.0
core,3,4,14400.0,112.0,1.0267857142857142,1.0267857142857142,0.0,0.0,0.017857142857142856,0.008928571428571428,0.9910714285714286,14.0,101.0,0.0,0.0
core,3,5,18000.0,133.0,1.0977443609022557,1.0526315789473684,0.045112781954887216,0.0,0.045112781954887216,0.045112781954887216,1.0,17.0,123.0,6.0,0.0
core,3,6,21600.0,216.0,1.1064814814814814,1.0787037037037037,0.027777777777777776,0.0,0.10185185185185185,0.06944444444444445,0.9675925925925926,36.0,197.0,6.0,0.0
core,3,7,25200.0,264.0,1.1893939393939394,1.1363636363636365,0.05303030303030303,0.0,0.10606060606060606,0.07196969696969698,0.9659090909090909,71.0,229.0,14.0,0.0
core,3,8,28800.0,335.0,1.31044776119403,1.1940298507462686,0.11641791044776119,0.0,0.2298507462686567,0.20597014925373133,0.9761194029850746,123.0,277.0,39.0,0.0
core,3,9,32400.0,345.0,1.617391304347826,1.3043478260869565,0.3130434782608696,0.0,0.4492753623188406,0.40869565217391307,0.9594202898550724,154.0,296.0,108.0,0.0
core,3,10,36000.0,312.0,1.6826923076923077,1.2692307692307692,0.41346153846153844,0.0,0.5544871794871795,0.5064102564102564,0.9519230769230769,129.0,267.0,129.0,0.0
core,3,11,39600.0,300.0,1.6233333333333333,1.2166666666666666,0.4066666666666667,0.0,0.5833333333333334,0.45,0.8666666666666667,132.0,233.0,122.0,0.0
core,3,12,43200.0,326.0,1.6042944785276074,1.2239263803680982,0.3803680981595092,0.0,0.6073619631901841,0.4601226993865031,0.852760736196319,159.0,240.0,124.0,0.0
core,3,13,46800.0,334.0,1.6706586826347305,1.311377245508982,0.3592814371257485,0.0,0.5359281437125748,0.4550898203592814,0.9191616766467066,156.0,282.0,120.0,0.0
core,3,14,50400.0,324.0,1.5648148148148149,1.3024691358024691,0.2623456790123457,0.0,0.5123456790123457,0.43209876543209874,0.9197530864197531,269.0,153.0,85.0,0.0
core,3,15,54000.0,333.0,1.5885885885885886,1.2312312312312312,0.35735735735735735,0.0,0.5585585585585585,0.4114114114114114,0.8528528528528528,247.0,163.0,119.0,0.0
core,3,16,57600.0,338.0,1.6952662721893492,1.21301775147929,0.4822485207100592,0.0,0.6982248520710059,0.5029585798816568,0.8047337278106509,214.0,196.0,163.0,0.0
core,3,17,61200.0,317.0,1.77602523659306,1.2586750788643533,0.5173501577287066,0.0,0.750788643533123,0.5709779179810726,0.8201892744479495,192.0,207.0,164.0,0.0
core,3,18,64800.0,288.0,1.6180555555555556,1.2430555555555556,0.375,0.0,0.6631944444444444,0.4930555555555556,0.8298611111111112,155.0,203.0,108.0,0.0
core,3,19,68400.0,282.0,1.4929078014184398,1.1524822695035462,0.3404255319148936,0.0,0.6312056737588653,0.4078014184397163,0.776595744680851,124.0,201.0,96.0,0.0
core,3,20,72000.0,259.0,1.4787644787644787,1.162162162162162,0.3166023166023166,0.0,0.6061776061776062,0.41312741312741313,0.806949806949807,108.0,193.0,82.0,0.0
core,3,21,75600.0,247.0,1.5182186234817814,1.222672064777328,0.29554655870445345,0.0,0.5668016194331984,0.44534412955465585,0.8785425101214575,121.0,181.0,73.0,0.0
core,3,22,79200.0,207.0,1.4396135265700483,1.173913043478261,0.26570048309178745,0.0,0.4444444444444444,0.357487922705314,0.9130434782608695,76.0,167.0,55.0,0.0
core,3,23,82800.0,210.0,1.5142857142857142,1.223809523809524,0.2904761904761905,0.0,0.5,0.4,0.9,85.0,172.0,61.0,0.0
core,4,0,0.0,157.0,1.019108280254777,1.0127388535031847,0.006369426751592357,0.0,0.006369426751592357,0.0,0.9936305732484076,102.0,57.0,1.0,0.0
core,4,1,3600.0,129.0,1.0232558139534884,1.0155038759689923,0.007751937984496124,0.0,0.015503875968992248,0.015503875968992248,1.0,32.0,99.0,1.0,0.0
core,4,2,7200.0,127.0,1.0236220472440944,1.0,0.023622047244094488,0.0,0.06299212598425197,0.007874015748031496,0.9448818897637795,15.0,112.0,3.0,0.0
core,4,3,10800.0,108.0,1.0185185185185186,1.0185185185185186,0.0,0.0,0.046296296296296294,0.009259259259259259,0.9629629629629629,17.0,93.0,0.0,0.0
core,4,4,14400.0,122.0,1.0491803278688525,1.0163934426229508,0.03278688524590164,0.0,0.00819672131147541,0.0,0.9918032786885246,18.0,106.0,4.0,0.0
core,4,5,18000.0,127.0,1.094488188976378,1.062992125984252,0.031496062992125984,0.0,0.06299212598425197,0.047244094488188976,0.984251968503937,19.0,116.0,4.0,0.0
core,4,6,21600.0,214.0,1.0794392523364487,1.0514018691588785,0.028037383177570093,0.0,0.04672897196261682,0.037383177570093455,0.9906542056074766,36.0,189.0,6.0,0.0
core,4,7,25200.0,264.0,1.1174242424242424,1.0984848484848484,0.01893939393939394,0.0,0.0946969696969697,0.06060606060606061,0.9659090909090909,56.0,234.0,5.0,0.0
core,4,8,28800.0,316.0,1.1930379746835442,1.1613924050632911,0.03164556962025317,0.0,0.16455696202531644,0.12341772151898735,0.9588607594936709,102.0,265.0,10.0,0.0
core,4,9,32400.0,321.0,1.2834890965732086,1.2024922118380061,0.08099688473520249,0.0,0.2523364485981308,0.19937694704049844,0.9470404984423676,114.0,272.0,26.0,0.0
core,4,10,36000.0,301.0,1.5614617940199336,1.2956810631229236,0.26578073089701,0.0,0.3654485049833887,0.34551495016611294,0.9800664451827242,130.0,260.0,80.0,0.0
core,4,11,39600.0,328.0,1.6646341463414633,1.3079268292682926,0.3567073170731707,0.0,0.5426829268292683,0.46646341463414637,0.9237804878048781,170.0,259.0,117.0,0.0
core,4,12,43200.0,334.0,1.655688622754491,1.3083832335329342,0.3473053892215569,0.0,0.592814371257485,0.5,0.907185628742515,177.0,260.0,116.0,0.0
core,4,13,46800.0,331.0,1.649546827794562,1.353474320241692,0.29607250755287007,0.0,0.6283987915407855,0.48338368580060426,0.8549848942598187,167.0,281.0,98.0,0.0
core,4,14,50400.0,320.0,1.559375,1.2125,0.346875,0.0,0.475,0.40625,0.93125,221.0,167.0,111.0,0.0
core,4,15,54000.0,320.0,1.646875,1.2625,0.384375,0.0,0.634375,0.503125,0.86875,255.0,149.0,123.0,0.0
core,4,16,57600.0,291.0,1.4536082474226804,1.1855670103092784,0.26804123711340205,0.0,0.40893470790378006,0.35738831615120276,0.9484536082474226,190.0,155.0,78.0,0.0
core,4,17,61200.0,308.0,1.3506493506493507,1.1493506493506493,0.2012987012987013,0.0,0.35064935064935066,0.2694805194805195,0.9188311688311688,151.0,203.0,62.0,0.0
core,4,18,64800.0,326.0,1.5061349693251533,1.1840490797546013,0.3220858895705521,0.0,0.5337423312883436,0.401840490797546,0.8680981595092024,172.0,214.0,105.0,0.0
core,4,19,68400.0,320.0,1.5375,1.18125,0.35625,0.0,0.54375,0.41875,0.875,143.0,235.0,114.0,0.0
core,4,20,72000.0,262.0,1.4961832061068703,1.2290076335877862,0.26717557251908397,0.0,0.48091603053435117,0.40458015267175573,0.9236641221374046,133.0,189.0,70.0,0.0
core,4,21,75600.0,269.0,1.5762081784386617,1.1672862453531598,0.40892193308550184,0.0,0.5464684014869888,0.4758364312267658,0.929368029739777,113.0,201.0,110.0,0.0
core,4,22,79200.0,228.0,1.3245614035087718,1.1666666666666667,0.15789473684210525,0.0,0.34210526315789475,0.2894736842105263,0.9473684210526315,95.0,171.0,36.0,0.0
core,4,23,82800.0,177.0,1.192090395480226,1.0847457627118644,0.10734463276836158,0.0,0.2033898305084746,0.1807909604519774,0.9774011299435028,44.0,148.0,19.0,0.0
